region_code,year,metric_id,value,real_value,value_per_capita,real_value_per_capita
1700,2010,1,200951.0,,0.007176462605441156,
1700,2011,1,214084.0,,0.007350927432923354,
1700,2012,1,228736.0,,0.007739228702707458,
1700,2013,1,229177.0,,0.007640888859252838,
1700,2014,1,241201.0,,0.007910096809738693,
1700,2015,1,246687.0,,0.007951873640099928,
1700,2016,1,257758.0,,0.008163279525451856,
1700,2017,1,268428.0,,0.008356906025746798,
1700,2018,1,285531.0,,0.008743412530966081,
1700,2019,1,323517.0,,0.009728225406323766,
1700,2020,1,398133.0,,0.011742535068367093,
1700,2021,1,475197.0,,0.01375035085028748,
1700,2022,1,528929.0,,0.014996016591393001,
1700,2023,1,592371.0,,0.01644337666447374,
1700,2024,1,485024.0,,0.01318007163082408,
1700,2025,1,424840.0,,0.01131603059941614,
1700,2026,1,474899.0,,0.01241997871155199,
1703,2010,1,18070.0,,0.00708877643089718,
1703,2011,1,20041.0,,0.007499532238146914,
1703,2012,1,21815.0,,0.00803735907449709,
1703,2013,1,22606.0,,0.008201277028007546,
1703,2014,1,23991.0,,0.008551416859739798,
1703,2015,1,24835.0,,0.00869177195254261,
1703,2016,1,26048.0,,0.008949665006012712,
1703,2017,1,26278.0,,0.008870210970464134,
1703,2018,1,24644.0,,0.008182753926353887,
1703,2019,1,27391.0,,0.008931168280674296,
1703,2020,1,30740.0,,0.009828308341592864,
1703,2021,1,36726.0,,0.011519713936200245,
1703,2022,1,40474.0,,0.012440141386199477,
1703,2023,1,44658.0,,0.01344027447557709,
1703,2024,1,29717.0,,0.008754713646005184,
1703,2025,1,25163.0,,0.0072704420687662525,
1703,2026,1,27002.0,,0.007667102050088023,
1706,2010,1,12360.0,,0.007665116279069768,
1706,2011,1,13055.0,,0.007753296115928257,
1706,2012,1,13057.0,,0.007647299988286283,
1706,2013,1,12403.0,,0.0071706076198184655,
1706,2014,1,11468.0,,0.006529264404463676,
1706,2015,1,12082.0,,0.006767111011538031,
1706,2016,1,13828.0,,0.007617893345085941,
1706,2017,1,14809.0,,0.008033089232438296,
1706,2018,1,15625.0,,0.008354721420168966,
1706,2019,1,18115.0,,0.009560375765252269,
1706,2020,1,23459.0,,0.012193461198606996,
1706,2021,1,28233.0,,0.014500025679215243,
1706,2022,1,31160.0,,0.01576284904896803,
1706,2023,1,33686.0,,0.016761705727222968,
1706,2024,1,31203.0,,0.015265655577299413,
1706,2025,1,26186.0,,0.012607607125662012,
1706,2026,1,28831.0,,0.01368343616516374,
1708,2010,1,7243.0,,0.0064854942693409745,
1708,2011,1,7961.0,,0.0068235193280192,
1708,2012,1,9184.0,,0.007739760660711276,
1708,2013,1,9053.0,,0.007512863070539419,
1708,2014,1,9414.0,,0.00767362243234431,
1708,2015,1,9722.0,,0.0077769778417726585,
1708,2016,1,10076.0,,0.007895932920617507,
1708,2017,1,10694.0,,0.008219830899308224,
1708,2018,1,12008.0,,0.009062641509433962,
1708,2019,1,14226.0,,0.01051907719609583,
1708,2020,1,17190.0,,0.012437594964184936,
1708,2021,1,20993.0,,0.014883374689826303,
1708,2022,1,22714.0,,0.015736455590965776,
1708,2023,1,25847.0,,0.01751745171128431,
1708,2024,1,19923.0,,0.013216797134138251,
1708,2025,1,16606.0,,0.010799947970863684,
1708,2026,1,18461.0,,0.01178186227583126,
1710,2010,1,15627.0,,0.00597339551240396,
1710,2011,1,18078.0,,0.006639244922692717,
1710,2012,1,20347.0,,0.007324861401108791,
1710,2013,1,20437.0,,0.007218238971497192,
1710,2014,1,19868.0,,0.006862155907850655,
1710,2015,1,19570.0,,0.006613944371219034,
1710,2016,1,18557.0,,0.0061333289264939184,
1710,2017,1,18005.0,,0.005829124579124579,
1710,2018,1,18471.0,,0.005866789480370982,
1710,2019,1,20915.0,,0.006509290093679001,
1710,2020,1,25259.0,,0.007699975612730155,
1710,2021,1,30180.0,,0.009048389998201116,
1710,2022,1,36168.0,,0.010611741924126398,
1710,2023,1,41612.0,,0.011949573557706114,
1710,2024,1,33064.0,,0.00928607538055384,
1710,2025,1,27456.0,,0.0075443079713131645,
1710,2026,1,30424.0,,0.008185095507129406,
1712,2010,1,7024.0,,0.008248003757632691,
1712,2011,1,7249.0,,0.008303550973654067,
1712,2012,1,7857.0,,0.00891625056740808,
1712,2013,1,7919.0,,0.008913777577667717,
1712,2014,1,8062.0,,0.008946842747752747,
1712,2015,1,8127.0,,0.008899474375821288,
1712,2016,1,8533.0,,0.0091960340553939,
1712,2017,1,8771.0,,0.009303139584217225,
1712,2018,1,9469.0,,0.009884133611691022,
1712,2019,1,11175.0,,0.011408882082695252,
1712,2020,1,17067.0,,0.017116638250927692,
1712,2021,1,20133.0,,0.019862865035516968,
1712,2022,1,22711.0,,0.02196634103878518,
1712,2023,1,25179.0,,0.023855045002368545,
1712,2024,1,21880.0,,0.020347809913512507,
1712,2025,1,18515.0,,0.016913309582534026,
1712,2026,1,20982.0,,0.018870402014569656,
1714,2010,1,13207.0,,0.0058476865176001775,
1714,2011,1,14289.0,,0.006005043076276528,
1714,2012,1,14569.0,,0.006018755680409816,
1714,2013,1,15076.0,,0.0061316956115020135,
1714,2014,1,15953.0,,0.0063707519667744895,
1714,2015,1,16698.0,,0.006537467700258398,
1714,2016,1,17695.0,,0.00679688100176692,
1714,2017,1,18746.0,,0.007067561453777711,
1714,2018,1,19952.0,,0.007390724551785449,
1714,2019,1,21269.0,,0.007726034363761851,
1714,2020,1,25909.0,,0.009217660452540202,
1714,2021,1,30882.0,,0.010769659982563209,
1714,2022,1,33422.0,,0.01140254511957968,
1714,2023,1,36914.0,,0.012314929107589658,
1714,2024,1,27634.0,,0.009012752356413686,
1714,2025,1,23920.0,,0.007638024076380241,
1714,2026,1,27097.0,,0.008492227654506707,
1718,2010,1,15161.0,,0.0048608528374479,
1718,2011,1,15300.0,,0.004677754677754678,
1718,2012,1,17223.0,,0.005177980879081234,
1718,2013,1,16497.0,,0.004879469963619155,
1718,2014,1,17403.0,,0.005050789412584166,
1718,2015,1,17610.0,,0.0050102424035507,
1718,2016,1,18553.0,,0.0051767627444962196,
1718,2017,1,19435.0,,0.005322178711285155,
1718,2018,1,21061.0,,0.005661406951426037,
1718,2019,1,25066.0,,0.006598225802205902,
1718,2020,1,31354.0,,0.008086346520864497,
1718,2021,1,38946.0,,0.009865491298730907,
1718,2022,1,46667.0,,0.011576166497159725,
1718,2023,1,54163.0,,0.013152105288718373,
1718,2024,1,43477.0,,0.010330759177854342,
1718,2025,1,37514.0,,0.008729261198371146,
1718,2026,1,41091.0,,0.009381935248184849,
1722,2010,1,12367.0,,0.00596,
1722,2011,1,12105.0,,0.005565261367293458,
1722,2012,1,12559.0,,0.005660011717517689,
1722,2013,1,11649.0,,0.005153056710607803,
1722,2014,1,14036.0,,0.0060806654247714765,
1722,2015,1,12259.0,,0.005198236017470211,
1722,2016,1,12207.0,,0.0050619946091644205,
1722,2017,1,13003.0,,0.005280834991674451,
1722,2018,1,13719.0,,0.0054566064752207466,
1722,2019,1,15172.0,,0.005903731662710611,
1722,2020,1,19220.0,,0.007310486478262523,
1722,2021,1,25367.0,,0.009462473888391524,
1722,2022,1,28291.0,,0.010313137941090697,
1722,2023,1,31427.0,,0.011197933368964902,
1722,2024,1,24657.0,,0.008570087935768656,
1722,2025,1,23098.0,,0.007841792564929553,
1722,2026,1,25065.0,,0.008324476917967453,
1724,2010,1,6496.0,,0.009092945128779395,
1724,2011,1,7219.0,,0.009927117711771178,
1724,2012,1,7623.0,,0.010308316430020285,
1724,2013,1,7423.0,,0.009889421795896617,
1724,2014,1,7952.0,,0.010411102382822729,
1724,2015,1,8195.0,,0.010545618324539957,
1724,2016,1,8300.0,,0.010498355679230964,
1724,2017,1,8993.0,,0.011197858299091023,
1724,2018,1,9392.0,,0.011511214609633533,
1724,2019,1,10367.0,,0.012491866489938547,
1724,2020,1,13169.0,,0.015560675883256528,
1724,2021,1,15425.0,,0.017917295853176907,
1724,2022,1,15920.0,,0.01811973594354655,
1724,2023,1,17259.0,,0.019249386571492305,
1724,2024,1,13432.0,,0.014695842450765864,
1724,2025,1,10717.0,,0.011513751611516975,
1724,2026,1,12239.0,,0.012933530592835253,
1726,2010,1,39174.0,,0.01753300810097122,
1726,2011,1,40590.0,,0.01767472240365774,
1726,2012,1,41669.0,,0.018043996016108777,
1726,2013,1,42234.0,,0.018041778803024478,
1726,2014,1,45250.0,,0.019231586552764673,
1726,2015,1,46603.0,,0.01965293299034285,
1726,2016,1,51024.0,,0.021320407822162796,
1726,2017,1,55077.0,,0.022720597335093438,
1726,2018,1,61284.0,,0.024862671913667898,
1726,2019,1,69236.0,,0.027585162755488266,
1726,2020,1,83846.0,,0.03260333631450014,
1726,2021,1,95951.0,,0.035611267814726844,
1726,2022,1,105603.0,,0.03691638117877368,
1726,2023,1,117812.0,,0.039849817345420105,
1726,2024,1,99151.0,,0.03260687976848198,
1726,2025,1,96083.0,,0.030867065021845285,
1726,2026,1,108678.0,,0.03419590321261131,
1727,2010,1,16981.0,,0.006566765922889516,
1727,2011,1,18746.0,,0.0070889426713054,
1727,2012,1,20473.0,,0.00766491950580307,
1727,2013,1,21333.0,,0.00791371443409875,
1727,2014,1,22823.0,,0.008372647565941523,
1727,2015,1,23954.0,,0.008684334553891889,
1727,2016,1,24403.0,,0.008733760423750046,
1727,2017,1,25019.0,,0.008842823313187007,
1727,2018,1,26919.0,,0.009408290227876415,
1727,2019,1,31030.0,,0.010705537346903571,
1727,2020,1,38523.0,,0.013094598728712737,
1727,2021,1,46173.0,,0.015515642326691085,
1727,2022,1,50296.0,,0.017098759136494987,
1727,2023,1,55472.0,,0.01853143582548273,
1727,2024,1,45295.0,,0.014842060423356708,
1727,2025,1,40500.0,,0.013028792021875502,
1727,2026,1,46479.0,,0.014705286803556174,
1730,2010,1,16879.0,,0.0054898198139595395,
1730,2011,1,18259.0,,0.005654341632602502,
1730,2012,1,19016.0,,0.005796147281150939,
1730,2013,1,19230.0,,0.005775295071628075,
1730,2014,1,21173.0,,0.006252177764653772,
1730,2015,1,21795.0,,0.006326743882260733,
1730,2016,1,23083.0,,0.006585171026730951,
1730,2017,1,23310.0,,0.0065389362657091565,
1730,2018,1,25571.0,,0.007063421910391691,
1730,2019,1,29128.0,,0.007908125865392447,
1730,2020,1,35379.0,,0.009429371002132196,
1730,2021,1,42241.0,,0.011057853403141362,
1730,2022,1,46622.0,,0.011965403962632173,
1730,2023,1,52746.0,,0.013265095691974952,
1730,2024,1,42574.0,,0.010482334113012434,
1730,2025,1,34302.0,,0.00827611166067508,
1730,2026,1,37846.0,,0.008961875443997158,
1733,2010,1,10527.0,,0.006741162909836065,
1733,2011,1,10822.0,,0.006759103116607332,
1733,2012,1,12044.0,,0.007393039101344301,
1733,2013,1,12043.0,,0.007282017172572258,
1733,2014,1,12502.0,,0.007423549670447123,
1733,2015,1,13003.0,,0.007579272557705759,
1733,2016,1,12899.0,,0.007383937260289656,
1733,2017,1,13342.0,,0.0075094275904767265,
1733,2018,1,13674.0,,0.007575623268698061,
1733,2019,1,14837.0,,0.008082475350002723,
1733,2020,1,18614.0,,0.009972676131797482,
1733,2021,1,21979.0,,0.011608831141393335,
1733,2022,1,25160.0,,0.013075563870699511,
1733,2023,1,28904.0,,0.014761248148715591,
1733,2024,1,27089.0,,0.013574363599919823,
1733,2025,1,23779.0,,0.011699960637669751,
1733,2026,1,26957.0,,0.013027740189445197,
1735,2010,1,9835.0,,0.006026348039215686,
1735,2011,1,10370.0,,0.006169314057945148,
1735,2012,1,11300.0,,0.006675330812854443,
1735,2013,1,11274.0,,0.006586049772169646,
1735,2014,1,11306.0,,0.00651079758134178,
1735,2015,1,12234.0,,0.006938914412115024,
1735,2016,1,12552.0,,0.007007983920495784,
1735,2017,1,12946.0,,0.007122971114167813,
1735,2018,1,13742.0,,0.0074591543179721,
1735,2019,1,15590.0,,0.008337790137982672,
1735,2020,1,18404.0,,0.009694990254438181,
1735,2021,1,21968.0,,0.011419660030150231,
1735,2022,1,23721.0,,0.01217397998460354,
1735,2023,1,26692.0,,0.013506730088047769,
1735,2024,1,25928.0,,0.0129465221950367,
1735,2025,1,21001.0,,0.010346849288072129,
1735,2026,1,23747.0,,0.011565848431716347,
1700,2010,2,30856.7,30856.7,0.0011019699015049247,0.0011019699015049247
1700,2011,2,45285.9,37310.092742470566,0.0015549661097261996,0.0012811036054331075
1700,2012,2,55750.0,40058.45974727044,0.0018862881233209499,0.0013553685535391312
1700,2013,2,66435.3,42336.168373120825,0.002214989914481471,0.0014115114399160093
1700,2014,2,81794.3,46087.10460125803,0.002682413553363417,0.0015114094016049043
1700,2015,2,99604.6,51018.9263673078,0.0032107212507051335,0.0016445781728522137
1700,2016,2,115599.2,54548.62175051741,0.0036610641862468447,0.0017275725567300205
1700,2017,2,148199.3,57490.14619050098,0.004613854080727261,0.0017898272502140681
1700,2018,2,187425.6,57418.62116601934,0.005739269430162877,0.0017582493382987056
1700,2019,2,216283.1,56465.49981161668,0.00650367909067673,0.0016979296601048453
1700,2020,2,250250.6,58389.615588263456,0.007380891426683813,0.0017221433758911157
1700,2021,2,303415.5,62717.74700205414,0.008779663125851806,0.0018148073868686253
1700,2022,2,345191.7,62566.69722569873,0.009786758639460411,0.0017738698949485482
1700,2023,2,405418.0,64507.306493736025,0.011253827213954792,0.0017906311049783906
1700,2024,2,439948.0,61367.26961556957,0.011955173669422116,0.0016675979112812996
1703,2010,2,2841.1,2841.1,0.0011145502334157153,0.0011145502334157153
1703,2011,2,4264.9,3513.7606746771667,0.0015959660217789917,0.001314882563588357
1703,2012,2,5283.6,3796.464177949383,0.0019466509468720067,0.0013987414995023887
1703,2013,2,6575.4,4190.200714388565,0.002385502829777971,0.0015201714970209566
1703,2014,2,7992.4,4503.328163638476,0.002848832650151488,0.0016051784579000094
1703,2015,2,9796.6,5017.961158922054,0.00342862142582158,0.0017561898151828839
1703,2016,2,11873.4,5602.786225965176,0.004079505239649545,0.001925025331030811
1703,2017,2,15290.9,5931.7154425448125,0.0051614852320675106,0.002002266816048882
1703,2018,2,19606.3,6006.472499847006,0.006510044161105024,0.0019943794202101823
1703,2019,2,23686.7,6183.9383400174165,0.00772333626789266,0.002016348214815422
1703,2020,2,26096.1,6088.861514629263,0.008343543178693609,0.0019467536894936417
1703,2021,2,30413.0,6286.543830402443,0.009539537655656974,0.0019718778678217254
1703,2022,2,35587.4,6450.288581242918,0.010938189641924083,0.001982569104423826
1703,2023,2,41035.7,6529.316599373987,0.012350106840822222,0.00196506353248081
1703,2024,2,44074.7,6147.872016977788,0.012984533349045486,0.001811180773326004
1706,2010,2,2426.3,2426.3,0.0015046821705426358,0.0015046821705426358
1706,2011,2,3749.3,3088.9687677476854,0.0022266896305974584,0.001834522370678041
1706,2012,2,4489.6,3225.945486660904,0.002629495138807544,0.0018893905860729201
1706,2013,2,5655.5,3603.9906530742664,0.0032696421344741862,0.0020835929080616675
1706,2014,2,6856.6,3863.360178019566,0.0039037804600318836,0.00219959017195375
1706,2015,2,8290.5,4246.514810040554,0.004643497255516971,0.0023784669037977785
1706,2016,2,9812.2,4630.153031685574,0.005405575143234906,0.0025507674260057153
1706,2017,2,12968.8,5030.915853957266,0.007034879305668565,0.0027290023617885903
1706,2018,2,17064.6,5227.812010470573,0.00912447866538338,0.0027953224310076855
1706,2019,2,19182.1,5007.912610538744,0.010123548659489128,0.002642976889665793
1706,2020,2,23876.0,5570.857619463763,0.012410208430791622,0.002895606642478176
1706,2021,2,28529.3,5897.172094193286,0.01465220070874634,0.0030286950306575348
1706,2022,2,32867.5,5957.301178057447,0.016626618777822743,0.003013608447014087
1706,2023,2,37174.5,5914.949176532344,0.01849753694581281,0.002943200067936679
1706,2024,2,40307.9,5622.450305348398,0.019720107632093933,0.0027507095427340496
1708,2010,2,1736.2,1736.2,0.0015546203438395415,0.0015546203438395415
1708,2011,2,2661.9,2193.082965584926,0.002281563383903317,0.0018797316924530094
1708,2012,2,3247.7,2333.593896344578,0.0027369796055958196,0.0019666221947957003
1708,2013,2,3775.4,2405.88918957061,0.003133112033195021,0.001996588539062747
1708,2014,2,4772.0,2688.789599730095,0.003889794587544832,0.002191709813930628
1708,2015,2,5685.3,2912.0934382152536,0.004547876169906408,0.0023294883915008827
1708,2016,2,6827.1,3221.552532828579,0.005349972572682392,0.002524529843138139
1708,2017,2,8835.0,3427.3133651311186,0.006790930053804766,0.0026343684589785693
1708,2018,2,11448.2,3507.204239083789,0.008640150943396227,0.002646946595534935
1708,2019,2,13720.1,3581.9363785952855,0.010145001478852412,0.002648577623924346
1708,2020,2,16352.8,3815.5101557868575,0.011831850083206714,0.0027606614252129783
1708,2021,2,20471.1,4231.495327871353,0.014513364055299538,0.0029999966876081904
1708,2022,2,23239.2,4212.152233577626,0.016100318691977276,0.002918215486751854
1708,2023,2,26730.0,4253.092616947358,0.018115892917655033,0.0028824755113164065
1708,2024,2,28262.2,3942.225097805082,0.018748971739418866,0.0026152481742106157
1710,2010,2,2753.7,2753.7,0.0010525973777760788,0.0010525973777760788
1710,2011,2,4235.5,3489.538638091196,0.001555510668772265,0.0012815522560840266
1710,2012,2,5442.2,3910.424208728165,0.001959176326589387,0.0014077414532105137
1710,2013,2,6368.8,4058.5440140216406,0.00224942605870095,0.0014334560145592627
1710,2014,2,7689.1,4332.433384594441,0.002655717887610956,0.0014963676940539638
1710,2015,2,9089.0,4655.5181362352805,0.00307174963668931,0.0015733948887205653
1710,2016,2,10863.6,5126.284673673529,0.003590560549973559,0.001694303501346354
1710,2017,2,14360.6,5570.829237272433,0.004649248899248899,0.0018035577691247191
1710,2018,2,17206.5,5271.283672524521,0.005465156905094652,0.0016742738128968748
1710,2019,2,19933.9,5204.186673368311,0.006203946344651583,0.0016196777795176966
1710,2020,2,23777.8,5547.945145924169,0.007248445311547372,0.0016912404419961496
1710,2021,2,28275.6,5844.730829938753,0.008477423997121784,0.0017523328026439868
1710,2022,2,32240.7,5843.692404089046,0.00945946659625033,0.0017145475468970004
1710,2023,2,38462.6,6119.902734328449,0.011045171294833874,0.0017574312191162302
1710,2024,2,42239.6,5891.898409934383,0.011863056788181767,0.0016547487530007255
1712,2010,2,1349.7,1349.7,0.0015848990136214185,0.0015848990136214185
1712,2011,2,2024.4,1667.860233491162,0.002318900343642612,0.0019104928218684558
1712,2012,2,2484.7,1785.3498642877644,0.0028196777122106217,0.0020260438768585614
1712,2013,2,2956.7,1884.16924479616,0.0033281179648806843,0.0021208568716751014
1712,2014,2,3556.7,2004.0272358256555,0.003947064698701587,0.0022239787324666023
1712,2015,2,4206.1,2154.4256609989234,0.004605891371003067,0.0023592046222064428
1712,2016,2,5034.7,2375.7599181251258,0.005425907964220282,0.002560362019749031
1712,2017,2,6470.3,2509.9881908780844,0.006862855324565125,0.00266227003699415
1712,2018,2,8299.8,2542.6786519756492,0.008663674321503131,0.002654153081394206
1712,2019,2,9467.8,2471.7791594277332,0.009665952016334864,0.002523511137751642
1712,2020,2,11309.7,2638.8309775024845,0.011342593521211515,0.0026465058444513937
1712,2021,2,14547.2,3006.9907739989617,0.014352012628255723,0.0029666444100226535
1712,2022,2,15151.7,2746.2764207674154,0.014654898926395201,0.002656230216430424
1712,2023,2,18318.9,2914.7765933631485,0.01735566082425391,0.002761512641746233
1712,2024,2,20063.2,2798.56665731199,0.018658234911187576,0.0026025915161461827
1714,2010,2,1908.9,1908.9,0.0008452069957936684,0.0008452069957936684
1714,2011,2,2914.0,2400.7828099156523,0.001224627022483715,0.0010089442361486246
1714,2012,2,3552.1,2552.316679251647,0.0014674460877468396,0.001054414888561368
1714,2013,2,4353.1,2774.030892387515,0.0017704884695164112,0.001128251064541227
1714,2014,2,5470.5,3082.3603322136387,0.002184617227746496,0.00123092541520452
1714,2015,2,6973.6,3571.979455919282,0.0027302482186203117,0.0013984728901101254
1714,2016,2,7973.7,3762.6068800830863,0.003062802489052777,0.0014452665284178713
1714,2017,2,10215.7,3962.9207859841504,0.0038514929874830343,0.0014940886691238691
1714,2018,2,12639.6,3872.194641980701,0.004682026966958068,0.0014343586612760042
1714,2019,2,15509.0,4048.968396413604,0.005633695375785535,0.001470801117517383
1714,2020,2,17913.1,4179.566494522379,0.006372954319055072,0.0014869668758084457
1714,2021,2,21596.1,4464.0393652633475,0.007531333914559721,0.001556770484834646
1714,2022,2,25157.7,4559.88425792092,0.008583023438299614,0.0015556904431513494
1714,2023,2,30015.6,4775.87455118762,0.010013544620517097,0.001593285921997538
1714,2024,2,32497.2,4532.954881374816,0.010598871530608917,0.0014784106458937466
1718,2010,2,5368.6,5368.6,0.001721256813081116,0.001721256813081116
1718,2011,2,6744.0,5556.238596455442,0.002061880885410297,0.0016987399402150674
1718,2012,2,7808.6,5610.771099238314,0.0023476038722866936,0.0016868411698750267
1718,2013,2,9477.7,6039.703335273977,0.002803306811795676,0.0017864188042456084
1718,2014,2,11747.6,6619.200482353156,0.0034094497329928025,0.0019210588815745172
1718,2015,2,14300.0,7324.668208621906,0.004068510299305793,0.002083950212991324
1718,2016,2,17088.6,8063.719970777409,0.004768157593682859,0.0022499846454358124
1718,2017,2,21506.8,8343.015628885336,0.005889530903414848,0.002284693602674189
1718,2018,2,25658.0,7860.436257788286,0.00689712642133276,0.0021129636993060096
1718,2019,2,28379.5,7409.097853247783,0.007470451972939535,0.0019503271613487544
1718,2020,2,32158.0,7503.251772772478,0.008293701965234435,0.0019351245094064264
1718,2021,2,38549.7,7968.447002889062,0.009765103731286572,0.0020185036864222364
1718,2022,2,40428.1,7327.675294945592,0.010028551583856325,0.001817695357563464
1718,2023,2,49025.9,7800.661927766535,0.011904691370016027,0.0018941921052320274
1718,2024,2,54647.9,7622.701803905653,0.012985125341570631,0.0018112633489142575
1722,2010,2,2286.8,2286.8,0.0011020722891566265,0.0011020722891566265
1722,2011,2,4099.6,3377.5735097907373,0.0018847869063491336,0.001552835966066267
1722,2012,2,4825.7,3467.445904975838,0.0021748163504439135,0.0015626868741159304
1722,2013,2,5411.0,3448.1820217106983,0.0023936123153145182,0.0015253393000578157
1722,2014,2,6761.9,3810.0013399863637,0.0029293852618810378,0.0016505659316320945
1722,2015,2,8218.0,4209.379254437401,0.0034847135648560404,0.0017849210255003185
1722,2016,2,8737.2,4122.885088812213,0.0036231391250259176,0.0017096765866938476
1722,2017,2,11608.1,4503.066924026999,0.004714332128497746,0.0018288051512922873
1722,2018,2,15046.2,4609.466677914651,0.005984488107549121,0.0018333731118903233
1722,2019,2,17844.1,4658.598037426267,0.00694349974707187,0.0018127545964536625
1722,2020,2,19424.0,4532.096599114765,0.00738807957095584,0.0017238205466185254
1722,2021,2,23415.5,4840.119917824233,0.008734519546404059,0.0018054759466667536
1722,2022,2,26755.7,4849.525005849293,0.00975346310877807,0.0017678350123393456
1722,2023,2,32849.3,5226.753284769505,0.01170472118296811,0.001862374232948336
1722,2024,2,35234.1,4914.718362992762,0.01224639393834069,0.001708219513743965
1724,2010,2,1075.0,1075.0,0.0015047592385218364,0.0015047592385218364
1724,2011,2,1638.0,1349.513466932683,0.0022524752475247523,0.0018557665936918084
1724,2012,2,2078.8,1493.695535831853,0.002811088573360379,0.002019872259407509
1724,2013,2,2465.3,1571.022572190609,0.0032844391153743673,0.002093022345044776
1724,2014,2,2868.0,1615.9783260741642,0.0037549096622152395,0.002115708727512653
1724,2015,2,3581.2,1834.3427824277462,0.0046084159052888944,0.0023604977254249727
1724,2016,2,4088.4,1929.2225652497198,0.005171262332405768,0.002440200563179509
1724,2017,2,5074.0,1968.3291471052967,0.006318017681484249,0.002450914141582987
1724,2018,2,5654.3,1732.218595853625,0.006930138497364873,0.002123077087699013
1724,2019,2,7401.5,1932.3257196502216,0.008918544402940114,0.002328383804856274
1724,2020,2,8002.0,1867.0632715257593,0.00945527590688881,0.0022061482589220836
1724,2021,2,9755.0,2016.415186452367,0.011331165059821117,0.0023422176634363655
1724,2022,2,11523.3,2088.621546059462,0.013115524698383792,0.0023772155088316207
1724,2023,2,13241.2,2106.848109222722,0.014768235556546955,0.002349819439240154
1724,2024,2,14206.1,1981.5741153175895,0.015542778993435449,0.002168024196189923
1726,2010,2,0.0,0.0,0.0,0.0
1726,2011,2,0.0,0.0,0.0,0.0
1726,2012,2,0.0,0.0,0.0,0.0
1726,2013,2,0.0,0.0,0.0,0.0
1726,2014,2,0.0,0.0,0.0,0.0
1726,2015,2,0.0,0.0,0.0,0.0
1726,2016,2,0.0,0.0,0.0,0.0
1726,2017,2,0.0,0.0,0.0,0.0
1726,2018,2,0.0,0.0,0.0,0.0
1726,2019,2,0.0,0.0,0.0,0.0
1726,2020,2,0.0,0.0,0.0,0.0
1726,2021,2,0.0,0.0,0.0,0.0
1726,2022,2,0.0,0.0,0.0,0.0
1726,2023,2,0.0,0.0,0.0,0.0
1726,2024,2,0.0,0.0,0.0,0.0
1727,2010,2,3617.8,3617.8,0.0013990486871108705,0.0013990486871108705
1727,2011,2,5148.2,4241.492814690378,0.001946831039177129,0.0016039528114847896
1727,2012,2,6484.4,4659.283881348887,0.002427704979408461,0.001744396810688464
1727,2013,2,7475.2,4763.601967971135,0.0027730088659717327,0.001767111313562761
1727,2014,2,9069.2,5110.052522605234,0.003327047947466892,0.0018746294884644462
1727,2015,2,10735.5,5498.879409346887,0.003892071203277381,0.0019935755390446605
1727,2016,2,12034.2,5678.664072675907,0.004307004044236069,0.0020323768199691874
1727,2017,2,15594.8,6049.605712116216,0.005511893401194641,0.0021381987460206467
1727,2018,2,18359.1,5624.387532167781,0.006416573465678736,0.0019657442793820008
1727,2019,2,20417.1,5330.336749398168,0.007044022770398482,0.0018389983610136856
1727,2020,2,23875.1,5570.647627343746,0.008115537577755872,0.0018935543789196593
1727,2021,2,29538.3,6105.738257507529,0.009925837561746026,0.0020517283032049226
1727,2022,2,33010.7,5983.256469110853,0.011222403535611082,0.002034083450318155
1727,2023,2,38779.8,6170.373403168543,0.012955101222689919,0.0020613260517032615
1727,2024,2,41311.8,5762.481859002625,0.01353686349039911,0.0018882239527500575
1730,2010,2,2570.0,2570.0,0.0008358810902231185,0.0008358810902231185
1730,2011,2,3805.2,3135.023592412848,0.0011783723522853957,0.0009708359941821033
1730,2012,2,4788.9,3441.0037288556664,0.0014596744696415507,0.0010488306903364017
1730,2013,2,5832.4,3716.7209061958006,0.0017516292759107426,0.0011162329657914529
1730,2014,2,7274.3,4098.7137856908275,0.0021480289384320094,0.0012103096960551683
1730,2015,2,9180.9,4702.590654303277,0.0026650701036314553,0.001365087710616644
1730,2016,2,9824.6,4636.004308421974,0.002802784355119391,0.001322569910827026
1730,2017,2,12388.0,4805.609277560192,0.003475089766606822,0.0013480726205005026
1730,2018,2,17457.1,5348.056036941144,0.004822136898513894,0.0014772819283302425
1730,2019,2,18532.2,4838.241802567296,0.005031412048977819,0.0013135616980879364
1730,2020,2,21455.5,5006.095478907889,0.00571841684434968,0.0013342471958709724
1730,2021,2,27501.2,5684.657849888656,0.007199267015706806,0.0014881303271959832
1730,2022,2,32737.0,5933.647787816738,0.008401858125449132,0.0015228538619794522
1730,2023,2,38326.0,6098.167887658976,0.009638608756884541,0.001533628722093146
1730,2024,2,42347.9,5907.004911837714,0.010426665025236983,0.0014543899819863878
1733,2010,2,1932.2,1932.2,0.0012373206967213116,0.0012373206967213116
1733,2011,2,2718.8,2239.9616690455305,0.001698082568234339,0.001399014220876604
1733,2012,2,3451.5,2480.031817357918,0.0021186544717942423,0.0015223324641568461
1733,2013,2,4017.4,2560.104685644162,0.002429193372838312,0.0015480134754167142
1733,2014,2,5177.3,2917.1564112914125,0.0030742236209251234,0.001732175293207893
1733,2015,2,6215.7,3183.7720408623204,0.003623047330380042,0.001855777594347354
1733,2016,2,7511.7,3544.5996339365815,0.004300017173278378,0.002029079875171207
1733,2017,2,9085.0,3524.2945016656718,0.005113412506331964,0.001983618225736293
1733,2018,2,12423.0,3805.8383206214,0.006882548476454294,0.002108497684554792
1733,2019,2,14001.0,3655.2715531747285,0.007627063245628371,0.001991214007285901
1733,2020,2,16258.9,3793.600977931788,0.008710902759174926,0.0020324677085088606
1733,2021,2,19311.7,3991.8406105804384,0.01020002112713252,0.0021084036394551516
1733,2022,2,23144.5,4194.987666100269,0.012028115580500988,0.00218012039606084
1733,2023,2,26246.4,4176.14553166656,0.013404014095296462,0.0021327539613229967
1733,2024,2,28415.7,3963.636437067881,0.01423917618761275,0.001986187831763821
1735,2010,2,990.4,990.4,0.0006068627450980392,0.0006068627450980392
1735,2011,2,1282.1,1056.2950036351604,0.0007627461478969599,0.0006284103775567615
1735,2012,2,1812.2,1302.1334664395247,0.0010705340264650285,0.0007692187301745774
1735,2013,2,2071.4,1320.008175895683,0.0012100712700081786,0.0007711228974738188
1735,2014,2,2558.7,1441.7028392349944,0.0014734811402245895,0.0008302348627900918
1735,2015,2,3332.2,1706.801356976917,0.0018899665362146218,0.0009680683778440912
1735,2016,2,3929.8,1854.3828482825431,0.002194070682820613,0.001035331834226198
1735,2017,2,4801.3,1862.5421233734057,0.0026417056396148557,0.0010247824612783524
1735,2018,2,6562.9,2010.572028850212,0.0035623405525701565,0.0010913380170711677
1735,2019,2,8208.1,2142.9065377911215,0.0043898277890683495,0.001146061898487069
1735,2020,2,9751.6,2275.287952838115,0.005137017331296423,0.001198592399956864
1735,2021,2,11511.8,2379.555955243706,0.005984197120133076,0.001236968318991374
1735,2022,2,13348.2,2419.3883801611446,0.006850500384911471,0.001241667118378827
1735,2023,2,15212.1,2420.444077750277,0.007697652059508147,0.0012247971246585755
1735,2024,2,16339.7,2279.184756692887,0.008158835571977831,0.0011380560027427406
1700,2010,3,729.0,,2.6034412565086032e-05,
1700,2011,3,788.2,,2.7064147730004052e-05,
1700,2012,3,817.6,,2.7663303491071005e-05,
1700,2013,3,855.2,,2.8512844449630756e-05,
1700,2014,3,1162.1,,3.8110635953405394e-05,
1700,2015,3,975.1,,3.143202514304134e-05,
1700,2016,3,1008.2,,3.19300212507878e-05,
1700,2017,3,853.5,,2.6571815507230586e-05,
1700,2018,3,883.7,,2.7060296968156614e-05,
1700,2019,3,952.8,,2.865089985115244e-05,
1700,2020,3,924.4,,2.7264254450644737e-05,
1700,2021,3,908.7,,2.6294239689341965e-05,
1700,2022,3,873.6,,2.4768012520094242e-05,
1700,2023,3,763.2,,2.1185346801795426e-05,
1700,2024,3,866.7,,2.355175843346975e-05,
1703,2010,3,8.7,,3.41296928327645e-06,
1703,2011,3,13.6,,5.089248961568686e-06,
1703,2012,3,12.2,,4.494878785645862e-06,
1703,2013,3,14.4,,5.2242054854157595e-06,
1703,2014,3,6.6,,2.3525218321154874e-06,
1703,2015,3,18.5,,6.474643894585798e-06,
1703,2016,3,36.7,,1.260951726507473e-05,
1703,2017,3,15.8,,5.333333333333334e-06,
1703,2018,3,15.9,,5.279410299830661e-06,
1703,2019,3,14.3,,4.6626887084678345e-06,
1703,2020,3,11.5,,3.67682322473383e-06,
1703,2021,3,4.9,,1.5369655907907533e-06,
1703,2022,3,17.3,,5.317350545566313e-06,
1703,2023,3,10.5,,3.1600806572967767e-06,
1703,2024,3,32.6,,9.60405373556446e-06,
1706,2010,3,75.5,,4.682170542635659e-05,
1706,2011,3,71.7,,4.258225442451598e-05,
1706,2012,3,61.7,,3.6136816211784e-05,
1706,2013,3,50.7,,2.931144129039718e-05,
1706,2014,3,51.9,,2.9549077658847643e-05,
1706,2015,3,55.6,,3.114148090063851e-05,
1706,2016,3,58.5,,3.222785368003526e-05,
1706,2017,3,63.8,,3.460808245185788e-05,
1706,2018,3,74.8,,3.999572238263287e-05,
1706,2019,3,69.1,,3.6468228836816545e-05,
1706,2020,3,37.1,,1.928374655647383e-05,
1706,2021,3,44.8,,2.300857685789122e-05,
1706,2022,3,35.6,,1.800890327802509e-05,
1706,2023,3,30.7,,1.5275911827635965e-05,
1706,2024,3,35.4,,1.731898238747554e-05,
1708,2010,3,23.8,,2.1310888252148996e-05,
1708,2011,3,17.3,,1.4828147767206651e-05,
1708,2012,3,14.1,,1.1882690038766223e-05,
1708,2013,3,17.2,,1.4273858921161826e-05,
1708,2014,3,37.2,,3.0322791000978156e-05,
1708,2015,3,70.2,,5.615550755939525e-05,
1708,2016,3,63.4,,4.968262675338923e-05,
1708,2017,3,5.2,,3.9969254419677174e-06,
1708,2018,3,11.8,,8.905660377358491e-06,
1708,2019,3,4.3,,3.1795326826382728e-06,
1708,2020,3,3.4,,2.4600246002460025e-06,
1708,2021,3,2.9,,2.056008507621411e-06,
1708,2022,3,27.0,,1.870583344880144e-05,
1708,2023,3,29.5,,1.999322263639444e-05,
1708,2024,3,33.1,,2.195833886161603e-05,
1710,2010,3,141.2,,5.3973471962080955e-05,
1710,2011,3,142.5,,5.233390870028279e-05,
1710,2012,3,163.0,,5.867953056375549e-05,
1710,2013,3,167.0,,5.898350581005192e-05,
1710,2014,3,171.8,,5.9337547059026705e-05,
1710,2015,3,176.3,,5.958295312447194e-05,
1710,2016,3,167.9,,5.5493125330512955e-05,
1710,2017,3,165.7,,5.364542864542864e-05,
1710,2018,3,152.2,,4.8342014991741835e-05,
1710,2019,3,140.4,,4.3696119012791385e-05,
1710,2020,3,128.1,,3.905011583953176e-05,
1710,2021,3,132.2,,3.9635426035857765e-05,
1710,2022,3,115.7,,3.3946542264472024e-05,
1710,2023,3,117.7,,3.379950033024151e-05,
1710,2024,3,88.6,,2.4883446610121886e-05,
1712,2010,3,40.3,,4.732268670737435e-05,
1712,2011,3,45.2,,5.177548682703322e-05,
1712,2012,3,42.4,,4.8116205174761686e-05,
1712,2013,3,43.9,,4.9414678072940114e-05,
1712,2014,3,42.6,,4.727555210298524e-05,
1712,2015,3,47.0,,5.146736749890495e-05,
1712,2016,3,57.4,,6.186011423644789e-05,
1712,2017,3,44.1,,4.677556215528214e-05,
1712,2018,3,49.9,,5.208768267223382e-05,
1712,2019,3,43.6,,4.451250638080653e-05,
1712,2020,3,48.4,,4.8540768227860794e-05,
1712,2021,3,68.6,,6.767955801104972e-05,
1712,2022,3,41.6,,4.023599961311538e-05,
1712,2023,3,35.0,,3.315963998105163e-05,
1712,2024,3,39.2,,3.645494280665861e-05,
1714,2010,3,5.4,,2.3909674562762896e-06,
1714,2011,3,5.6,,2.353435595713385e-06,
1714,2012,3,7.0,,2.891844997108155e-06,
1714,2013,3,3.7,,1.5048602920242405e-06,
1714,2014,3,3.9,,1.5574457889061937e-06,
1714,2015,3,7.8,,3.05379375146817e-06,
1714,2016,3,15.8,,6.068986709687332e-06,
1714,2017,3,15.9,,5.994570954607149e-06,
1714,2018,3,15.2,,5.630463772410727e-06,
1714,2019,3,15.8,,5.7394020850739226e-06,
1714,2020,3,15.0,,5.336558986765334e-06,
1714,2021,3,24.0,,8.369659982563208e-06,
1714,2022,3,7.4,,2.5246494490123163e-06,
1714,2023,3,5.0,,1.6680567139282735e-06,
1714,2024,3,4.4,,1.4350477805681485e-06,
1718,2010,3,51.5,,1.651170246873998e-05,
1718,2011,3,51.8,,1.583710407239819e-05,
1718,2012,3,52.8,,1.5873970296434368e-05,
1718,2013,3,49.1,,1.452276021177793e-05,
1718,2014,3,51.3,,1.4888553517529602e-05,
1718,2015,3,54.7,,1.556276317286901e-05,
1718,2016,3,51.6,,1.4397723150757555e-05,
1718,2017,3,37.2,,1.0187036174932223e-05,
1718,2018,3,52.1,,1.4004999865595011e-05,
1718,2019,3,44.2,,1.1634946958330044e-05,
1718,2020,3,52.7,,1.3591581987930056e-05,
1718,2021,3,39.4,,9.980494971755705e-06,
1718,2022,3,38.7,,9.599880931709375e-06,
1718,2023,3,39.4,,9.56728667864601e-06,
1718,2024,3,47.4,,1.1262920280384934e-05,
1722,2010,3,3.5,,1.6867469879518073e-06,
1722,2011,3,3.3,,1.517171624293136e-06,
1722,2012,3,4.4,,1.982964531975303e-06,
1722,2013,3,3.7,,1.6367336105458728e-06,
1722,2014,3,5.8,,2.5126716631287095e-06,
1722,2015,3,3.1,,1.3145062121019378e-06,
1722,2016,3,3.2,,1.3269749118805724e-06,
1722,2017,3,3.2,,1.2995979368882753e-06,
1722,2018,3,5.1,,2.0284782435764852e-06,
1722,2019,3,6.9,,2.68492937468384e-06,
1722,2020,3,6.5,,2.472328933855692e-06,
1722,2021,3,7.1,,2.6484631453297522e-06,
1722,2022,3,7.3,,2.6611256926217555e-06,
1722,2023,3,7.4,,2.6367361482273296e-06,
1722,2024,3,10.8,,3.753779847763373e-06,
1724,2010,3,21.0,,2.9395296752519597e-05,
1724,2011,3,58.7,,8.072057205720572e-05,
1724,2012,3,46.9,,6.342123056118999e-05,
1724,2013,3,35.4,,4.716227018385292e-05,
1724,2014,3,69.3,,9.073055773762764e-05,
1724,2015,3,66.1,,8.505983785870543e-05,
1724,2016,3,68.9,,8.714900075891729e-05,
1724,2017,3,59.6,,7.421242684597186e-05,
1724,2018,3,60.5,,7.415124402500306e-05,
1724,2019,3,47.8,,5.759730087962405e-05,
1724,2020,3,71.8,,8.483989129150419e-05,
1724,2021,3,45.7,,5.3083981879428505e-05,
1724,2022,3,49.1,,5.588436148417938e-05,
1724,2023,3,3.1,,3.457506134285077e-06,
1724,2024,3,42.5,,4.649890590809628e-05,
1726,2010,3,23.5,,1.051783556371123e-05,
1726,2011,3,27.0,,1.1757021554539516e-05,
1726,2012,3,24.8,,1.0739185034426017e-05,
1726,2013,3,25.6,,1.0935964799863302e-05,
1726,2014,3,31.1,,1.321773131029793e-05,
1726,2015,3,28.5,,1.2018723906717835e-05,
1726,2016,3,27.1,,1.1323750626775866e-05,
1726,2017,3,33.1,,1.365455220494204e-05,
1726,2018,3,15.3,,6.207148363016756e-06,
1726,2019,3,74.5,,2.9682457468425037e-05,
1726,2020,3,33.7,,1.310417233736439e-05,
1726,2021,3,28.6,,1.0614608076009501e-05,
1726,2022,3,20.8,,7.271201845766623e-06,
1726,2023,3,15.2,,5.141388174807198e-06,
1726,2024,3,21.1,,6.938963430676139e-06,
1727,2010,3,257.6,,9.961715456900887e-05,
1727,2011,3,280.3,,0.000105997579791257,
1727,2012,3,290.4,,0.00010872332459752901,
1727,2013,3,372.3,,0.00013810884000445154,
1727,2014,3,619.2,,0.00022715433434828867,
1727,2015,3,370.6,,0.00013435811913134902,
1727,2016,3,318.7,,0.00011406177302172434,
1727,2017,3,302.9,,0.00010705828296751845,
1727,2018,3,336.6,,0.00011764294701523837,
1727,2019,3,397.9,,0.00013727790236329134,
1727,2020,3,430.0,,0.00014616404364526327,
1727,2021,3,425.4,,0.00014294835175913167,
1727,2022,3,438.0,,0.0001489036206017338,
1727,2023,3,430.1,,0.00014368276875793414,
1727,2024,3,465.0,,0.0001523690936496494,
1730,2010,3,43.0,,1.3985559097118324e-05,
1730,2011,3,42.8,,1.3254056732317602e-05,
1730,2012,3,73.5,,2.2403072421360645e-05,
1730,2013,3,40.2,,1.2073159744121093e-05,
1730,2014,3,38.4,,1.1339140705743392e-05,
1730,2015,3,38.9,,1.1292054921768411e-05,
1730,2016,3,103.2,,2.9441132000114115e-05,
1730,2017,3,60.1,,1.6859290843806103e-05,
1730,2018,3,53.2,,1.4695320700513784e-05,
1730,2019,3,49.6,,1.3466185214345832e-05,
1730,2020,3,50.5,,1.3459488272921108e-05,
1730,2021,3,46.5,,1.2172774869109948e-05,
1730,2022,3,49.5,,1.2704034493378503e-05,
1730,2023,3,26.4,,6.639338078112818e-06,
1730,2024,3,26.2,,6.450818663055521e-06,
1733,2010,3,4.8,,3.0737704918032785e-06,
1733,2011,3,4.9,,3.0603959777652867e-06,
1733,2012,3,4.9,,3.0077957154256955e-06,
1733,2013,3,6.2,,3.748941830934817e-06,
1733,2014,3,6.3,,3.7408704946262097e-06,
1733,2015,3,5.0,,2.9144322685940777e-06,
1733,2016,3,5.2,,2.976701585666037e-06,
1733,2017,3,9.2,,5.178139246918444e-06,
1733,2018,3,7.1,,3.933518005540166e-06,
1733,2019,3,7.2,,3.922209511358065e-06,
1733,2020,3,6.8,,3.6431824270024107e-06,
1733,2021,3,7.2,,3.802883853588972e-06,
1733,2022,3,4.5,,2.3386342376052384e-06,
1733,2023,3,3.4,,1.7363771002502425e-06,
1733,2024,3,9.9,,4.960914010823812e-06,
1735,2010,3,29.2,,1.7892156862745098e-05,
1735,2011,3,23.5,,1.3980605627937415e-05,
1735,2012,3,19.5,,1.151937618147448e-05,
1735,2013,3,25.8,,1.5071854188573432e-05,
1735,2014,3,26.7,,1.5375755830693925e-05,
1735,2015,3,32.8,,1.860359593897113e-05,
1735,2016,3,30.6,,1.7084473228742113e-05,
1735,2017,3,37.7,,2.0742778541953235e-05,
1735,2018,3,34.0,,1.8455191879715572e-05,
1735,2019,3,37.2,,1.989517595464756e-05,
1735,2020,3,28.9,,1.522414792182479e-05,
1735,2021,3,31.4,,1.6322711441492954e-05,
1735,2022,3,21.1,,1.0828842699512446e-05,
1735,2023,3,9.8,,4.959012245724117e-06,
1735,2024,3,10.5,,5.242922055225446e-06,
1700,2010,4,634810.0,,0.02267065218167663,
1700,2011,4,622835.0,,0.02138606756079304,
1700,2012,4,625106.0,,0.021150314324962612,
1700,2013,4,679519.0,,0.02265554203410739,
1700,2014,4,718036.0,,0.023547722741106097,
1700,2015,4,734141.0,,0.023664791683455557,
1700,2016,4,726170.0,,0.02299803960690793,
1700,2017,4,715519.0,,0.02227608536604349,
1700,2018,4,768520.0,,0.02353330250760181,
1700,2019,4,814960.0,,0.024506021560343403,
1700,2020,4,841817.0,,0.024828551372650803,
1700,2021,4,905211.0,,0.026193281614866212,
1700,2022,4,932217.0,,0.02642990193159878,
1700,2023,4,961962.0,,0.026702697301033453,
1700,2024,4,926422.0,,0.025174647688302652,
1700,2025,4,879599.0,,0.02342898314475058,
1703,2010,4,59953.0,,0.02351928131497391,
1703,2011,4,56662.0,,0.021203457695618006,
1703,2012,4,58277.0,,0.02147115172058065,
1703,2013,4,64239.0,,0.023305398345668263,
1703,2014,4,67905.0,,0.024204241668151844,
1703,2015,4,69562.0,,0.024345361005144717,
1703,2016,4,68784.0,,0.023633052740079024,
1703,2017,4,67368.0,,0.022740253164556964,
1703,2018,4,72387.0,,0.024035262476342266,
1703,2019,4,77603.0,,0.025303400828197854,
1703,2020,4,81425.0,,0.02603350704990888,
1703,2021,4,84664.0,,0.026556256077287413,
1703,2022,4,86506.0,,0.026588596895650837,
1703,2023,4,89400.0,,0.026905829596412557,
1703,2024,4,86305.0,,0.025425701154843272,
1703,2025,4,79672.0,,0.023019936434556486,
1706,2010,4,34597.0,,0.021455503875968993,
1706,2011,4,32948.0,,0.01956764461337451,
1706,2012,4,34257.0,,0.02006383975635469,
1706,2013,4,36743.0,,0.021242411978955888,
1706,2014,4,38291.0,,0.02180084263265771,
1706,2015,4,39352.0,,0.02204099921586199,
1706,2016,4,38297.0,,0.021097950639048037,
1706,2017,4,37228.0,,0.020194195823162463,
1706,2018,4,40338.0,,0.021568816169393646,
1706,2019,4,41141.0,,0.021712581802828795,
1706,2020,4,41555.0,,0.021599355475856334,
1706,2021,4,43173.0,,0.022172975193878074,
1706,2022,4,45058.0,,0.02279340348037232,
1706,2023,4,46617.0,,0.023195999402895955,
1706,2024,4,46067.0,,0.022537671232876713,
1706,2025,4,43654.0,,0.021017814155031296,
1708,2010,4,25942.0,,0.023228868194842406,
1708,2011,4,25191.0,,0.021591668809462585,
1708,2012,4,25400.0,,0.021405696949266813,
1708,2013,4,27484.0,,0.022808298755186723,
1708,2014,4,29912.0,,0.02438213237691555,
1708,2015,4,31887.0,,0.02550755939524838,
1708,2016,4,31566.0,,0.02473630593213698,
1708,2017,4,30984.0,,0.02381552651806303,
1708,2018,4,33801.0,,0.025510188679245285,
1708,2019,4,36457.0,,0.0269572611653357,
1708,2020,4,38118.0,,0.027579769915346213,
1708,2021,4,41313.0,,0.029289613612194256,
1708,2022,4,40743.0,,0.028227102674241375,
1708,2023,4,40875.0,,0.02770247373771603,
1708,2024,4,38561.0,,0.025581133076821017,
1708,2025,4,37393.0,,0.024319068678459937,
1710,2010,4,63861.0,,0.024410764114521616,
1710,2011,4,64074.0,,0.023531528884645048,
1710,2012,4,65225.0,,0.023480812153502773,
1710,2013,4,71860.0,,0.025380567230600785,
1710,2014,4,75649.0,,0.026128207785030912,
1710,2015,4,78543.0,,0.026544661867585927,
1710,2016,4,77684.0,,0.025675568482284507,
1710,2017,4,76687.0,,0.024827441077441077,
1710,2018,4,81919.0,,0.02601924787193495,
1710,2019,4,86728.0,,0.02699200149388441,
1710,2020,4,90330.0,,0.02753627606389465,
1710,2021,4,97079.0,,0.02910565449421359,
1710,2022,4,98279.0,,0.028835196432238946,
1710,2023,4,101852.0,,0.029248485196565487,
1710,2024,4,100909.0,,0.02834044823906083,
1710,2025,4,99656.0,,0.02738328799494408,
1712,2010,4,18409.0,,0.02161695631751996,
1712,2011,4,18045.0,,0.020670103092783505,
1712,2012,4,18067.0,,0.02050272355878348,
1712,2013,4,19300.0,,0.021724448446645655,
1712,2014,4,20116.0,,0.022323826434358006,
1712,2015,4,20259.0,,0.022184625492772666,
1712,2016,4,20837.0,,0.022456083629701477,
1712,2017,4,20563.0,,0.021810564276622826,
1712,2018,4,21595.0,,0.022541753653444678,
1712,2019,4,22770.0,,0.02324655436447167,
1712,2020,4,23888.0,,0.0239574766823789,
1712,2021,4,26576.0,,0.026219415943172848,
1712,2022,4,26274.0,,0.025412515717187344,
1712,2023,4,26805.0,,0.025395547134059688,
1712,2024,4,25763.0,,0.02395889519203943,
1712,2025,4,24127.0,,0.022039828263451175,
1714,2010,4,50799.0,,0.02249236218729245,
1714,2011,4,52203.0,,0.0219386425719689,
1714,2012,4,50603.0,,0.020905147484094853,
1714,2013,4,56859.0,,0.023125635498434133,
1714,2014,4,62285.0,,0.024873207938980072,
1714,2015,4,61980.0,,0.02426591496358938,
1714,2016,4,62164.0,,0.023878005684873627,
1714,2017,4,61380.0,,0.023141305987030614,
1714,2018,4,66490.0,,0.024629574751815084,
1714,2019,4,71830.0,,0.026092484289294924,
1714,2020,4,74720.0,,0.026583179166073716,
1714,2021,4,79968.0,,0.02788770706190061,
1714,2022,4,82330.0,,0.028088430964484323,
1714,2023,4,84496.0,,0.02818882402001668,
1714,2024,4,81930.0,,0.02672124196862464,
1714,2025,4,75689.0,,0.02416866238784047,
1718,2010,4,75213.0,,0.02411445976274447,
1718,2011,4,73903.0,,0.022594778035954506,
1718,2012,4,74137.0,,0.022288798027779447,
1718,2013,4,82390.0,,0.02436925079120944,
1718,2014,4,87833.0,,0.025491351288599952,
1718,2015,4,88649.0,,0.025221634232388757,
1718,2016,4,88295.0,,0.024636569100700355,
1718,2017,4,89956.0,,0.0246340060793603,
1718,2018,4,98909.0,,0.026587726136394183,
1718,2019,4,100656.0,,0.026496090973702913,
1718,2020,4,101414.0,,0.02615515551658328,
1718,2021,4,110455.0,,0.027979583048357272,
1718,2022,4,111505.0,,0.02765981197132439,
1718,2023,4,113986.0,,0.02767859744548589,
1718,2024,4,110865.0,,0.0263431151241535,
1718,2025,4,106266.0,,0.02472739965095986,
1722,2010,4,51103.0,,0.024627951807228914,
1722,2011,4,54114.0,,0.02487885614454508,
1722,2012,4,52512.0,,0.02366578034161071,
1722,2013,4,56539.0,,0.025010616650446783,
1722,2014,4,60717.0,,0.026303773339687215,
1722,2015,4,64424.0,,0.027317983293050078,
1722,2016,4,62638.0,,0.025974704540742275,
1722,2017,4,64908.0,,0.02636071965235755,
1722,2018,4,68259.0,,0.027149391456526926,
1722,2019,4,72680.0,,0.028281256080003113,
1722,2020,4,74658.0,,0.02839678977596896,
1722,2021,4,80975.0,,0.030205535660996718,
1722,2022,4,81547.0,,0.029726961213181687,
1722,2023,4,87695.0,,0.031247104934972385,
1722,2024,4,84054.0,,0.029214834381842827,
1722,2025,4,81885.0,,0.027800033950093363,
1724,2010,4,16260.0,,0.022760358342665172,
1724,2011,4,15559.0,,0.021395764576457647,
1724,2012,4,15754.0,,0.021303583502366465,
1724,2013,4,16701.0,,0.022250199840127896,
1724,2014,4,17427.0,,0.022816182246661428,
1724,2015,4,17862.0,,0.02298545875691674,
1724,2016,4,17623.0,,0.022290665317480394,
1724,2017,4,17627.0,,0.0219486987921803,
1724,2018,4,18349.0,,0.02248927564652531,
1724,2019,4,20744.0,,0.02499578262441258,
1724,2020,4,21053.0,,0.02487652132813423,
1724,2021,4,23244.0,,0.02699965152747125,
1724,2022,4,23320.0,,0.026542226269064422,
1724,2023,4,23229.0,,0.025907874191389693,
1724,2024,4,22113.0,,0.024193654266958426,
1724,2025,4,21042.0,,0.022606360120326602,
1726,2010,4,39314.0,,0.017595667546882694,
1726,2011,4,37889.0,,0.016498584802961028,
1726,2012,4,38072.0,,0.016486381154462392,
1726,2013,4,41647.0,,0.017791020547652612,
1726,2014,4,42225.0,,0.017945939053933446,
1726,2015,4,42802.0,,0.018050014759836377,
1726,2016,4,43879.0,,0.018334865452114324,
1726,2017,4,43150.0,,0.017800420774720514,
1726,2018,4,45548.0,,0.018478640107103737,
1726,2019,4,50285.0,,0.020034662735567154,
1726,2020,4,54401.0,,0.02115371155266944,
1726,2021,4,63034.0,,0.023394447743467932,
1726,2022,4,74036.0,,0.02588128364678739,
1726,2023,4,75017.0,,0.025374441888783655,
1726,2024,4,68153.0,,0.022412851881083926,
1726,2025,4,62318.0,,0.020019917758930868,
1727,2010,4,54830.0,,0.021203449476004485,
1727,2011,4,53545.0,,0.020248449553774014,
1727,2012,4,52875.0,,0.019795956570572818,
1727,2013,4,55128.0,,0.020450346848684943,
1727,2014,4,57848.0,,0.021221614879489342,
1727,2015,4,58692.0,,0.021278323605119095,
1727,2016,4,57190.0,,0.020468129272395403,
1727,2017,4,54794.0,,0.019366627787792034,
1727,2018,4,59300.0,,0.020725569691038725,
1727,2019,4,64086.0,,0.022110056925996206,
1727,2020,4,65954.0,,0.02241884496413882,
1727,2021,4,72659.0,,0.024415806982761516,
1727,2022,4,73556.0,,0.0250062893081761,
1727,2023,4,73171.0,,0.02444411037616089,
1727,2024,4,69576.0,,0.02279834851563012,
1727,2025,4,64245.0,,0.020667524529515844,
1730,2010,4,70622.0,,0.02296949196643466,
1730,2011,4,67746.0,,0.02097918989223337,
1730,2012,4,66989.0,,0.020418495488905144,
1730,2013,4,73671.0,,0.022125416704207587,
1730,2014,4,76697.0,,0.02264786652886461,
1730,2015,4,79241.0,,0.02300240935876223,
1730,2016,4,78587.0,,0.022419479074544262,
1730,2017,4,75501.0,,0.02117958931777379,
1730,2018,4,81414.0,,0.022488812772774983,
1730,2019,4,87751.0,,0.023824016506936715,
1730,2020,4,93037.0,,0.024796641791044776,
1730,2021,4,99146.0,,0.025954450261780105,
1730,2022,4,101308.0,,0.02600041063545837,
1730,2023,4,106497.0,,0.02678293891305988,
1730,2024,4,103062.0,,0.025375353933275883,
1730,2025,4,98319.0,,0.02372162038265737,
1733,2010,4,35965.0,,0.023030865778688524,
1733,2011,4,35116.0,,0.02193242146024608,
1733,2012,4,34731.0,,0.02131913326376527,
1733,2013,4,37858.0,,0.02289152255411779,
1733,2014,4,40248.0,,0.023898818359954874,
1733,2015,4,39543.0,,0.023049079039403123,
1733,2016,4,39199.0,,0.022439177972408266,
1733,2017,4,37619.0,,0.02117352394889402,
1733,2018,4,40103.0,,0.022217728531855954,
1733,2019,4,41092.0,,0.02238492128343411,
1733,2020,4,41978.0,,0.02249022234128047,
1733,2021,4,42653.0,,0.02252838958432367,
1733,2022,4,44920.0,,0.023344766656272737,
1733,2023,4,48301.0,,0.024667279505643225,
1733,2024,4,47423.0,,0.023763780316696733,
1733,2025,4,46056.0,,0.022660893524896673,
1735,2010,4,37942.0,,0.02324877450980392,
1735,2011,4,35840.0,,0.021321910881075615,
1735,2012,4,38207.0,,0.022570297731569,
1735,2013,4,39100.0,,0.022841453440822525,
1735,2014,4,40883.0,,0.02354333429311834,
1735,2015,4,41345.0,,0.02345017299075492,
1735,2016,4,39427.0,,0.022012729607503768,
1735,2017,4,37754.0,,0.02077248968363136,
1735,2018,4,40108.0,,0.02177061282093036,
1735,2019,4,41137.0,,0.02200074874318109,
1735,2020,4,39286.0,,0.020695359005425906,
1735,2021,4,40272.0,,0.020934657171076572,
1735,2022,4,42835.0,,0.021983577110597896,
1735,2023,4,44021.0,,0.022275579394798097,
1735,2024,4,41641.0,,0.020792430219204076,
1735,2025,4,39277.0,,0.01935113563580825,
1700,2010,5,8245.8,8245.8,0.00029447813323619533,0.00029447813323619533
1700,2011,5,9504.8,7830.803174909502,0.0003263629933318225,0.00026888354982280575
1700,2012,5,11753.9,8445.616682034835,0.00039769043897223516,0.0002857554518644591
1700,2013,5,15219.3,9698.561567736395,0.0005074199409872139,0.00032335544593783304
1700,2014,5,20060.4,11303.058442251802,0.0006578733340329521,0.0003706795847626916
1700,2015,5,25423.1,13022.08198144165,0.0008195051978402771,0.0004197624943651108
1700,2016,5,29413.9,13879.747483611862,0.0009315477604329968,0.00043957610802151877
1700,2017,5,34698.0,13460.20590190374,0.001080244703538239,0.00041905343633828057
1700,2018,5,51129.3,15663.676185023565,0.0015656603392259476,0.0004796466325447325
1700,2019,5,71156.5,18576.98237793569,0.002139691178902738,0.0005586138346419596
1700,2020,5,88130.3,20562.96503855869,0.0025993151492986325,0.0006064841097695542
1700,2021,5,107492.7,22219.365731703572,0.003110420181197897,0.0006429419261522668
1700,2022,5,130790.9,23706.116456961852,0.0037081394788397366,0.0006721078173178151
1700,2023,5,222935.8,35472.00168474571,0.0061883808143811635,0.0009846523289376433
1700,2024,5,259654.3,36218.542725372055,0.007055861716639764,0.000984204879520325
1700,2025,5,0.0,0.0,0.0,0.0
1703,2010,5,345.3,345.3,0.00013545957396728258,0.00013545957396728258
1703,2011,5,534.4,440.28082828377643,0.0001999775474310519,0.00016475726089278017
1703,2012,5,672.9,483.5038128060678,0.00024791835531648367,0.0001781386090951543
1703,2013,5,862.7,549.7591258787322,0.0003129806994630678,0.00019944823896340597
1703,2014,5,1131.8,637.7141804221545,0.0004034218499376225,0.00022730856546859901
1703,2015,5,1341.9,687.3407181223592,0.00046963916984565853,0.00024055602076168385
1703,2016,5,1578.0,744.6221524224777,0.0005421748840405429,0.0002558399424231155
1703,2017,5,1782.9,691.6306733098213,0.0006018227848101266,0.00023346183065310424
1703,2018,5,2819.5,863.7656882389147,0.0009361822226649401,0.0002868033629640783
1703,2019,5,3539.1,923.9605423784502,0.001153966546023672,0.00030126855860264444
1703,2020,5,4673.0,1090.3257520419736,0.001494069124276625,0.0003486030476202876
1703,2021,5,5657.8,1169.5001375612712,0.0017746620244032496,0.00036683295303198497
1703,2022,5,6864.1,1244.1320762547844,0.0021097587213769788,0.00038239805632542934
1703,2023,5,10931.0,1739.265072796542,0.0032897944442772443,0.0005234493251863069
1703,2024,5,12782.8,1783.0414822704106,0.0037658496346924344,0.0005252891474989426
1703,2025,5,0.0,0.0,0.0,0.0
1706,2010,5,580.0,580.0,0.00035968992248062016,0.00035968992248062016
1706,2011,5,793.5,653.7478241825909,0.0004712554935265471,0.00038825740835169906
1706,2012,5,978.5,703.0888405866211,0.000573093592596931,0.0004117891768692873
1706,2013,5,1279.6,815.4303668418055,0.0007397814649939295,0.00047142878351263544
1706,2014,5,1648.4,928.7931215832122,0.0009385105898428605,0.0005288050111496312
1706,2015,5,2061.7,1056.0327584416632,0.0011547552369216981,0.0005914824456377636
1706,2016,5,2202.9,1039.4981873076529,0.0012135852798589688,0.0005726631706190243
1706,2017,5,2543.7,986.7636680117743,0.001379820992676973,0.0005352664323361944
1706,2018,5,3581.2,1097.1156881437137,0.0019148754143941823,0.0005866301401688127
1706,2019,5,4368.1,1140.389377288946,0.0023053092674688623,0.0006018521096099567
1706,2020,5,5659.8,1320.5704454113338,0.00294183689380945,0.0006864028511935828
1706,2021,5,7401.1,1529.850377903907,0.003801088798726311,0.0007857071428811602
1706,2022,5,8448.7,1531.344046947713,0.0042739275596924324,0.0007746580569342943
1706,2023,5,14524.8,2311.085658160755,0.0072273473652784,0.0011499654964227273
1706,2024,5,16648.9,2322.3143078333264,0.008145254403131116,0.0011361615987442889
1706,2025,5,0.0,0.0,0.0,0.0
1708,2010,5,211.5,211.5,0.00018938037249283668,0.00018938037249283668
1708,2011,5,294.3,242.4675294983447,0.0002522499357161224,0.00020782337318791866
1708,2012,5,363.3,261.044635447235,0.0003061688858924659,0.0002199937935675333
1708,2013,5,532.2,339.1466405386128,0.0004416597510373444,0.0002814494942229152
1708,2014,5,659.5,371.5961318151713,0.0005375774372350831,0.00030289870542482176
1708,2015,5,759.2,388.8732939850176,0.0006073114150867931,0.000311073749288071
1708,2016,5,906.1,427.5678911977231,0.0007100540709975708,0.00033505829574306334
1708,2017,5,996.1,386.4116404082747,0.000765641813989239,0.00029701125319621423
1708,2018,5,1564.3,479.22988689914314,0.0011806037735849057,0.00036168293350878725
1708,2019,5,2510.6,655.4478081137399,0.0018564034309375924,0.00048465528550261755
1708,2020,5,2715.0,633.4762287168753,0.001964401996961146,0.0004583432665631107
1708,2021,5,3085.4,637.7701093060106,0.0021874512584190006,0.00045215888642751546
1708,2022,5,3446.4,624.6670047937076,0.0023876957184425663,0.00043277470194936097
1708,2023,5,5942.9,945.5931205857258,0.004027719417146729,0.0006408628401123184
1708,2024,5,6405.7,893.5154131316746,0.004249502454557516,0.0005927526954568626
1708,2025,5,0.0,0.0,0.0,0.0
1710,2010,5,699.2,699.2,0.00026726807079240094,0.00026726807079240094
1710,2011,5,791.5,652.1000665917086,0.0002906827279738514,0.00023948733577865827
1710,2012,5,997.9,717.0284660412766,0.0003592411260709914,0.0002581281827493976
1710,2013,5,1168.2,744.4402583186912,0.0004126019849539081,0.0002629323131842939
1710,2014,5,1560.0,878.984026734901,0.0005388042689876696,0.00030358996536970296
1710,2015,5,2067.5,1059.0036028899156,0.0006987393963973098,0.0003579044925107018
1710,2016,5,2560.0,1208.005519772841,0.0008461131676361713,0.00039926147533475705
1710,2017,5,2759.1,1070.3226152499456,0.0008932595182595182,0.00034651729320446306
1710,2018,5,3701.1,1133.8475576311569,0.0011755494854529284,0.0003601345310732934
1710,2019,5,4365.3,1139.6583751927465,0.0013585945037502725,0.00035469122504520445
1710,2020,5,4832.6,1127.5643546582585,0.0014731740031703451,0.00034372770231016293
1710,2021,5,6336.6,1309.812042078326,0.001899802122683936,0.00039270013853760446
1710,2022,5,7793.8,1412.6420908661787,0.0022867118504826455,0.00041447117063233245
1710,2023,5,13986.6,2225.4509987353504,0.00401648335869971,0.0006390750362505672
1710,2024,5,15387.4,2146.3507607322117,0.004321575015446835,0.0006028059205561455
1710,2025,5,0.0,0.0,0.0,0.0
1712,2010,5,418.9,418.9,0.0004918976045091592,0.0004918976045091592
1712,2011,5,575.0,473.7303073786891,0.0006586483390607102,0.000542646400204684
1712,2012,5,653.8,469.7797485697832,0.0007419428052655469,0.0005331136502153691
1712,2013,5,746.0,475.3915705407838,0.0008397118415128321,0.0005351098272633766
1712,2014,5,891.7,502.42952348686623,0.0009895683054045056,0.0005575735473164646
1712,2015,5,1019.2,522.049079596325,0.0011160753394656156,0.0005716700389797689
1712,2016,5,1153.1,544.1215487695557,0.0012426985666558895,0.0005864010655992625
1712,2017,5,1313.5,509.53889135254377,0.001393190496393721,0.0005404527909976069
1712,2018,5,2280.8,698.7326766218538,0.002380793319415449,0.0007293660507535009
1712,2019,5,3464.0,904.3540218696708,0.0035364982133741707,0.0009232812882793985
1712,2020,5,3944.7,920.3954620329496,0.0039561729014141005,0.000923072371911493
1712,2021,5,5155.5,1065.6718086883832,0.005086325966850829,0.0010513731340650978
1712,2022,5,5855.0,1061.230650263219,0.005663023503240158,0.001026434520034064
1712,2023,5,10645.4,1693.822377270909,0.01008564661297963,0.001604758292061496
1712,2024,5,14186.2,1978.7983130287967,0.013192783409281131,0.001840229064473911
1712,2025,5,0.0,0.0,0.0,0.0
1714,2010,5,347.9,347.9,0.00015404029222935577,0.00015404029222935577
1714,2011,5,475.9,392.0839187504663,0.00019999999999999998,0.00016477575908823967
1714,2012,5,548.9,394.4051758794035,0.0002267619598446666,0.000162936947814345
1714,2013,5,730.9,465.7690333890869,0.00029727091552446416,0.00018943711448695934
1714,2014,5,890.4,501.6970367979204,0.0003555768539595064,0.00020035024032503512
1714,2015,5,1010.4,517.5415914679422,0.0003955837444209537,0.00020262375360893519
1714,2016,5,1289.9,608.674343732417,0.0004954674656218791,0.00023379977864808213
1714,2017,5,1475.2,572.2662904630929,0.0005561755391343689,0.00021575414359187637
1714,2018,5,2257.6,691.6252590062684,0.0008362720403022669,0.00025619545821835396
1714,2019,5,3471.0,906.1815271101694,0.0012608521922336446,0.0003291734269716188
1714,2020,5,4678.2,1091.5390398465142,0.0016643660167923722,0.00038833749816654127
1714,2021,5,5556.7,1148.602180067644,0.0019378204010462073,0.00040055873759987584
1714,2022,5,6653.2,1205.906022601409,0.002269864555968749,0.00041141756425963253
1714,2023,5,11732.9,1866.8578513049627,0.003914228523769808,0.0006228049545637907
1714,2024,5,13234.7,1846.0759071098826,0.004316460650337563,0.0006020925302859928
1714,2025,5,0.0,0.0,0.0,0.0
1718,2010,5,519.7,519.7,0.00016662391792241103,0.00016662391792241103
1718,2011,5,745.0,613.7897026036928,0.00022777302189066895,0.00018765736290928605
1718,2012,5,926.2,665.5093348506167,0.0002784558956166196,0.00020008097373898644
1718,2013,5,1214.5,773.9451238897881,0.0003592238752994765,0.00022891689310236568
1718,2014,5,1562.8,880.5616903726303,0.00045356396563733456,0.00025556120570368885
1718,2015,5,2010.6,1029.858594423441,0.0005720382383065893,0.0002930063145622627
1718,2016,5,2194.9,1035.7231700583627,0.0006124333826278635,0.00028899332293266073
1718,2017,5,2342.4,908.6744568741519,0.000641454664950571,0.00024883600976919023
1718,2018,5,3299.0,1010.6625307679303,0.0008868041181688664,0.00027167617288995733
1718,2019,5,4527.2,1181.9259606837104,0.0011917133907183657,0.0003111232095300509
1718,2020,5,5755.3,1342.8529425908775,0.0014843193892814773,0.00034632819481891927
1718,2021,5,7385.7,1526.6671084142743,0.0018708868455049774,0.0003867231827176012
1718,2022,5,8895.4,1612.3093298636104,0.0022065834842358543,0.0003999477413895295
1718,2023,5,13199.3,2100.181271188674,0.0032051138847069105,0.0005099755405732296
1718,2024,5,15389.5,2146.6436845918333,0.0036567660686705476,0.0005100733478892321
1718,2025,5,0.0,0.0,0.0,0.0
1722,2010,5,335.9,335.9,0.00016187951807228914,0.00016187951807228914
1722,2011,5,470.6,387.717361134628,0.00021635786860374237,0.00017825266016947635
1722,2012,5,605.3,434.93068493314433,0.00027279282527378426,0.00019601184592957967
1722,2013,5,849.5,541.3473715474474,0.0003757851897726267,0.00023947065891685723
1722,2014,5,1051.5,592.4690410972746,0.00045553004375514447,0.000256668994973476
1722,2015,5,1351.3,692.155534986768,0.0005729974981978544,0.00029349766144543443
1722,2016,5,1554.8,733.6746023995363,0.0006447439353099731,0.0003042399346462933
1722,2017,5,1827.0,708.7381457945165,0.0007419891970921496,0.0002878358225214298
1722,2018,5,2879.7,882.2082115345282,0.0011453742741229815,0.0003508902281181005
1722,2019,5,3979.7,1038.9889436589863,0.0015485816568738082,0.0004042915847538761
1722,2020,5,4774.7,1114.0548616038543,0.001816096763150888,0.00042374001049935505
1722,2021,5,5868.4,1213.0323813610528,0.002189048045359594,0.0004524889515670892
1722,2022,5,6521.9,1182.1076307347032,0.0023774788568095653,0.00043092287501265064
1722,2023,5,11723.5,1865.3621883569901,0.0041772670586139315,0.000664657825888826
1722,2024,5,12962.2,1808.0655491352068,0.004505300476173925,0.0006284333353499033
1722,2025,5,0.0,0.0,0.0,0.0
1724,2010,5,134.9,134.9,0.00018882978723404255,0.00018882978723404255
1724,2011,5,168.0,138.41163763412132,0.00023102310231023102,0.00019033503525044186
1724,2012,5,230.3,165.47916196944186,0.0003114266396213658,0.0002237716862331871
1724,2013,5,313.0,199.46053831000714,0.00041699973354649615,0.000265734796576082
1724,2014,5,376.5,212.13941414467322,0.000492930086410055,0.00027774209759711077
1724,2015,5,478.9,245.29955280482733,0.0006162656028825119,0.00031566021465040194
1724,2016,5,540.7,255.14397833639654,0.0006839109537060461,0.00032272195590234826
1724,2017,5,552.4,214.28951928674928,0.0006878346407670278,0.00026682794083769055
1724,2018,5,1001.1,306.6911971966581,0.001226988601544307,0.00037589312072148313
1724,2019,5,1926.2,502.8772277498152,0.0023210025304253525,0.0006059491839376011
1724,2020,5,2407.6,561.7522535023016,0.002844854070660522,0.0006637743749288688
1724,2021,5,2708.8,559.9247008777213,0.0031464746195841563,0.0006503945880795926
1724,2022,5,3260.1,590.8997511397301,0.0037105622581379465,0.0006725469509899045
1724,2023,5,4663.2,741.9761126580216,0.005200981485612313,0.0008275441809703565
1724,2024,5,4781.9,667.0155258682664,0.005231838074398249,0.0007297762865079501
1724,2025,5,0.0,0.0,0.0,0.0
1726,2010,5,1228.4,1228.4,0.0005497918811260798,0.0005497918811260798
1726,2011,5,1866.5,1537.7697716909968,0.0008127585456128892,0.0006696145315440874
1726,2012,5,2300.5,1652.9952762079938,0.0009961893214393972,0.0007157992795253946
1726,2013,5,2725.6,1736.899818587078,0.0011643385022854457,0.0007419795030061421
1726,2014,5,3460.1,1949.5978403239942,0.0014705682349441115,0.0008285935825253917
1726,2015,5,4113.0,2106.738485458874,0.0017344916290642264,0.0008884318666802488
1726,2016,5,4633.4,2186.3956153576096,0.0019360688617750291,0.0009135866686267799
1726,2017,5,6197.9,2404.317544510035,0.002556783961057712,0.0009918392576667775
1726,2018,5,10870.7,3330.2846842130766,0.0044101991967219764,0.0013510830801302595
1726,2019,5,16256.9,4244.224277752035,0.006477110641858241,0.0016909933773266007
1726,2020,5,19215.4,4483.425092186463,0.0074718668584982705,0.0017433701801090576
1726,2021,5,26535.4,5485.0213776102655,0.00984835213776722,0.0020357116157995346
1726,2022,5,32946.3,5971.583838218121,0.011517269104383696,0.002087528433971237
1726,2023,5,54310.9,8641.574553302142,0.018370619672574754,0.002923005869740949
1726,2024,5,69012.3,9626.356798736604,0.022695441988950276,0.0031657316491504224
1726,2025,5,0.0,0.0,0.0,0.0
1727,2010,5,509.9,509.9,0.00019718473258826714,0.00019718473258826714
1727,2011,5,684.2,563.697871840868,0.0002587354409317804,0.00021316664341282254
1727,2012,5,907.1,651.7852706143321,0.00033961063272182704,0.0002440229392041678
1727,2013,5,1151.7,733.9255654045854,0.00042723596839410914,0.0002722578793651317
1727,2014,5,1330.9,749.8973340906922,0.0004882424153490591,0.0002751008232476218
1727,2015,5,1562.0,800.0791427879313,0.0005662908313091397,0.00029006240901567317
1727,2016,5,1646.3,776.8513621882921,0.0005892058265631151,0.00027803276983225084
1727,2017,5,1825.4,708.1174665206954,0.0006451772523238964,0.00025028009278644733
1727,2018,5,3006.7,921.1151958957065,0.0010508527890395638,0.00032193317345718806
1727,2019,5,5594.1,1460.4638665534426,0.0019299982749698122,0.0005038688516658419
1727,2020,5,7102.6,1657.2111462557934,0.002414290084639179,0.0005633132146761594
1727,2021,5,9401.2,1943.2826705152222,0.0031591115292852585,0.0006530067107480837
1727,2022,5,12237.4,2218.053622464751,0.004160258371579126,0.0007540552855566041
1727,2023,5,22121.8,3519.867723665771,0.007390191755194762,0.0011758761687932688
1727,2024,5,28990.3,4043.785984562372,0.009499410184153614,0.0013250494739374705
1727,2025,5,0.0,0.0,0.0,0.0
1730,2010,5,489.2,489.2,0.0001591101281467508,0.0001591101281467508
1730,2011,5,671.0,552.8226717410441,0.00020779140344357735,0.0001711949311721306
1730,2012,5,806.5,579.5004087206029,0.00024582418922214095,0.0001766338724459287
1730,2013,5,1089.7,694.4158102121878,0.0003272667207255909,0.00020855206481430394
1730,2014,5,1396.2,786.6907039277365,0.00041228406909788866,0.000232301994368149
1730,2015,5,1649.0,844.641809511715,0.00047867862637522134,0.0002451861620110061
1730,2016,5,1840.0,868.2539673367294,0.0005249194077539725,0.0002476974773448006
1730,2017,5,1969.5,764.017393619212,0.0005524854129263913,0.000214322653057454
1730,2018,5,2942.7,901.5085266113332,0.0008128556433346224,0.00024902174648122567
1730,2019,5,4162.8,1086.7912593068895,0.0011301821735943312,0.0002950591207088452
1730,2020,5,5473.9,1277.195406399007,0.0014589285714285713,0.000340403892963488
1730,2021,5,6993.7,1445.6384304963524,0.0018308115183246073,0.000378439379711087
1730,2022,5,8646.0,1567.1050729591445,0.0022189713581767787,0.0004021930687196244
1730,2023,5,15006.5,2387.7304285903674,0.003773985866257576,0.0006004905134397222
1730,2024,5,15811.7,2205.5353291309457,0.0038930690631540075,0.0005430346741674125
1730,2025,5,0.0,0.0,0.0,0.0
1733,2010,5,282.7,282.7,0.00018103227459016392,0.00018103227459016392
1733,2011,5,390.1,321.3951181016115,0.00024364499406657924,0.00020073394422685123
1733,2012,5,528.7,379.8907205090921,0.00032453501933582963,0.0002331905472402505
1733,2013,5,790.3,503.6219278798678,0.0004778691498367396,0.0003045240826459474
1733,2014,5,961.4,541.7020790403423,0.0005708687132593076,0.00032165671815233195
1733,2015,5,1174.7,601.6984436830877,0.0006847167171834926,0.00035072187204656546
1733,2016,5,1220.9,576.1148199572897,0.0006988951857576279,0.00032979267271010916
1733,2017,5,1375.8,533.7065905769545,0.0007743569539033038,0.00030039206989190885
1733,2018,5,1878.3,575.4251080755997,0.0010406094182825484,0.00031879507372609405
1733,2019,5,2496.8,651.8450120681854,0.0013601350983276136,0.0003550934314257152
1733,2020,5,2856.8,666.5616538483866,0.001530565229038307,0.00035711848585501563
1733,2021,5,4228.5,874.0555218773791,0.002233401996514023,0.00046165717101218984
1733,2022,5,4878.4,884.219915327769,0.002535287392162977,0.0004595259927906501
1733,2023,5,9452.7,1504.0482072659292,0.004827485828098667,0.0007681161366967618
1733,2024,5,11387.1,1588.3587056639699,0.005706103427540589,0.0007959303997113499
1733,2025,5,0.0,0.0,0.0,0.0
1735,2010,5,237.1,237.1,0.00014528186274509803,0.00014528186274509803
1735,2011,5,398.6,328.3980878628617,0.00023713486822535547,0.00019537038959061318
1735,2012,5,537.2,385.998288362936,0.00031734404536862005,0.00022802356354143197
1735,2013,5,720.8,459.33276681742217,0.00042107722864820655,0.00026833319711264293
1735,2014,5,1053.5,593.5959436956527,0.0006066801036567809,0.00034183469259755413
1735,2015,5,1219.3,624.5432130610272,0.0006915659917191311,0.0003542301701894545
1735,2016,5,1171.8,552.9456515897715,0.0006542348277594773,0.0003087184699847979
1735,2017,5,1398.8,542.6288551381334,0.0007696286107290234,0.0002985578295120404
1735,2018,5,2182.7,668.6793288594002,0.0011847690387016229,0.00036295898000293127
1735,2019,5,3315.4,865.5586963356543,0.0017731308161300675,0.0004629151226525052
1735,2020,5,3992.5,931.5483768516114,0.0021031975978507084,0.0004907276915406476
1735,2021,5,4480.6,926.1660568342876,0.0023291573530176226,0.00048145035963730704
1735,2022,5,5272.4,955.6332161311351,0.0027058763151141902,0.0004904455817968361
1735,2023,5,7995.6,1272.2045390222333,0.004045946766521607,0.0006437630498037816
1735,2024,5,8505.9,1186.46717026347,0.00424721625805163,0.0005924337995024067
1735,2025,5,0.0,0.0,0.0,0.0
1700,2010,6,13683.8,13683.8,0.0004886827087217067,0.0004886827087217067
1700,2011,6,18336.4,15106.971144727991,0.0006296105537128221,0.0005187227845899858
1700,2012,6,21527.8,15468.52932282132,0.0007283880441476008,0.0005233740474776629
1700,2013,6,28614.1,18234.45300081909,0.0009540100355076933,0.0006079468218387013
1700,2014,6,33868.5,19083.250326583973,0.0011107048221219436,0.0006258280750401397
1700,2015,6,42085.5,21556.805866710296,0.0013566121363526474,0.0006948764885715302
1700,2016,6,48253.8,22769.865917974497,0.0015282135086602503,0.0007211290444738292
1700,2017,6,59690.4,23155.371328808436,0.0018583272365000545,0.0007208907497955647
1700,2018,6,83512.6,25584.436394971162,0.00255728839717424,0.0007834360604400066
1700,2019,6,110321.0,28801.743662437628,0.0033173760731307605,0.0008660745940502362
1700,2020,6,129348.6,30180.20748353872,0.0038150077274282414,0.0008901350672917051
1700,2021,6,155159.1,32072.28760187406,0.004489700193003828,0.000928047119609538
1700,2022,6,145011.7,26283.665360678882,0.004111322803525813,0.000745185614385602
1703,2010,6,3266.9,3266.9,0.001281589580636303,0.001281589580636303
1703,2011,6,3887.6,3202.911205157203,0.0014547767840437076,0.0011985597444737503
1703,2012,6,4843.0,3479.8766019018967,0.0017843195048264683,0.001282100288078217
1703,2013,6,6717.3,4280.627073449876,0.0024369830213321723,0.0015529774609816702
1703,2014,6,7329.6,4129.872642535982,0.0026125824273747996,0.0014720629629427844
1703,2015,6,7159.7,3667.3025855433752,0.0025057571833549154,0.0012834853132479528
1703,2016,6,5313.5,2507.319269262887,0.0018256313348221954,0.0008614737224747936
1703,2017,6,9853.1,3822.2593455544343,0.0033259409282700423,0.0012902141250816655
1703,2018,6,21385.4,6551.507270531827,0.007100773649433875,0.002175351884494414
1703,2019,6,26179.4,6834.712956159024,0.008536111382829567,0.002228541183657447
1703,2020,6,27490.4,6414.185973450604,0.008789334015410686,0.0020507676482561
1703,2021,6,25823.9,5337.950193073017,0.00810009096326966,0.0016743358718587925
1703,2022,6,36563.5,6627.20869016212,0.011238205009989243,0.0020369474996656278
1706,2010,6,764.1,764.1,0.0004738604651162791,0.0004738604651162791
1706,2011,6,977.2,805.0943589051391,0.0005803539612780615,0.0004781413225472972
1706,2012,6,1082.0,777.457460924603,0.0006337120768419819,0.0004553458246015011
1706,2013,6,1331.8,848.6950316973403,0.000769960108689368,0.0004906602484230446
1706,2014,6,1732.7,976.2920661048481,0.0009865064905488499,0.000555848363758169
1706,2015,6,2292.0,1173.995771619679,0.0012837459392853142,0.000657553361498644
1706,2016,6,2635.9,1243.820995925481,0.0014521264874394007,0.0006852253172793527
1706,2017,6,3112.1,1207.259980036735,0.0016881475454298888,0.0006548738703752292
1706,2018,6,3661.3,1121.6546601699374,0.001957705058282537,0.0005997511817826636
1706,2019,6,5311.1,1386.58044040185,0.0028029871226514674,0.000731781950813727
1706,2020,6,6701.9,1563.7179879328276,0.0034834970632569256,0.0008127854815389717
1706,2021,6,8570.2,1771.5101415616684,0.004401520209542396,0.000909819804612844
1706,2022,6,4899.6,888.0624584166812,0.0024785511938486444,0.00044924244153008965
1708,2010,6,256.9,256.9,0.00023003223495702004,0.00023003223495702004
1708,2011,6,312.8,257.70928721400685,0.000268106625524985,0.0002208873636873291
1708,2012,6,382.6,274.91240716243357,0.00032243384459801117,0.00023168077461860237
1708,2013,6,442.1,281.730044686435,0.00036688796680497927,0.0002338008669596971
1708,2014,6,573.6,323.19566521483284,0.0004675578741441148,0.0002634460916325667
1708,2015,6,878.1,449.77560517418857,0.0007024238060955124,0.0003597917008032866
1708,2016,6,1053.4,497.07539630027765,0.0008254838962463757,0.00038952699341766135
1708,2017,6,1299.5,504.1079477066088,0.000998847040737894,0.0003874772849397454
1708,2018,6,1821.5,558.0241890857184,0.0013747169811320755,0.00042115033138544786
1708,2019,6,2351.6,613.9373319366968,0.0017388346643005027,0.0004539613516242951
1708,2020,6,2992.9,698.317128886459,0.0021654728311989004,0.0005052580340687787
1708,2021,6,4009.7,828.8282904272737,0.0028427507975895073,0.0005876131091295808
1708,2022,6,4115.2,745.888364126934,0.00285104614105584,0.0005167579078058293
1710,2010,6,651.7,651.7,0.0002491112725048737,0.0002491112725048737
1710,2011,6,815.6,671.9555455618414,0.0002995335855154431,0.00024677936962864646
1710,2012,6,947.8,681.029742573326,0.0003412052703578371,0.00024516874597642953
1710,2013,6,1498.2,954.7341166008074,0.0005291562179917353,0.0003372069779256198
1710,2014,6,1520.5,856.727700416934,0.0005251614685870203,0.00029590291175938036
1710,2015,6,2094.3,1072.730953099081,0.0007077968163844673,0.0003625438349045527
1710,2016,6,2577.2,1216.1218068588146,0.0008517979904812268,0.0004019440133721624
1710,2017,6,2549.3,988.9360454701484,0.0008253367003367004,0.0003201683648893254
1710,2018,6,2891.7,885.8844620253483,0.0009184665226781857,0.0002813760837331179
1710,2019,6,3899.8,1018.1292766995791,0.0012137188385048707,0.00031686821969424515
1710,2020,6,4947.4,1154.3500161892703,0.0015081697353981221,0.00035189306675688034
1710,2021,6,4660.9,963.4351145603113,0.0013974036097619475,0.0002888514464712812
1710,2022,6,3003.5,544.3904796012944,0.0008812311122847167,0.00015972493020018611
1712,2010,6,455.8,455.8,0.0005352278064819164,0.0005352278064819164
1712,2011,6,568.7,468.53987096740957,0.0006514318442153494,0.0005367008831241805
1712,2012,6,716.5,514.8320432093143,0.0008130957784838857,0.0005842397222075741
1712,2013,6,1096.1,698.4942365546287,0.0012337910850968032,0.0007862384472699559
1712,2014,6,1112.2,626.6705349580494,0.0012342692265009433,0.000695450599221007
1712,2015,6,1768.6,905.9026708929163,0.00193670608848007,0.0009920090570443674
1712,2016,6,2139.2,1009.4396124601801,0.0023054208427632284,0.0010878754310380215
1712,2017,6,2193.6,850.9512844087857,0.002326686465846415,0.0009025787912693951
1712,2018,6,2528.3,774.5553429950162,0.002639144050104384,0.0008085128841284094
1712,2019,6,3243.4,846.7614995762385,0.0033112812659520166,0.0008644834094703813
1712,2020,6,3896.5,909.1492173831693,0.003907832714873132,0.0009117934182962284
1712,2021,6,4342.5,897.6199843331013,0.0042842344119968425,0.0008855761487106367
1712,2022,6,3156.4,572.1039153699103,0.00305290647064513,0.0005533455028241709
1714,2010,6,581.8,581.8,0.00025760460482621205,0.00025760460482621205
1714,2011,6,774.5,638.0941270692082,0.0003254885480142887,0.00026816311286791686
1714,2012,6,968.6,695.9753203803793,0.00040014872345699415,0.00028752182119324936
1714,2013,6,1113.1,709.3275565267378,0.0004527189165005897,0.00028849699293396423
1714,2014,6,1413.1,796.2130308840311,0.0005643145241803442,0.00031796375180065937
1714,2015,6,2098.1,1074.6773684272462,0.0008214313679429958,0.0004207491067368437
1714,2016,6,2413.4,1138.8283286795993,0.0009270185142505954,0.00043743886021341293
1714,2017,6,3090.5,1198.8808098401496,0.0011651711657366913,0.0004519984956417394
1714,2018,6,4135.6,1266.9584608195978,0.00153193065639354,0.00046931340228907907
1714,2019,6,6030.0,1574.2652286010723,0.002190417378037706,0.0005718570338919221
1714,2020,6,6442.2,1503.123595079136,0.0022919453536359756,0.0005347671819692386
1714,2021,6,8303.8,1716.4437135072437,0.0028958326068003483,0.0005985854275526569
1714,2022,6,7696.0,1394.9156420880843,0.002625635426972809,0.00047590175773193827
1718,2010,6,1412.4,1412.4,0.00045283744789996797,0.00045283744789996797
1718,2011,6,1736.3,1430.5007525245528,0.0005308487220251926,0.00043735500566361525
1718,2012,6,2070.7,1487.8753829358368,0.0006225422403944441,0.00044731987942271564
1718,2013,6,2484.0,1582.939224159929,0.0007347156082699873,0.00046820054546420445
1718,2014,6,3242.3,1826.8781473606218,0.0009409972138379383,0.0005302061026702525
1718,2015,6,3829.9,1961.7305435105623,0.0010896494821895982,0.0005581343301213617
1718,2016,6,5079.8,2397.041577867999,0.0014173944585507408,0.000668836066259661
1718,2017,6,5919.2,2296.202973501315,0.0016209436700714735,0.0006288038375280869
1718,2018,6,7848.2,2404.32909183779,0.002109674471116368,0.0006463076508259967
1718,2019,6,8745.3,2283.15451139054,0.002302061122956645,0.0006010041094502461
1718,2020,6,11836.0,2761.6297027966616,0.0030525609944808377,0.0007122375052346061
1718,2021,6,14381.9,2972.8223034381645,0.0036431086455404414,0.0007530517271925842
1718,2022,6,9896.6,1793.7788647984585,0.002454940093766279,0.0004449628816506979
1722,2010,6,290.7,290.7,0.00014009638554216867,0.00014009638554216867
1722,2011,6,363.6,299.56233002241976,0.00016716472805848007,0.00013772347479307608
1722,2012,6,445.5,320.1084092808786,0.00020077515886249942,0.00014426445954341278
1722,2013,6,537.8,342.71526358824866,0.000237901442095019,0.00015160367317891207
1722,2014,6,687.7,387.4854584523022,0.0002979248797816575,0.00016786616057371323
1722,2015,6,942.8,482.91588720900234,0.00039977950218377645,0.00020477288182546848
1722,2016,6,985.2,464.89337425007926,0.0004085424009952312,0.00019278182635292527
1722,2017,6,1068.4,414.4585850940676,0.00043390326117857293,0.00016832172566058872
1722,2018,6,1218.0,373.1394248182295,0.00048444833346591364,0.00014841278530674945
1722,2019,6,1601.3,418.0548773729514,0.0006230981750262656,0.0001626735971722446
1722,2020,6,2161.1,504.2377450755209,0.0008219923167623901,0.0001917910102603632
1722,2021,6,2640.6,545.827364566491,0.0009850044762757385,0.00020360614912208708
1722,2022,6,1733.6,314.2185235348107,0.00063196267133275,0.00011454451864056965
1724,2010,6,252.9,252.9,0.000354003359462486,0.000354003359462486
1724,2011,6,391.3,322.38377265614093,0.0005380913091309131,0.0004433220196041542
1724,2012,6,467.8,336.13179317978677,0.0006325895875591616,0.0004545392740767908
1724,2013,6,669.7,426.7690814894945,0.0008922195576871836,0.0005685705855175787
1724,2014,6,822.7,463.55138384282253,0.0010771144278606966,0.0006069015237533681
1724,2015,6,1135.3,581.5171900173741,0.0014609445373825762,0.0007483170634633562
1724,2016,6,1404.0,662.5155272504174,0.0017758664305590692,0.0008379908009744719
1724,2017,6,1516.6,588.3263666732149,0.0018884323247416262,0.0007325692524881272
1724,2018,6,1895.2,580.6024941835045,0.0023228336805981124,0.0007116098715326688
1724,2019,6,2840.3,741.5233049412315,0.0034224605374141466,0.0008935092239320779
1724,2020,6,2812.3,656.1787101364525,0.0033230532907952263,0.0007753500060693046
1724,2021,6,3718.9,768.7182405840807,0.004319781623881984,0.0008929239639726805
1724,2022,6,2048.1,371.2222877547564,0.002331094923742317,0.0004225156928690603
1726,2010,6,2681.0,2681.0,0.0011999283892046727,0.0011999283892046727
1726,2011,6,3976.5,3276.1540300719253,0.0017315480078380144,0.00142658568694619
1726,2012,6,4901.8,3522.1266007026056,0.0021226345645866712,0.0015251923096620645
1726,2013,6,6446.8,4108.249835070141,0.002753983510615575,0.0017549873275535652
1726,2014,6,6382.8,3596.396952463799,0.002712737472905776,0.0015284954534675503
1726,2015,6,8731.2,4472.24776665172,0.00368203095348543,0.0018859898649060515
1726,2016,6,11700.7,5521.293041096125,0.004889144242019054,0.0023070754809861797
1726,2017,6,14275.8,5537.933235759911,0.005889113485417268,0.0022845316759869277
1726,2018,6,17840.1,5465.389698439815,0.0072376567000689675,0.0022172865830012638
1726,2019,6,21997.7,5742.987432702787,0.008764373082592933,0.0022881339625892613
1726,2020,6,24984.3,5829.451249035369,0.00971509118481938,0.0022667695489502543
1726,2021,6,35424.2,7322.387990561346,0.013147342636579571,0.0027176321223876727
1726,2022,6,33302.8,6036.200187802892,0.011641893309095996,0.0021101168243735204
1727,2010,6,1335.3,1335.3,0.0005163772767701767,0.0005163772767701767
1727,2011,6,2362.9,1946.7432057480078,0.0008935486310694298,0.0007361757698336136
1727,2012,6,2177.1,1564.3277617180713,0.0008150879820292025,0.0005856711949524789
1727,2013,6,3053.3,1945.7279924023796,0.001132655710947064,0.000721789513819186
1727,2014,6,3811.0,2147.312901209428,0.001398070362082248,0.0007877445618729331
1727,2015,6,4970.1,2545.75758487215,0.0018018707174709062,0.0009229444168046078
1727,2016,6,6250.0,2949.2322260079122,0.002236856232776207,0.0010555213578640392
1727,2017,6,5785.5,2244.337461682636,0.0020448520835542362,0.0007932483164325579
1727,2018,6,7700.9,2359.203117062975,0.002691493079826646,0.0008245502296459439
1727,2019,6,10859.0,2834.9827723680005,0.0037464205623598413,0.0009780861729749872
1727,2020,6,14517.4,3387.2662256995823,0.00493470206329243,0.0011513872754680928
1727,2021,6,19981.5,4130.292162798357,0.006714439329278538,0.00138791362707025
1727,2022,6,18290.8,3315.244675975147,0.006218187999320075,0.001127059213318085
1730,2010,6,1136.8,1136.8,0.0003697391530605607,0.0003697391530605607
1730,2011,6,1393.7,1148.2398772063982,0.0004315929642016599,0.0003555802914673598
1730,2012,6,1584.8,1138.7380629143354,0.0004830529139234333,0.0003470915822099291
1730,2013,6,1961.5,1249.9739485465782,0.0005890921104003364,0.0003754013720595183
1730,2014,6,2293.5,1292.2755546900612,0.0006772478960578768,0.00038159620690685406
1730,2015,6,2888.1,1479.3268708616033,0.000838369763998955,0.00042942519982048925
1730,2016,6,3316.3,1564.8862129776064,0.0009460816477904888,0.0004464343174557403
1730,2017,6,3740.8,1451.1481421938302,0.0010493716337522442,0.0004070770147536552
1730,2018,6,4530.1,1387.815195705305,0.0012513397049886748,0.00038335318372059696
1730,2019,6,7216.3,1883.975152430169,0.0019591942008524966,0.0005114910956018161
1730,2020,6,10360.9,2417.4526180893827,0.0027614339019189763,0.000644310399277554
1730,2021,6,11763.9,2431.666490200615,0.0030795549738219896,0.0006365619084294804
1730,2022,6,7634.9,1383.8411429025878,0.0019594754132019297,0.00035515890126850113
1733,2010,6,346.8,346.8,0.0002220799180327869,0.0002220799180327869
1733,2011,6,441.1,363.41293666911264,0.0002754980950596465,0.00022697703870408633
1733,2012,6,548.2,393.90219970320464,0.0003365048186115033,0.00024179129562531746
1733,2013,6,682.5,434.9259341743766,0.0004126859354214536,0.0002629858109652779
1733,2014,6,1151.7,648.9268612760164,0.0006838667537557153,0.0003853256108758485
1733,2015,6,1764.5,903.802591196738,0.0010285031475868501,0.000526814287244543
1733,2016,6,1671.2,788.6011033767077,0.000956666094224054,0.0004514288759383523
1733,2017,6,2374.3,921.049249895961,0.0013363539145607025,0.0005184044857859859
1733,2018,6,3904.7,1196.2212742920694,0.002163268698060942,0.000662726467751839
1733,2019,6,5673.9,1481.2974262951282,0.0030908645203464617,0.0008069387298006908
1733,2020,6,6448.3,1504.5468750036932,0.00345475488882936,0.000806079225825713
1733,2021,6,8591.6,1775.9336459173917,0.0045378967939576405,0.000938009637097867
1733,2022,6,10277.4,1862.799638772879,0.0053411287807920175,0.0009680904473406501
1735,2010,6,250.7,250.7,0.00015361519607843136,0.00015361519607843136
1735,2011,6,334.4,275.50506919553675,0.00019894104348860728,0.00016390330727320885
1735,2012,6,391.4,281.2355362346484,0.00023121455576559545,0.00016613630448644164
1735,2013,6,579.0,368.9701331677129,0.00033824044865054327,0.00021554511810241436
1735,2014,6,699.2,393.9651483929762,0.0004026490066225166,0.00022687310589863298
1735,2015,6,1051.1,538.3887240617123,0.0005961658442516023,0.00030536482562629023
1735,2016,6,1088.8,513.7798476283864,0.0006078945899168109,0.0002868515703357637
1735,2017,6,1209.2,469.0783611903281,0.0006653094910591472,0.00025808988236056566
1735,2018,6,1815.0,556.0328867365242,0.0009851815665201107,0.0003018145181221974
1735,2019,6,2377.6,620.7252085442635,0.0012715798481120976,0.00033197411944821024
1735,2020,6,2804.2,654.2887810563027,0.001477216456829795,0.0003446709061035151
1735,2021,6,2945.6,608.8726369260986,0.0015312158860529188,0.00031651122156578395
1735,2022,6,2393.3,433.7904893723249,0.0012282781626892483,0.00022262791345769816
1700,2010,7,138411.0,,0.0049430028498575074,
1700,2011,7,143253.0,,0.00491882815880014,
1700,2012,7,145988.0,,0.00493946960623101,
1700,2013,7,145672.0,,0.004856785636887993,
1700,2014,7,149761.0,,0.00491135612341274,
1700,2015,7,152035.0,,0.00490079780804255,
1700,2016,7,154791.0,,0.004902281213480157,
1700,2017,7,160723.0,,0.005003751498264348,
1700,2018,7,154913.0,,0.00474368200093702,
1700,2019,7,154570.0,,0.004647952970185383,
1700,2020,7,175625.0,,0.005179883911612378,
1700,2021,7,174541.0,,0.005050536909450243,
1700,2022,7,172068.0,,0.004878413894582848,
1700,2023,7,172757.0,,0.0047954886758880665,
1700,2024,7,174413.0,,0.0047395094538557276,
1700,2025,7,177104.0,,0.004717338958852735,
1703,2010,7,12862.0,,0.005045702404770311,
1703,2011,7,13933.0,,0.005213860719230625,
1703,2012,7,14160.0,,0.005217006852847985,
1703,2013,7,14188.0,,0.005147293571324917,
1703,2014,7,14519.0,,0.005175191587952236,
1703,2015,7,14860.0,,0.00520071396073216,
1703,2016,7,15084.0,,0.005182614671018725,
1703,2017,7,16122.0,,0.005442025316455696,
1703,2018,7,15377.0,,0.005105754225188432,
1703,2019,7,14656.0,,0.004778766832958362,
1703,2020,7,15797.0,,0.005050676215749592,
1703,2021,7,16409.0,,0.005146952730466422,
1703,2022,7,15426.0,,0.0047413554633471645,
1703,2023,7,15877.0,,0.004778342913895326,
1703,2024,7,17815.0,,0.005248350223898185,
1703,2025,7,16948.0,,0.0048968506212077436,
1706,2010,7,7383.0,,0.00457860465116279,
1706,2011,7,7521.0,,0.004466682503860316,
1706,2012,7,7486.0,,0.0043844441841396275,
1706,2013,7,7662.0,,0.004429669884951148,
1706,2014,7,7708.0,,0.004388521976770667,
1706,2015,7,7976.0,,0.004467346252940517,
1706,2016,7,8013.0,,0.004414389598942265,
1706,2017,7,8336.0,,0.004521833468944941,
1706,2018,7,7978.0,,0.0042658539193669125,
1706,2019,7,8335.0,,0.004398881148406164,
1706,2020,7,10055.0,,0.005226363116586101,
1706,2021,7,9129.0,,0.0046885111191002,
1706,2022,7,9069.0,,0.0045877175232699316,
1706,2023,7,8758.0,,0.004357864357864358,
1706,2024,7,9588.0,,0.004690802348336595,
1706,2025,7,9394.0,,0.004522869523350987,
1708,2010,7,4440.0,,0.003975644699140401,
1708,2011,7,4554.0,,0.0039033170480843407,
1708,2012,7,4746.0,,0.003999662902410247,
1708,2013,7,4895.0,,0.004062240663900415,
1708,2014,7,5109.0,,0.004164492989892403,
1708,2015,7,5348.0,,0.00427805775537957,
1708,2016,7,5433.0,,0.0042575033304599955,
1708,2017,7,5760.0,,0.004427363566487317,
1708,2018,7,5596.0,,0.004223396226415094,
1708,2019,7,5519.0,,0.00408089322685596,
1708,2020,7,6021.0,,0.004356414152376818,
1708,2021,7,5930.0,,0.004204182913860334,
1708,2022,7,6784.0,,0.004700013856172925,
1708,2023,7,6841.0,,0.004636394442561843,
1708,2024,7,6190.0,,0.004106408385299191,
1708,2025,7,6294.0,,0.004093392299687825,
1710,2010,7,10271.0,,0.003926073162340889,
1710,2011,7,10895.0,,0.004001248668698814,
1710,2012,7,11010.0,,0.003963568291453668,
1710,2013,7,11044.0,,0.0039006816656659486,
1710,2014,7,11961.0,,0.004131178116257382,
1710,2015,7,11954.0,,0.004040014870391024,
1710,2016,7,12553.0,,0.004148929138022211,
1710,2017,7,13201.0,,0.004273828023828024,
1710,2018,7,13023.0,,0.004136386736119934,
1710,2019,7,12661.0,,0.003940431359123588,
1710,2020,7,13911.0,,0.004240641385196927,
1710,2021,7,14981.0,,0.004491515260538466,
1710,2022,7,17017.0,,0.004992811665639762,
1710,2023,7,16424.0,,0.004716423053728857,
1710,2024,7,15514.0,,0.0043571308206482055,
1710,2025,7,15637.0,,0.004296705410381118,
1712,2010,7,3984.0,,0.004678252700798497,
1712,2011,7,4107.0,,0.00470446735395189,
1712,2012,7,4153.0,,0.004712891511575125,
1712,2013,7,4103.0,,0.004618415128320576,
1712,2014,7,4188.0,,0.004647652868716014,
1712,2015,7,4110.0,,0.0045006570302233906,
1712,2016,7,4401.0,,0.004742967992240543,
1712,2017,7,4472.0,,0.00474331777683496,
1712,2018,7,4161.0,,0.0043434237995824635,
1712,2019,7,4378.0,,0.004469627360898417,
1712,2020,7,5038.0,,0.005052652692809146,
1712,2021,7,4848.0,,0.0047829518547750595,
1712,2022,7,4156.0,,0.004019731115194893,
1712,2023,7,4588.0,,0.0043467550923732825,
1712,2024,7,4881.0,,0.0045391983632474655,
1712,2025,7,4781.0,,0.004367406595414269,
1714,2010,7,10553.0,,0.004672570290015497,
1714,2011,7,11174.0,,0.004695944526160958,
1714,2012,7,11551.0,,0.004771957365942328,
1714,2013,7,11407.0,,0.004639443608410949,
1714,2014,7,11848.0,,0.004731440437682201,
1714,2015,7,12236.0,,0.004790541069610837,
1714,2016,7,12276.0,,0.004715372205577322,
1714,2017,7,13066.0,,0.004926104659930629,
1714,2018,7,12200.0,,0.004519188027855978,
1714,2019,7,12534.0,,0.004553016818627629,
1714,2020,7,13536.0,,0.0048157108296570375,
1714,2021,7,13542.0,,0.00472258064516129,
1714,2022,7,13433.0,,0.004582921087646276,
1714,2023,7,13831.0,,0.0046141784820683904,
1714,2024,7,14281.0,,0.004657708489612211,
1714,2025,7,14379.0,,0.004591435961298975,
1718,2010,7,14262.0,,0.004572619429304264,
1718,2011,7,14605.0,,0.004465268435856671,
1718,2012,7,15002.0,,0.00451025193914978,
1718,2013,7,15227.0,,0.004503830341033453,
1718,2014,7,15381.0,,0.004463954028325981,
1718,2015,7,15895.0,,0.004522305678843747,
1718,2016,7,16146.0,,0.0045051480231033236,
1718,2017,7,16661.0,,0.004562532519100693,
1718,2018,7,16254.0,,0.004369237386091772,
1718,2019,7,16444.0,,0.004328621443049303,
1718,2020,7,18404.0,,0.004746479599731779,
1718,2021,7,18808.0,,0.004764293132710186,
1718,2022,7,19272.0,,0.004780591868627986,
1718,2023,7,19388.0,,0.004707882084405809,
1718,2024,7,18854.0,,0.004479980990851847,
1718,2025,7,19670.0,,0.004577079697498545,
1722,2010,7,8446.0,,0.004070361445783132,
1722,2011,7,9023.0,,0.00414831501999908,
1722,2012,7,9309.0,,0.004195322006399567,
1722,2013,7,9503.0,,0.004203751216491197,
1722,2014,7,9702.0,,0.004203093185461162,
1722,2015,7,9887.0,,0.004192426748081245,
1722,2016,7,10380.0,,0.004304374870412606,
1722,2017,7,11330.0,,0.004601388945295049,
1722,2018,7,10698.0,,0.004255031421525734,
1722,2019,7,10544.0,,0.004102883380676291,
1722,2020,7,11931.0,,0.004538054847666502,
1722,2021,7,12786.0,,0.004769471799462847,
1722,2022,7,13851.0,,0.0050492125984251965,
1722,2023,7,13507.0,,0.004812756101906289,
1722,2024,7,12621.0,,0.004386708838761253,
1722,2025,7,12891.0,,0.004376506535392973,
1724,2010,7,3449.0,,0.004827827547592385,
1724,2011,7,3465.0,,0.004764851485148515,
1724,2012,7,3645.0,,0.004929006085192698,
1724,2013,7,3648.0,,0.004860111910471623,
1724,2014,7,3719.0,,0.0048690756742602774,
1724,2015,7,3786.0,,0.004871959850727062,
1724,2016,7,4012.0,,0.005074626865671642,
1724,2017,7,4032.0,,0.005020545386626821,
1724,2018,7,3794.0,,0.004650079666625812,
1724,2019,7,3852.0,,0.004641523075069286,
1724,2020,7,3958.0,,0.00467682854779629,
1724,2021,7,4173.0,,0.004847252874898362,
1724,2022,7,4297.0,,0.00489073526064193,
1724,2023,7,4644.0,,0.005179567254070935,
1724,2024,7,4456.0,,0.00487527352297593,
1724,2025,7,4624.0,,0.00496776966050709,
1726,2010,7,16142.0,,0.007224634113592624,
1726,2011,7,16545.0,,0.00720444154147616,
1726,2012,7,16229.0,,0.0070276707227298315,
1726,2013,7,16087.0,,0.006872143192789098,
1726,2014,7,16194.0,,0.006882570444982787,
1726,2015,7,16346.0,,0.006893265297516131,
1726,2016,7,16517.0,,0.0069016379742604045,
1726,2017,7,16361.0,,0.006749309021905037,
1726,2018,7,15745.0,,0.006387683070307112,
1726,2019,7,15482.0,,0.006168373241961831,
1726,2020,7,21199.0,,0.008243185441536727,
1726,2021,7,18892.0,,0.007011579572446556,
1726,2022,7,16471.0,,0.005757882961616444,
1726,2023,7,15616.0,,0.005282099851170343,
1726,2024,7,16720.0,,0.005498553012365167,
1726,2025,7,16926.0,,0.005437548188126445,
1727,2010,7,15385.0,,0.0059495726826250045,
1727,2011,7,15455.0,,0.005844425956738768,
1727,2012,7,15990.0,,0.005986521901909397,
1727,2013,7,15809.0,,0.005864524984234151,
1727,2014,7,16215.0,,0.00594849407535126,
1727,2015,7,16251.0,,0.005891672406917304,
1727,2016,7,16281.0,,0.0058269210121327086,
1727,2017,7,16470.0,,0.005821227865549783,
1727,2018,7,16307.0,,0.00569935691318328,
1727,2019,7,16035.0,,0.005532171813006728,
1727,2020,7,18400.0,,0.006254461402494986,
1727,2021,7,18121.0,,0.006089250310830337,
1727,2022,7,14801.0,,0.005031786503484617,
1727,2023,7,15529.0,,0.005187746375359123,
1727,2024,7,16393.0,,0.005371583983223016,
1727,2025,7,16984.0,,0.005463728486408236,
1730,2010,7,15870.0,,0.005161647043517856,
1730,2011,7,16708.0,,0.005174036913167348,
1730,2012,7,16824.0,,0.005128017556693489,
1730,2013,7,16696.0,,0.005014265549448899,
1730,2014,7,17280.0,,0.005102613317584527,
1730,2015,7,17437.0,,0.005061685389996807,
1730,2016,7,17141.0,,0.0048900236784298065,
1730,2017,7,17927.0,,0.005028893626570915,
1730,2018,7,16975.0,,0.004688967460361306,
1730,2019,7,17202.0,,0.004670268509217278,
1730,2020,7,18540.0,,0.00494136460554371,
1730,2021,7,18703.0,,0.004896073298429319,
1730,2022,7,18460.0,,0.004737706600964993,
1730,2023,7,18658.0,,0.004692301888690491,
1730,2024,7,17880.0,,0.004402314415856211,
1730,2025,7,18695.0,,0.004510579776582141,
1733,2010,7,7022.0,,0.004496670081967213,
1733,2011,7,7084.0,,0.004424458184997814,
1733,2012,7,7675.0,,0.004711190227733105,
1733,2013,7,7269.0,,0.004395331962752449,
1733,2014,7,7780.0,,0.004619678166379669,
1733,2015,7,7855.0,,0.004578573093961296,
1733,2016,7,8158.0,,0.00466998683381991,
1733,2017,7,8324.0,,0.00468509033601621,
1733,2018,7,8203.0,,0.004544598337950139,
1733,2019,7,8467.0,,0.00461240943509288,
1733,2020,7,9671.0,,0.005181355478167693,
1733,2021,7,9463.0,,0.004998151375904506,
1733,2022,7,9446.0,,0.004909053112982019,
1733,2023,7,9004.0,,0.004598335120780349,
1733,2024,7,9036.0,,0.0045279615153337345,
1733,2025,7,9481.0,,0.004664928163747294,
1735,2010,7,8342.0,,0.005111519607843137,
1735,2011,7,8184.0,,0.004868820274852757,
1735,2012,7,8208.0,,0.004848771266540643,
1735,2013,7,8134.0,,0.004751723332164973,
1735,2014,7,8157.0,,0.0046973797869277285,
1735,2015,7,8094.0,,0.004590777607622937,
1735,2016,7,8396.0,,0.004687622131650941,
1735,2017,7,8661.0,,0.004765337001375516,
1735,2018,7,8602.0,,0.00466916354556804,
1735,2019,7,8461.0,,0.004525082896566478,
1735,2020,7,9164.0,,0.00482747721645683,
1735,2021,7,8756.0,,0.0045516452669335135,
1735,2022,7,9585.0,,0.004919168591224018,
1735,2023,7,10092.0,,0.005106770569780387,
1735,2024,7,10184.0,,0.005085135067658661,
1735,2025,7,10400.0,,0.005123909937429177,
1700,2010,8,12286.6,,0.00043878520359696304,
1700,2011,8,12541.5,,0.0004306330991573786,
1700,2012,8,12850.1,,0.0004347801078652294,
1700,2013,8,13163.0,,0.00043886175337989896,
1700,2014,8,13505.4,,0.0004429045545177878,
1700,2015,8,13767.7,,0.000443797243935853,
1700,2016,8,14022.4,,0.0004440939595189911,
1700,2017,8,14357.3,,0.0004469824566865397,
1700,2018,8,14641.7,,0.0004483520992629384,
1700,2019,8,14876.4,,0.00044733653079941663,
1700,2020,8,14797.4,,0.0004364345292167573,
1700,2021,8,14980.7,,0.00043348312590967887,
1700,2022,8,15038.9,,0.0004263778199272496,
1700,2023,8,15038.3,,0.0004174418249599582,
1700,2024,8,15097.9,,0.0004102712514741928,
1700,2025,8,15678.8,,0.00041762023482281744,
1703,2010,8,1180.2,,0.00046298693656584677,
1703,2011,8,1209.3,,0.00045253152714889793,
1703,2012,8,1242.6,,0.0004578144572986515,
1703,2013,8,1279.2,,0.00046408358728776666,
1703,2014,8,1318.7,,0.00047004099091071114,
1703,2015,8,1347.3,,0.0004715290659013754,
1703,2016,8,1375.2,,0.0004724961346847621,
1703,2017,8,1404.1,,0.000473957805907173,
1703,2018,8,1401.6,,0.00046538499850582723,
1703,2019,8,1413.9,,0.00046101927027291403,
1703,2020,8,1376.5,,0.00044009975381270583,
1703,2021,8,1403.1,,0.0004401053919262256,
1703,2022,8,1427.3,,0.00043869678807438144,
1703,2023,8,1429.7,,0.0004302826014987811,
1703,2024,8,1415.5,,0.0004170103700212114,
1703,2025,8,1481.0,,0.0004279110083790812,
1706,2010,8,810.0,,0.0005023255813953488,
1706,2011,8,825.0,,0.0004899631785247654,
1706,2012,8,844.5,,0.0004946116902893288,
1706,2013,8,859.3,,0.000496791351101347,
1706,2014,8,868.5,,0.0004944773400136644,
1706,2015,8,872.4,,0.0004886299988798028,
1706,2016,8,872.4,,0.0004806081974438078,
1706,2017,8,874.6,,0.0004744236506644969,
1706,2018,8,887.7,,0.00047465511709977545,
1706,2019,8,875.4,,0.00046200126662444585,
1706,2020,8,881.9,,0.000458391808306045,
1706,2021,8,862.2,,0.00044281238765343334,
1706,2022,8,856.4,,0.0004332254148118171,
1706,2023,8,858.8,,0.0004273274618102204,
1706,2024,8,841.8,,0.000411839530332681,
1706,2025,8,881.7,,0.0004245064997592682,
1708,2010,8,404.6,,0.000362285100286533,
1708,2011,8,413.9,,0.000354761292534499,
1708,2012,8,424.1,,0.00035740771953480534,
1708,2013,8,437.3,,0.0003629045643153527,
1708,2014,8,453.0,,0.00036925334202804044,
1708,2015,8,465.4,,0.00037229021678265736,
1708,2016,8,480.8,,0.0003767729801739676,
1708,2017,8,492.6,,0.00037863182167563415,
1708,2018,8,539.4,,0.00040709433962264147,
1708,2019,8,590.3,,0.000436483288967761,
1708,2020,8,600.1,,0.00043419434194341943,
1708,2021,8,612.6,,0.00043431407302375045,
1708,2022,8,602.7,,0.0004175557710960233,
1708,2023,8,597.4,,0.00040487970179600133,
1708,2024,8,593.8,,0.00039392331166246517,
1708,2025,8,623.9,,0.0004057622268470343,
1710,2010,8,1030.9,,0.00039405986009709114,
1710,2011,8,1059.9,,0.00038925410408020865,
1710,2012,8,1094.9,,0.00039416084671322634,
1710,2013,8,1130.6,,0.00039932186628050713,
1710,2014,8,1172.5,,0.0004049666701205402,
1710,2015,8,1210.0,,0.000408935753151509,
1710,2016,8,1247.0,,0.00041214965626652566,
1710,2017,8,1296.6,,0.00041977466977466974,
1710,2018,8,1353.3,,0.0004298373777156651,
1710,2019,8,1345.3,,0.00041869222868880517,
1710,2020,8,1317.9,,0.0004017497866113889,
1710,2021,8,1339.5,,0.0004016010073754272,
1710,2022,8,1331.5,,0.00039066396737376407,
1710,2023,8,1316.6,,0.00037808345059299887,
1710,2024,8,1377.2,,0.0003867887434702017,
1710,2025,8,1402.5,,0.00038537630863078065,
1712,2010,8,429.0,,0.0005037576326914044,
1712,2011,8,433.9,,0.0004970217640320733,
1712,2012,8,440.0,,0.0004993191103041308,
1712,2013,8,442.4,,0.0004979738856371004,
1712,2014,8,443.7,,0.0004923981800022195,
1712,2015,8,443.6,,0.00048576434515987737,
1712,2016,8,444.2,,0.000478715378812372,
1712,2017,8,445.7,,0.0004727407721680102,
1712,2018,8,446.3,,0.00046586638830897704,
1712,2019,8,450.9,,0.00046033690658499234,
1712,2020,8,440.9,,0.0004421823287533848,
1712,2021,8,450.2,,0.0004441594317284925,
1712,2022,8,445.8,,0.00043118289970016436,
1712,2023,8,455.0,,0.00043107531975367124,
1712,2024,8,457.7,,0.0004256486561889705,
1712,2025,8,493.4,,0.0004507170914405773,
1714,2010,8,866.0,,0.0003834403365065309,
1714,2011,8,890.2,,0.0003741122084471528,
1714,2012,8,921.1,,0.000380525489548046,
1714,2013,8,953.1,,0.00038764387684548746,
1714,2014,8,989.5,,0.0003951519508006869,
1714,2015,8,1022.1,,0.000400164435048156,
1714,2016,8,1057.9,,0.00040635323039102714,
1714,2017,8,1099.0,,0.0004143417282461167,
1714,2018,8,1162.6,,0.0004306563935397836,
1714,2019,8,1214.7,,0.00044124377928729704,
1714,2020,8,1217.2,,0.00043304397324605095,
1714,2021,8,1224.1,,0.0004268875326939843,
1714,2022,8,1208.5,,0.0004123025485312681,
1714,2023,8,1214.0,,0.0004050041701417848,
1714,2024,8,1228.2,,0.00040057401911222727,
1714,2025,8,1239.6,,0.00039582335472746426,
1718,2010,8,1308.3,,0.00041946136582237894,
1718,2011,8,1344.0,,0.00041090864620276386,
1718,2012,8,1389.0,,0.00041759365041188143,
1718,2013,8,1433.5,,0.0004239995267532314,
1718,2014,8,1485.1,,0.00043101346644996513,
1718,2015,8,1530.6,,0.00043547285763059063,
1718,2016,8,1575.7,,0.0004396607048187729,
1718,2017,8,1629.8,,0.00044631267628775635,
1718,2018,8,1620.6,,0.0004356334507136905,
1718,2019,8,1604.2,,0.0004222801337229198,
1718,2020,8,1592.9,,0.00041081652653840206,
1718,2021,8,1599.7,,0.0004052232945765889,
1718,2022,8,1632.3,,0.00040490660580954035,
1718,2023,8,1611.0,,0.00039119032587052596,
1718,2024,8,1607.5,,0.00038196507069026967,
1718,2025,8,1692.0,,0.00039371727748691097,
1722,2010,8,832.7,,0.0004013012048192771,
1722,2011,8,864.0,,0.0003972231161785665,
1722,2012,8,889.6,,0.00040091937446482494,
1722,2013,8,918.8,,0.00040644076793771563,
1722,2014,8,953.5,,0.0004130745570333146,
1722,2015,8,984.5,,0.00041746173090785734,
1722,2016,8,1018.3,,0.00042226829773999586,
1722,2017,8,1062.7,,0.0004315883523534907,
1722,2018,8,1089.3,,0.0004332590883780129,
1722,2019,8,1128.8,,0.000439238880890307,
1722,2020,8,1108.3,,0.0004215511011372713,
1722,2021,8,1115.8,,0.0004162190390928081,
1722,2022,8,1109.9,,0.00040460046660834064,
1722,2023,8,1091.8,,0.00038902547657224297,
1722,2024,8,1089.5,,0.00037867992075353655,
1722,2025,8,1112.3,,0.0003776268884739433,
1724,2010,8,335.0,,0.0004689249720044793,
1724,2011,8,342.1,,0.0004704345434543455,
1724,2012,8,348.7,,0.00047153482082488166,
1724,2013,8,357.5,,0.00047628563815614177,
1724,2014,8,366.6,,0.0004799685781618225,
1724,2015,8,369.1,,0.00047497104619740064,
1724,2016,8,368.5,,0.00046610169491525426,
1724,2017,8,371.9,,0.00046308056281907606,
1724,2018,8,390.7,,0.0004788577031498958,
1724,2019,8,385.9,,0.00046499578262441254,
1724,2020,8,373.4,,0.00044121469927921536,
1724,2021,8,372.1,,0.0004322220931583227,
1724,2022,8,369.5,,0.00042055542909173683,
1724,2023,8,364.8,,0.0004068703992861923,
1724,2024,8,373.1,,0.0004082056892778994,
1724,2025,8,393.5,,0.000422754619681994,
1726,2010,8,1193.6,,0.0005342165331423712,
1726,2011,8,1197.3,,0.0005213585891574135,
1726,2012,8,1201.4,,0.0005202442298532023,
1726,2013,8,1206.6,,0.0005154427784185569,
1726,2014,8,1210.1,,0.0005143015002762548,
1726,2015,8,1214.6,,0.0005122084932315607,
1726,2016,8,1213.6,,0.0005071034598027745,
1726,2017,8,1226.8,,0.000506084732478033,
1726,2018,8,1228.3,,0.0004983163617185281,
1726,2019,8,1276.5,,0.0005085859994422089,
1726,2020,8,1352.3,,0.000525838939223082,
1726,2021,8,1416.1,,0.0005255715558194774,
1726,2022,8,1466.4,,0.0005126197301265469,
1726,2023,8,1476.4,,0.0004993911514003519,
1726,2024,8,1491.4,,0.0004904630360431466,
1726,2025,8,1594.8,,0.0005123361603700848,
1727,2010,8,1205.1,,0.00046602730190649285,
1727,2011,8,1230.7,,0.0004653985781273635,
1727,2012,8,1260.9,,0.00047207038562336207,
1727,2013,8,1291.7,,0.0004791705308454205,
1727,2014,8,1323.5,,0.0004855277156168605,
1727,2015,8,1336.0,,0.0004843563064206214,
1727,2016,8,1342.4,,0.0004804409291006049,
1727,2017,8,1360.9,,0.0004810023680769095,
1727,2018,8,1349.8,,0.00047176010065706693,
1727,2019,8,1353.5,,0.00046696567189925825,
1727,2020,8,1315.8,,0.0004472619735545056,
1727,2021,8,1348.6,,0.00045317382976578513,
1727,2022,8,1321.4,,0.0004492265850756417,
1727,2023,8,1325.4,,0.00044277410302665866,
1727,2024,8,1327.9,,0.0004351202568975687,
1727,2025,8,1344.5,,0.00043252372526942257,
1730,2010,8,1421.2,,0.0004622389904377805,
1730,2011,8,1439.1,,0.00044565217391304347,
1730,2012,8,1472.0,,0.000448671055840039,
1730,2013,8,1504.0,,0.00045169234465567467,
1730,2014,8,1545.7,,0.0004564299424184261,
1730,2015,8,1570.9,,0.00045600743127521847,
1730,2016,8,1596.6,,0.0004554816991413003,
1730,2017,8,1630.5,,0.0004573889138240575,
1730,2018,8,1606.6,,0.0004437876360422076,
1730,2019,8,1644.8,,0.00044655607743056497,
1730,2020,8,1625.7,,0.0004332889125799574,
1730,2021,8,1648.8,,0.00043162303664921465,
1730,2022,8,1665.6,,0.00042747151216507545,
1730,2023,8,1674.2,,0.0004210446897869879,
1730,2024,8,1664.4,,0.0004097993352209775,
1730,2025,8,1689.5,,0.0004076290201944652,
1733,2010,8,642.0,,0.0004111168032786885,
1733,2011,8,659.8,,0.0004120916869652114,
1733,2012,8,679.1,,0.0004168559327235897,
1733,2013,8,697.5,,0.0004217559559801669,
1733,2014,8,717.8,,0.0004262217208004275,
1733,2015,8,735.5,,0.00042871298671018885,
1733,2016,8,754.7,,0.00043202243975041507,
1733,2017,8,773.3,,0.00043524511735239485,
1733,2018,8,786.0,,0.00043545706371191133,
1733,2019,8,810.0,,0.00044124857002778234,
1733,2020,8,804.5,,0.0004310206268416823,
1733,2021,8,806.4,,0.00042592299160196484,
1733,2022,8,815.5,,0.0004238124935037938,
1733,2023,8,831.4,,0.00042459527092589754,
1733,2024,8,824.1,,0.00041295850871918223,
1733,2025,8,881.9,,0.0004339204880928951,
1735,2010,8,627.4,,0.00038443627450980393,
1735,2011,8,631.7,,0.00037581057766672616,
1735,2012,8,641.5,,0.0003789579395085066,
1735,2013,8,650.8,,0.00038018460100479025,
1735,2014,8,656.7,,0.0003781744889144832,
1735,2015,8,665.4,,0.0003774034371277863,
1735,2016,8,675.1,,0.00037691921165764055,
1735,2017,8,688.8,,0.00037898211829436035,
1735,2018,8,779.5,,0.00042311241383053794,
1735,2019,8,782.2,,0.00041833351160551935,
1735,2020,8,790.0,,0.00041616182900489914,
1735,2021,8,781.5,,0.0004062483755263295,
1735,2022,8,786.1,,0.00040343854246856556,
1735,2023,8,791.8,,0.00040066794858819953,
1735,2024,8,805.8,,0.00040235681829530135,
1735,2025,8,848.2,,0.0004178942700891758,
1700,2010,9,51976.3,,0.0018562036183905092,
1700,2011,9,52806.2,,0.0018131880206294594,
1700,2012,9,52999.6,,0.00179322898691948,
1700,2013,9,54618.6,,0.0018210145531531831,
1700,2014,9,55765.6,,0.0018288120474341484,
1700,2015,9,57658.1,,0.001858589733258119,
1700,2016,9,59100.5,,0.0018717320183814564,
1700,2017,9,60820.1,,0.001893497921887891,
1700,2018,9,62896.6,,0.0019259937470718106,
1700,2019,9,63531.6,,0.0019104088045586445,
1700,2020,9,66500.7,,0.0019613717069947973,
1700,2021,9,71364.6,,0.002065013643374066,
1700,2022,9,74269.3,,0.002105658141321698,
1700,2023,9,78005.4,,0.002165318987700174,
1700,2024,9,82739.7,,0.0022483736324653936,
1703,2010,9,774.0,,0.000303636577615629,
1703,2011,9,751.8,,0.0002813306889196572,
1703,2012,9,632.0,,0.0002328494584039496,
1703,2013,9,569.8,,0.0002067189087215208,
1703,2014,9,438.5,,0.00015630012475494564,
1703,2015,9,674.1,,0.00023592202428866413,
1703,2016,9,647.9,,0.00022260779934719119,
1703,2017,9,847.4,,0.000286042194092827,
1703,2018,9,769.5,,0.00025550353620878573,
1703,2019,9,623.6,,0.000203332355146891,
1703,2020,9,372.6,,0.0001191290724813761,
1703,2021,9,489.2,,0.0001534456259213952,
1703,2022,9,791.4,,0.00024324573536191793,
1703,2023,9,658.1,,0.00019806181719685798,
1703,2024,9,820.0,,0.0002415743577657318,
1706,2010,9,5.7,,3.534883720930233e-06,
1706,2011,9,7.6,,4.513600190046324e-06,
1706,2012,9,6.9,,4.041232283003397e-06,
1706,2013,9,6.4,,3.7000635948430365e-06,
1706,2014,9,8.9,,5.067182874060579e-06,
1706,2015,9,4.9,,2.7444830290131065e-06,
1706,2016,9,6.8,,3.7461436756280298e-06,
1706,2017,9,9.3,,5.044751830756713e-06,
1706,2018,9,6.5,,3.4755641107902896e-06,
1706,2019,9,5.5,,2.9026810217437198e-06,
1706,2020,9,6.2,,3.222620718332554e-06,
1706,2021,9,7.4,,3.800523855990961e-06,
1706,2022,9,1578.3,,0.0007984115742614326,
1706,2023,9,2029.3,,0.0010097526994078717,
1706,2024,9,2582.0,,0.0012632093933463797,
1708,2010,9,0.0,,0.0,
1708,2011,9,0.0,,0.0,
1708,2012,9,0.0,,0.0,
1708,2013,9,0.0,,0.0,
1708,2014,9,0.0,,0.0,
1708,2015,9,0.0,,0.0,
1708,2016,9,0.01,,7.836376459525115e-09,
1708,2017,9,0.5,,3.8431975403535743e-07,
1708,2018,9,0.0,,0.0,
1708,2019,9,0.0,,0.0,
1708,2020,9,0.0,,0.0,
1708,2021,9,0.0,,0.0,
1708,2022,9,0.0,,0.0,
1708,2023,9,0.5,,3.388681802778719e-07,
1708,2024,9,1.1,,7.297333156428288e-07,
1710,2010,9,5837.7,,0.002231451397117847,
1710,2011,9,6143.1,,0.002256087259906717,
1710,2012,9,5902.4,,0.00212484700122399,
1710,2013,9,6026.8,,0.002128633489916293,
1710,2014,9,6706.3,,0.002316271198148724,
1710,2015,9,6310.9,,0.002132853425259387,
1710,2016,9,7344.3,,0.0024273863035430988,
1710,2017,9,13014.0,,0.004213286713286714,
1710,2018,9,13860.2,,0.004402299580739424,
1710,2019,9,13052.3,,0.004062214061187015,
1710,2020,9,9770.7,,0.00297850871844897,
1710,2021,9,13349.7,,0.004002428494333513,
1710,2022,9,8499.0,,0.002493618519496523,
1710,2023,9,8174.9,,0.0023475576486804697,
1710,2024,9,10099.9,,0.002836572487782958,
1712,2010,9,7376.6,,0.008662047909816816,
1712,2011,9,7660.7,,0.008775143184421534,
1712,2012,9,7119.6,,0.008079437131184749,
1712,2013,9,8872.6,,0.009987167942368303,
1712,2014,9,8811.4,,0.009778492953057374,
1712,2015,9,8864.0,,0.00970652650021901,
1712,2016,9,9259.7,,0.009979200344864748,
1712,2017,9,8542.6,,0.009060882477725922,
1712,2018,9,8249.3,,0.008610960334029227,
1712,2019,9,9786.3,,0.009991117917304747,
1712,2020,9,11776.8,,0.011811052050947748,
1712,2021,9,11117.5,,0.010968330702446724,
1712,2022,9,11541.6,,0.011163168584969532,
1712,2023,9,10718.9,,0.010155281856939839,
1712,2024,9,10847.1,,0.010087510462196596,
1714,2010,9,0.2,,8.855435023245517e-08,
1714,2011,9,0.1,,4.202563563773902e-08,
1714,2012,9,0.3,,1.2393621416177807e-07,
1714,2013,9,0.6,,2.4403139870663357e-07,
1714,2014,9,0.1,,3.993450740785113e-08,
1714,2015,9,0.1,,3.915120194189962e-08,
1714,2016,9,0.4,,1.5364523315664132e-07,
1714,2017,9,2.5,,9.425426029256523e-07,
1714,2018,9,0.0,,0.0,
1714,2019,9,456.1,,0.00016567982854444406,
1714,2020,9,5624.6,,0.002001067311797353,
1714,2021,9,7083.9,,0.0024704097646033128,
1714,2022,9,6694.0,,0.002283784244822763,
1714,2023,9,7025.3,,0.00234371976647206,
1714,2024,9,6561.6,,0.0021400476174945372,
1718,2010,9,5.8,,1.8595703751202308e-06,
1718,2011,9,4.1,,1.2535159593983123e-06,
1718,2012,9,5.2,,1.5633455594973243e-06,
1718,2013,9,2.2,,6.507143068413737e-07,
1718,2014,9,2.4,,6.965405154399814e-07,
1718,2015,9,3.7,,1.0526914760441561e-06,
1718,2016,9,6.3,,1.757861547476213e-06,
1718,2017,9,11.7,,3.2039871840512635e-06,
1718,2018,9,75.2,,2.0214510362624663e-05,
1718,2019,9,80.2,,2.1111374345205192e-05,
1718,2020,9,73.5,,1.8956001444266777e-05,
1718,2021,9,70.0,,1.7731843858449223e-05,
1718,2022,9,38.8,,9.624686825589759e-06,
1718,2023,9,482.8,,0.00011723568549366228,
1718,2024,9,515.0,,0.0001223713912320304,
1722,2010,9,78.6,,3.787951807228915e-05,
1722,2011,9,78.5,,3.609029469909429e-05,
1722,2012,9,73.1,,3.294425165622606e-05,
1722,2013,9,75.7,,3.348668495089799e-05,
1722,2014,9,81.1,,3.513408135857557e-05,
1722,2015,9,82.9,,3.515244031717763e-05,
1722,2016,9,94.4,,3.9145759900476886e-05,
1722,2017,9,103.8,,4.215570807781342e-05,
1722,2018,9,87.7,,3.488187097287408e-05,
1722,2019,9,51.1,,1.9884042180629596e-05,
1722,2020,9,82.4,,3.134152371533985e-05,
1722,2021,9,180.8,,6.744255446135482e-05,
1722,2022,9,232.3,,8.468212306794985e-05,
1722,2023,9,433.6,,0.00015449848565829327,
1722,2024,9,653.7,,0.00022720795245212194,
1724,2010,9,15278.3,,0.021386198208286675,
1724,2011,9,15509.9,,0.021328245324532452,
1724,2012,9,16940.4,,0.0229079107505071,
1724,2013,9,16507.8,,0.021992805755395684,
1724,2014,9,16155.1,,0.0211509557475779,
1724,2015,9,16718.4,,0.021513833483464164,
1724,2016,9,17373.5,,0.02197508221603845,
1724,2017,9,15535.8,,0.01934478894284647,
1724,2018,9,16189.1,,0.019842014952812844,
1724,2019,9,14974.5,,0.018043740209663817,
1724,2020,9,15249.1,,0.018018551341131988,
1724,2021,9,16139.1,,0.018746776629109074,
1724,2022,9,16991.0,,0.019338720692010015,
1724,2023,9,16855.5,,0.01879935311175552,
1724,2024,9,17532.8,,0.019182494529540482,
1726,2010,9,376.3,,0.00016841963926061854,
1726,2011,9,390.2,,0.00016991073372523406,
1726,2012,9,391.2,,0.00016940198328497814,
1726,2013,9,386.9,,0.00016527831176043402,
1726,2014,9,634.9,,0.00026983722215138766,
1726,2015,9,518.0,,0.00021844557837473116,
1726,2016,9,570.2,,0.00023825839879659035,
1726,2017,9,636.3,,0.00026248917123881027,
1726,2018,9,384.1,,0.0001558278226297213,
1726,2019,9,399.1,,0.00015901031913622058,
1726,2020,9,433.5,,0.000168565540304079,
1726,2021,9,480.6,,0.00017836995249406176,
1726,2022,9,1912.2,,0.0006684611619939873,
1726,2023,9,4211.7,,0.0014246042484102287,
1726,2024,9,6273.4,,0.002063075506445672,
1727,2010,9,17935.7,,0.006935960400634209,
1727,2011,9,18277.2,,0.006911662380880351,
1727,2012,9,17770.9,,0.006653275926619244,
1727,2013,9,18221.5,,0.006759468783618355,
1727,2014,9,18791.5,,0.006893686488866063,
1727,2015,9,20049.6,,0.0072688250009063544,
1727,2016,9,19379.5,,0.006935864858093841,
1727,2017,9,17716.3,,0.006261725515145089,
1727,2018,9,18991.1,,0.006637459807073955,
1727,2019,9,19470.0,,0.0067172675521821636,
1727,2020,9,18228.0,,0.006195995785036881,
1727,2021,9,16653.4,,0.005596088578245237,
1727,2022,9,19570.8,,0.0066533401325854155,
1727,2023,9,20445.1,,0.006830059464154473,
1727,2024,9,20003.2,,0.006554557965790681,
1730,2010,9,455.2,,0.00014805177909321538,
1730,2011,9,440.6,,0.00013644246252941905,
1730,2012,9,394.8,,0.00012033650329188004,
1730,2013,9,342.6,,0.00010289215244616633,
1730,2014,9,351.0,,0.0001036468330134357,
1730,2015,9,312.8,,9.080089407529973e-05,
1730,2016,9,321.2,,9.163267052748695e-05,
1730,2017,9,315.5,,8.850426391382405e-05,
1730,2018,9,286.2,,7.90564057234407e-05,
1730,2019,9,251.0,,6.814541308066136e-05,
1730,2020,9,264.4,,7.046908315565031e-05,
1730,2021,9,395.8,,0.00010361256544502618,
1730,2022,9,393.7,,0.00010104198747561851,
1730,2023,9,401.1,,0.0001008726705731459,
1730,2024,9,479.2,,0.00011798596577619106,
1733,2010,9,752.0,,0.0004815573770491803,
1733,2011,9,236.1,,0.00014746112047967023,
1733,2012,9,662.3,,0.0004065434902707016,
1733,2013,9,391.5,,0.00023672753658241625,
1733,2014,9,293.3,,0.0001741583041387091,
1733,2015,9,648.8,,0.0003781767311727675,
1733,2016,9,443.8,,0.0002540500314843437,
1733,2017,9,604.2,,0.00034006866662914393,
1733,2018,9,136.3,,7.551246537396123e-05,
1733,2019,9,564.1,,0.000307294220188484,
1733,2020,9,209.5,,0.00011224216447897134,
1733,2021,9,162.9,,8.604024718745049e-05,
1733,2022,9,651.7,,0.0003386862072549631,
1733,2023,9,1415.9,,0.0007230989224247996,
1733,2024,9,1291.1,,0.0006469733413509721,
1735,2010,9,3100.2,,0.0018996323529411763,
1735,2011,9,3306.3,,0.001966981973942531,
1735,2012,9,3100.5,,0.0018315808128544424,
1735,2013,9,3213.8,,0.0018774389531487324,
1735,2014,9,3466.6,,0.0019963144255686727,
1735,2015,9,3451.3,,0.001957518008053996,
1735,2016,9,3632.7,,0.0020281949639886104,
1735,2017,9,3446.1,,0.0018960660247592848,
1735,2018,9,3855.9,,0.0020929815990880962,
1735,2019,9,3786.1,,0.0020248689699433092,
1735,2020,9,4392.4,,0.002313859769267239,
1735,2021,9,5233.9,,0.0027207464781410823,
1735,2022,9,5373.9,,0.0027579676674364894,
1735,2023,9,5152.1,,0.002607074182775023,
1735,2024,9,5079.0,,0.002536076296999051,
1700,2010,10,66.9,,,
1700,2011,10,66.2,,,
1700,2012,10,66.6,,,
1700,2013,10,67.1,,,
1700,2014,10,67.7,,,
1700,2015,10,68.2,,,
1700,2016,10,68.7,,,
1700,2017,10,69.2,,,
1700,2018,10,67.4,,,
1700,2019,10,68.1,,,
1700,2020,10,66.0,,,
1700,2021,10,67.0,,,
1700,2022,10,67.2,,,
1700,2023,10,67.9,,,
1700,2024,10,68.3,,,
1700,2025,10,70.5,,,
1703,2010,10,69.3,,,
1703,2011,10,68.6,,,
1703,2012,10,69.0,,,
1703,2013,10,69.9,,,
1703,2014,10,70.8,,,
1703,2015,10,71.5,,,
1703,2016,10,72.3,,,
1703,2017,10,73.0,,,
1703,2018,10,69.6,,,
1703,2019,10,70.1,,,
1703,2020,10,66.5,,,
1703,2021,10,68.2,,,
1703,2022,10,69.5,,,
1703,2023,10,70.6,,,
1703,2024,10,70.2,,,
1703,2025,10,73.0,,,
1706,2010,10,74.5,,,
1706,2011,10,73.5,,,
1706,2012,10,74.1,,,
1706,2013,10,74.4,,,
1706,2014,10,74.0,,,
1706,2015,10,73.4,,,
1706,2016,10,72.9,,,
1706,2017,10,72.5,,,
1706,2018,10,70.7,,,
1706,2019,10,69.3,,,
1706,2020,10,68.3,,,
1706,2021,10,67.2,,,
1706,2022,10,67.2,,,
1706,2023,10,68.7,,,
1706,2024,10,67.7,,,
1706,2025,10,70.8,,,
1708,2010,10,56.8,,,
1708,2011,10,56.0,,,
1708,2012,10,56.0,,,
1708,2013,10,56.5,,,
1708,2014,10,57.3,,,
1708,2015,10,58.1,,,
1708,2016,10,59.1,,,
1708,2017,10,60.0,,,
1708,2018,10,61.6,,,
1708,2019,10,67.1,,,
1708,2020,10,66.2,,,
1708,2021,10,67.5,,,
1708,2022,10,66.2,,,
1708,2023,10,66.3,,,
1708,2024,10,66.0,,,
1708,2025,10,69.0,,,
1710,2010,10,61.7,,,
1710,2011,10,61.1,,,
1710,2012,10,61.2,,,
1710,2013,10,61.8,,,
1710,2014,10,62.5,,,
1710,2015,10,63.3,,,
1710,2016,10,64.3,,,
1710,2017,10,65.4,,,
1710,2018,10,64.8,,,
1710,2019,10,63.9,,,
1710,2020,10,60.9,,,
1710,2021,10,62.2,,,
1710,2022,10,61.9,,,
1710,2023,10,61.9,,,
1710,2024,10,65.0,,,
1710,2025,10,65.9,,,
1712,2010,10,75.3,,,
1712,2011,10,74.6,,,
1712,2012,10,74.7,,,
1712,2013,10,74.1,,,
1712,2014,10,73.6,,,
1712,2015,10,73.2,,,
1712,2016,10,72.8,,,
1712,2017,10,72.4,,,
1712,2018,10,69.2,,,
1712,2019,10,69.5,,,
1712,2020,10,66.8,,,
1712,2021,10,68.3,,,
1712,2022,10,67.7,,,
1712,2023,10,69.8,,,
1712,2024,10,70.5,,,
1712,2025,10,75.9,,,
1714,2010,10,57.4,,,
1714,2011,10,56.6,,,
1714,2012,10,57.2,,,
1714,2013,10,58.1,,,
1714,2014,10,59.3,,,
1714,2015,10,60.5,,,
1714,2016,10,61.9,,,
1714,2017,10,63.4,,,
1714,2018,10,63.8,,,
1714,2019,10,66.4,,,
1714,2020,10,65.0,,,
1714,2021,10,65.5,,,
1714,2022,10,64.8,,,
1714,2023,10,65.9,,,
1714,2024,10,66.8,,,
1714,2025,10,67.0,,,
1718,2010,10,64.7,,,
1718,2011,10,64.0,,,
1718,2012,10,64.7,,,
1718,2013,10,65.4,,,
1718,2014,10,66.5,,,
1718,2015,10,67.6,,,
1718,2016,10,68.7,,,
1718,2017,10,69.7,,,
1718,2018,10,66.3,,,
1718,2019,10,65.3,,,
1718,2020,10,63.2,,,
1718,2021,10,63.7,,,
1718,2022,10,64.7,,,
1718,2023,10,65.0,,,
1718,2024,10,64.8,,,
1718,2025,10,67.6,,,
1722,2010,10,62.5,,,
1722,2011,10,62.2,,,
1722,2012,10,62.3,,,
1722,2013,10,62.7,,,
1722,2014,10,63.4,,,
1722,2015,10,64.3,,,
1722,2016,10,65.4,,,
1722,2017,10,66.6,,,
1722,2018,10,65.2,,,
1722,2019,10,67.0,,,
1722,2020,10,63.9,,,
1722,2021,10,64.5,,,
1722,2022,10,64.2,,,
1722,2023,10,63.8,,,
1722,2024,10,63.7,,,
1722,2025,10,64.8,,,
1724,2010,10,72.0,,,
1724,2011,10,72.1,,,
1724,2012,10,72.2,,,
1724,2013,10,72.5,,,
1724,2014,10,72.9,,,
1724,2015,10,72.2,,,
1724,2016,10,71.7,,,
1724,2017,10,71.1,,,
1724,2018,10,70.5,,,
1724,2019,10,68.9,,,
1724,2020,10,64.8,,,
1724,2021,10,64.5,,,
1724,2022,10,64.0,,,
1724,2023,10,63.8,,,
1724,2024,10,65.3,,,
1724,2025,10,68.6,,,
1726,2010,10,81.6,,,
1726,2011,10,80.7,,,
1726,2012,10,80.7,,,
1726,2013,10,80.7,,,
1726,2014,10,80.9,,,
1726,2015,10,81.1,,,
1726,2016,10,81.0,,,
1726,2017,10,80.8,,,
1726,2018,10,77.5,,,
1726,2019,10,80.1,,,
1726,2020,10,81.7,,,
1726,2021,10,81.3,,,
1726,2022,10,82.5,,,
1726,2023,10,82.3,,,
1726,2024,10,82.3,,,
1726,2025,10,86.9,,,
1727,2010,10,71.5,,,
1727,2011,10,71.8,,,
1727,2012,10,72.9,,,
1727,2013,10,74.0,,,
1727,2014,10,75.1,,,
1727,2015,10,75.3,,,
1727,2016,10,75.4,,,
1727,2017,10,75.2,,,
1727,2018,10,71.4,,,
1727,2019,10,71.4,,,
1727,2020,10,68.2,,,
1727,2021,10,72.4,,,
1727,2022,10,71.0,,,
1727,2023,10,72.2,,,
1727,2024,10,72.3,,,
1727,2025,10,72.9,,,
1730,2010,10,69.4,,,
1730,2011,10,67.9,,,
1730,2012,10,68.0,,,
1730,2013,10,68.3,,,
1730,2014,10,68.8,,,
1730,2015,10,69.1,,,
1730,2016,10,69.6,,,
1730,2017,10,69.9,,,
1730,2018,10,66.0,,,
1730,2019,10,67.5,,,
1730,2020,10,65.1,,,
1730,2021,10,66.2,,,
1730,2022,10,67.1,,,
1730,2023,10,68.4,,,
1730,2024,10,68.0,,,
1730,2025,10,69.0,,,
1733,2010,10,63.2,,,
1733,2011,10,63.3,,,
1733,2012,10,63.9,,,
1733,2013,10,64.3,,,
1733,2014,10,65.0,,,
1733,2015,10,65.6,,,
1733,2016,10,66.3,,,
1733,2017,10,66.9,,,
1733,2018,10,64.6,,,
1733,2019,10,66.1,,,
1733,2020,10,63.7,,,
1733,2021,10,64.0,,,
1733,2022,10,64.7,,,
1733,2023,10,66.9,,,
1733,2024,10,66.2,,,
1733,2025,10,70.4,,,
1735,2010,10,57.3,,,
1735,2011,10,57.0,,,
1735,2012,10,57.4,,,
1735,2013,10,57.7,,,
1735,2014,10,57.9,,,
1735,2015,10,58.1,,,
1735,2016,10,58.1,,,
1735,2017,10,58.3,,,
1735,2018,10,62.9,,,
1735,2019,10,62.9,,,
1735,2020,10,62.0,,,
1735,2021,10,61.1,,,
1735,2022,10,61.6,,,
1735,2023,10,62.9,,,
1735,2024,10,64.3,,,
1735,2025,10,67.3,,,
1700,2010,11,22199.2,,0.0007927889319819724,
1700,2011,11,26365.9,,0.0009053166869252904,
1700,2012,11,26416.1,,0.0008937825236674178,
1700,2013,11,28269.6,,0.0009425242135796089,
1700,2014,11,27530.1,,0.0009028393587994542,
1700,2015,11,24924.3,,0.0008034265452494157,
1700,2016,11,24232.2,,0.0007674416395093633,
1700,2017,11,26566.1,,0.0008270761663112343,
1700,2018,11,33430.0,,0.0010236796736963624,
1700,2019,11,41751.0,,0.001255461502608591,
1700,2020,11,36256.1,,0.0010693374467633282,
1700,2021,11,42170.5,,0.0012202500658296416,
1700,2022,11,50500.3,,0.001431767471003337,
1700,2023,11,63528.6,,0.0017634636043403313,
1700,2024,11,67238.4,,0.0018271403648932873,
1700,2025,11,82763.5,,0.0022044870975303117,
1703,2010,11,2097.6,,0.0008228786630575497,
1703,2011,11,2387.8,,0.0008935374022377727,
1703,2012,11,2899.7,,0.0010683442635030578,
1703,2013,11,2912.0,,0.001056450442606298,
1703,2014,11,2453.4,,0.0008744965246836571,
1703,2015,11,1564.6,,0.0005475798831064291,
1703,2016,11,1102.7,,0.00037886961003264044,
1703,2017,11,1596.9,,0.0005390379746835443,
1703,2018,11,2176.4,,0.0007226483381478899,
1703,2019,11,2532.8,,0.0008258502070494637,
1703,2020,11,2795.4,,0.000893755794993126,
1703,2021,11,3165.4,,0.0009928797716508265,
1703,2022,11,4282.5,,0.0013162747810050715,
1703,2023,11,5047.9,,0.0015192162999969902,
1703,2024,11,4201.4,,0.0012377445203865189,
1703,2025,11,4371.5,,0.0012630742559953771,
1706,2010,11,762.6,,0.00047293023255813956,
1706,2011,11,860.1,,0.0005108088846656373,
1706,2012,11,913.8,,0.0005351997188707977,
1706,2013,11,1049.8,,0.0006069260565415967,
1706,2014,11,1002.8,,0.000570940560236848,
1706,2015,11,922.8,,0.0005168589671782234,
1706,2016,11,715.5,,0.00039417144116350814,
1706,2017,11,877.9,,0.0004762137238947654,
1706,2018,11,911.3,,0.0004872740883327986,
1706,2019,11,1259.4,,0.0006646611779607347,
1706,2020,11,831.2,,0.0004320390872706482,
1706,2021,11,1180.9,,0.0006064917056134765,
1706,2022,11,1224.8,,0.0006195872116552003,
1706,2023,11,1212.3,,0.0006032243618450515,
1706,2024,11,1324.5,,0.0006479941291585127,
1706,2025,11,1732.3,,0.0008340394800192586,
1708,2010,11,233.5,,0.0002090795128939828,
1708,2011,11,282.3,,0.00024196451529956287,
1708,2012,11,178.0,,0.00015000842743974381,
1708,2013,11,307.5,,0.00025518672199170125,
1708,2014,11,171.7,,0.00013995761330290186,
1708,2015,11,158.3,,0.00012662986961043117,
1708,2016,11,194.6,,0.00015249588590235874,
1708,2017,11,235.1,,0.00018070714834742506,
1708,2018,11,336.2,,0.0002537358490566038,
1708,2019,11,508.8,,0.00037622005323868676,
1708,2020,11,816.7,,0.0005909123797120324,
1708,2021,11,531.2,,0.0003766040411201702,
1708,2022,11,688.2,,0.0004767909103505612,
1708,2023,11,1432.2,,0.0009706540155879364,
1708,2024,11,2032.1,,0.0013480827915616292,
1708,2025,11,1941.2,,0.001262486992715921,
1710,2010,11,504.5,,0.00019284431023278926,
1710,2011,11,580.6,,0.0002132285430974329,
1710,2012,11,750.8,,0.0002702858377132983,
1710,2013,11,765.4,,0.00027033518171864514,
1710,2014,11,606.9,,0.0002096155838773184,
1710,2015,11,737.7,,0.00024931562404947785,
1710,2016,11,764.1,,0.0002525449497620307,
1710,2017,11,596.9,,0.00019324656824656823,
1710,2018,11,765.7,,0.00024320289670943973,
1710,2019,11,824.8,,0.00025669913790420465,
1710,2020,11,542.1,,0.0001652542372881356,
1710,2021,11,565.7,,0.00016960484499610242,
1710,2022,11,545.4,,0.00016002112490097703,
1710,2023,11,737.8,,0.0002118714642621256,
1710,2024,11,1239.1,,0.00034800314553726897,
1710,2025,11,1270.0,,0.00034896820817190117,
1712,2010,11,925.9,,0.0010872475340535461,
1712,2011,11,1009.1,,0.0011558991981672395,
1712,2012,11,1082.2,,0.0012280980481162052,
1712,2013,11,1081.2,,0.0012170193606483566,
1712,2014,11,990.5,,0.0010992120741316169,
1712,2015,11,802.5,,0.0008787779237844941,
1712,2016,11,704.0,,0.0007587024463843086,
1712,2017,11,768.9,,0.0008155494272380144,
1712,2018,11,1636.2,,0.0017079331941544885,
1712,2019,11,1835.5,,0.0018739152628892291,
1712,2020,11,1312.3,,0.0013161167385417711,
1712,2021,11,1168.5,,0.0011528216258879242,
1712,2022,11,1230.3,,0.0011899603443273042,
1712,2023,11,1331.3,,0.001261297963050687,
1712,2024,11,1601.1,,0.001488979819585232,
1712,2025,11,2367.9,,0.0021630583721567553,
1714,2010,11,481.0,,0.00021297321230905468,
1714,2011,11,205.9,,8.653078377810465e-05,
1714,2012,11,230.9,,9.538957283318185e-05,
1714,2013,11,280.1,,0.00011392199129621346,
1714,2014,11,330.7,,0.00013206341599776366,
1714,2015,11,273.2,,0.00010696108370526975,
1714,2016,11,482.0,,0.00018514250595375278,
1714,2017,11,573.7,,0.0002162946765193787,
1714,2018,11,1202.6,,0.0004454734034671803,
1714,2019,11,986.5,,0.0003583493770205965,
1714,2020,11,873.8,,0.0003108723495090366,
1714,2021,11,1091.0,,0.0003804707933740192,
1714,2022,11,1279.7,,0.00043659377025690013,
1714,2023,11,1404.9,,0.00046869057547956636,
1714,2024,11,1381.5,,0.000450572388376113,
1714,2025,11,1826.9,,0.000583357281987419,
1718,2010,11,452.4,,0.00014504648925937799,
1718,2011,11,552.6,,0.00016894949247890425,
1718,2012,11,690.9,,0.00020771450904936563,
1718,2013,11,969.2,,0.00028666923008666335,
1718,2014,11,954.2,,0.000276932899930346,
1718,2015,11,910.6,,0.0002590759075907591,
1718,2016,11,985.2,,0.00027489606294818497,
1718,2017,11,1101.6,,0.00030166771640605745,
1718,2018,11,1620.5,,0.00043560656971586786,
1718,2019,11,1749.9,,0.0004606333412303562,
1718,2020,11,1491.5,,0.0003846649816887605,
1718,2021,11,1920.5,,0.0004864858018593105,
1718,2022,11,2365.5,,0.0005867834197405303,
1718,2023,11,2892.4,,0.0007023456850080133,
1718,2024,11,3044.6,,0.0007234406558156112,
1718,2025,11,4189.5,,0.0009748691099476439,
1722,2010,11,309.0,,0.00014891566265060242,
1722,2011,11,287.3,,0.00013208588110891453,
1722,2012,11,283.1,,0.00012758574068232008,
1722,2013,11,418.8,,0.00018526055029638149,
1722,2014,11,261.2,,0.00011315686869124463,
1722,2015,11,264.7,,0.00011224186914302675,
1722,2016,11,270.7,,0.00011225378395189716,
1722,2017,11,374.6,,0.00015213418348698372,
1722,2018,11,589.1,,0.0002343091241746878,
1722,2019,11,562.7,,0.0002189579361064633,
1722,2020,11,416.9,,0.00015857137423452893,
1722,2021,11,442.5,,0.0001650626678603402,
1722,2022,11,372.7,,0.00013586322543015456,
1722,2023,11,327.9,,0.0001168359166221272,
1722,2024,11,424.8,,0.000147648674012026,
1722,2025,11,816.7,,0.0002772704124936344,
1724,2010,11,250.3,,0.0003503639417693169,
1724,2011,11,176.7,,0.00024298679867986798,
1724,2012,11,270.5,,0.0003657876943881001,
1724,2013,11,323.1,,0.00043045563549160676,
1724,2014,11,486.0,,0.0006362922230950511,
1724,2015,11,275.2,,0.0003541371766825376,
1724,2016,11,252.1,,0.00031887174298001516,
1724,2017,11,289.2,,0.0003601045946955547,
1724,2018,11,291.4,,0.00035715161171712216,
1724,2019,11,570.8,,0.0006877937100855524,
1724,2020,11,612.7,,0.0007239749497814015,
1724,2021,11,667.2,,0.0007750029039377397,
1724,2022,11,813.6,,0.0009260186660596404,
1724,2023,11,861.6,,0.0009609636404193621,
1724,2024,11,678.0,,0.0007417943107221007,
1724,2025,11,965.3,,0.0010370648904168456,
1726,2010,11,9006.8,,0.004031150695967416,
1726,2011,11,8961.2,,0.00390211190942739,
1726,2012,11,9140.3,,0.0039580392326679075,
1726,2013,11,10521.5,,0.004494638814131317,
1726,2014,11,9489.6,,0.004033150580135153,
1726,2015,11,8321.6,,0.003509298696917303,
1726,2016,11,8116.4,,0.0033914424201905396,
1726,2017,11,8440.6,,0.0034819520646838004,
1726,2018,11,9800.0,,0.003975820520102235,
1726,2019,11,13229.5,,0.00527092712857086,
1726,2020,11,12360.1,,0.004806198234630789,
1726,2021,11,16583.1,,0.006154654097387173,
1726,2022,11,19609.0,,0.00685485562469412,
1726,2023,11,25186.3,,0.008519246380733324,
1726,2024,11,26528.2,,0.008724085766903446,
1726,2025,11,32012.300000000003,,0.010284085068105886,
1727,2010,11,2901.6,,0.0011220851541049537,
1727,2011,11,3655.7,,0.0013824307971562547,
1727,2012,11,2952.4,,0.0011053538000748784,
1727,2013,11,3318.3,,0.001230960418444189,
1727,2014,11,3864.2,,0.0014175868520488646,
1727,2015,11,3094.8,,0.0011219954319689664,
1727,2016,11,3019.8,,0.0010807773522780145,
1727,2017,11,3207.6,,0.0011337079843070723,
1727,2018,11,3861.3,,0.0013495386551097442,
1727,2019,11,4746.9,,0.0016377091599102983,
1727,2020,11,4604.2,,0.001565042999422142,
1727,2021,11,5311.3,,0.0017847709936489801,
1727,2022,11,5584.5,,0.001898521162672106,
1727,2023,11,5783.0,,0.001931916883811051,
1727,2024,11,5896.6,,0.0019321711776656401,
1727,2025,11,8227.9,,0.0026469036512787518,
1730,2010,11,953.7,,0.00031018669095166855,
1730,2011,11,1090.9,,0.00033782360956274,
1730,2012,11,971.2,,0.0002960253596683736,
1730,2013,11,1050.5,,0.00031549388833828875,
1730,2014,11,968.3,,0.0002859294256607116,
1730,2015,11,1167.8,,0.0003389938750036285,
1730,2016,11,873.2,,0.0002491084928536787,
1730,2017,11,949.4,,0.0002663263016157989,
1730,2018,11,1353.6,,0.0003739019943649522,
1730,2019,11,1417.8,,0.0003849265604213613,
1730,2020,11,1463.1,,0.00038995202558635394,
1730,2021,11,1835.5,,0.00048049738219895286,
1730,2022,11,2064.0,,0.0005297197412996612,
1730,2023,11,1979.3,,0.0004977743128033599,
1730,2024,11,2171.4,,0.0005346300627846855,
1730,2025,11,2772.4,,0.0006689024537360967,
1733,2010,11,209.8,,0.00013434938524590164,
1733,2011,11,291.5,,0.00018206233214664917,
1733,2012,11,247.7,,0.00015204714259407033,
1733,2013,11,298.3,,0.0001803724755109445,
1733,2014,11,305.5,,0.00018140252954100113,
1733,2015,11,211.4,,0.00012322219631615762,
1733,2016,11,216.6,,0.000123991069895243,
1733,2017,11,256.0,,0.00014408735295773063,
1733,2018,11,272.0,,0.00015069252077562327,
1733,2019,11,557.7,,0.0003038078117339435,
1733,2020,11,469.3,,0.00025143316367532814,
1733,2021,11,517.2,,0.0002731738234828078,
1733,2022,11,787.3,,0.0004091570522814676,
1733,2023,11,881.1,,0.00044997701853837906,
1733,2024,11,953.4,,0.0004777510523150932,
1733,2025,11,998.8,,0.0004914386931706357,
1735,2010,11,126.3,,7.738970588235294e-05,
1735,2011,11,158.3,,9.417573918734012e-05,
1735,2012,11,240.3,,0.00014195415879017013,
1735,2013,11,233.8,,0.0001365813763290104,
1735,2014,11,316.9,,0.00018249352145119493,
1735,2015,11,286.1,,0.00016227099994328174,
1735,2016,11,628.5,,0.00035090168053151697,
1735,2017,11,641.1,,0.0003527372764786795,
1735,2018,11,742.0,,0.00040275742278673396,
1735,2019,11,700.0,,0.00037437159054444323,
1735,2020,11,539.0,,0.00028393826054891216,
1735,2021,11,649.2,,0.00033747465821073975,
1735,2022,11,599.3,,0.00030756992558378236,
1735,2023,11,535.2,,0.00027082279121546407,
1735,2024,11,653.0,,0.00032605981924402057,
1735,2025,11,821.4,,0.000404690348327339,
1700,2010,12,16463.7,16463.7,0.0005879598877198997,0.0005879598877198997
1700,2011,12,19500.0,16065.636511103368,0.000669564679948083,0.0005516401419855981
1700,2012,12,24455.3,17572.047545424623,0.0008274393173497906,0.0005945460912531931
1700,2013,12,30490.1,19429.941722447118,0.0010165569206661443,0.0006478050818493046
1700,2014,12,37646.2,21211.800299530405,0.0012345930842690732,0.0006956330773012123
1700,2015,12,44810.4,22952.539321372802,0.0014444483842372471,0.0007398674936376114
1700,2016,12,51232.0,24175.21046445398,0.0016225340693516769,0.0007656367624204356
1700,2017,12,72155.2,27990.77321151204,0.002246390934138634,0.0008714301835747278
1700,2018,12,124231.3,38058.78146668384,0.003804159636460512,0.0011654203108912976
1700,2019,12,195927.3,51151.16678668173,0.005891575829562027,0.0015381265290457737
1700,2020,12,210195.1,49043.68296234493,0.0061994944728242275,0.0014464944304220277
1700,2021,12,239552.6,49516.91446377747,0.006931719470237768,0.0014328266948247044
1700,2022,12,266240.0,48256.54113169589,0.007548346672790626,0.00136815317642661
1700,2023,12,356071.4,56655.617001350896,0.009884035764152017,0.0015726793690295016
1700,2024,12,507490.2,70788.565763816,0.01379056951396475,0.001923612784955788
1700,2025,12,603558.8,75267.96715652765,0.01607638134202732,0.002004836219515855
1703,2010,12,726.2,726.2,0.0002848848613236044,0.0002848848613236044
1703,2011,12,1037.2,854.527086631611,0.000388130075216106,0.00031977213884354713
1703,2012,12,1379.9,991.5097507669683,0.0005084002652715349,0.0003653046020068412
1703,2013,12,1462.3,931.8566938361771,0.0005305108112030184,0.0003380701980250243
1703,2014,12,1645.0,926.8773871659694,0.0005863482445196934,0.00033037868015183366
1703,2015,12,1956.5,1002.1477867250882,0.0006847373394463305,0.00035073243506985203
1703,2016,12,2188.5,1032.7031562589307,0.0007519326576189658,0.0003548198441020205
1703,2017,12,2986.0,1158.3426947687062,0.0010079324894514768,0.00039100175350842404
1703,2018,12,4711.9,1443.5103906412278,0.0015645316598598797,0.00047930085687194205
1703,2019,12,7452.1,1945.5359718172556,0.002429847728977143,0.000634365636902819
1703,2020,12,9622.6,2245.189082302396,0.0030765738402020655,0.0007178402923241986
1703,2021,12,11176.6,2310.2681673914426,0.003505724412659578,0.0007246536079142569
1703,2022,12,14339.8,2599.117895584032,0.004407499615798371,0.0007988682635881457
1703,2023,12,18639.1,2965.724601441956,0.005609624702801938,0.0008925646617034208
1703,2024,12,28668.0,3998.829146488104,0.008445675229790242,0.0011780665644850648
1703,2025,12,33418.5,4167.518658365049,0.009655735336607917,0.001204137144861326
1706,2010,12,2147.2,2147.2,0.0013315968992248062,0.0013315968992248062
1706,2011,12,2101.8,1731.628452258311,0.0012482480104525479,0.0010284050672635177
1706,2012,12,2405.8,1728.6572638562016,0.0014090429893405178,0.0010124500783976816
1706,2013,12,2998.7,1910.9339176684293,0.0017336532346649708,0.0011047776595180837
1706,2014,12,3583.2,2018.958695254165,0.0020400819858802095,0.001149486845396359
1706,2015,12,4075.9,2087.735325281261,0.00228290579141929,0.001169337585572567
1706,2016,12,5922.9,2794.881208227562,0.003262946231820185,0.0015397097885784278
1706,2017,12,11613.4,4505.1229241215315,0.00629964740981828,0.00244378786228453
1706,2018,12,9610.9,2944.3396535184906,0.005138969094214523,0.0015743448045762436
1706,2019,12,10366.6,2706.430832307774,0.0054710787418197175,0.0014283464388366973
1706,2020,12,12183.9,2842.8033234119844,0.006332917511305161,0.001477625304543887
1706,2021,12,20528.3,4243.318900261417,0.01054301268553233,0.0021793019877055196
1706,2022,12,21638.3,3921.9858547550148,0.010946125050586807,0.00198400741337263
1706,2023,12,31030.5,4937.3584156447805,0.015440364233467683,0.0024567639028933576
1706,2024,12,51663.9,7206.470948138927,0.02527588062622309,0.0035256707182675768
1706,2025,12,44856.3,5593.891622760451,0.02159667790081849,0.002693255475570752
1708,2010,12,440.8,440.8,0.00039469914040114615,0.00039469914040114615
1708,2011,12,580.3,478.0968649945274,0.0004973857889774577,0.000409785604692318
1708,2012,12,792.5,569.4408851966247,0.0006678745996966122,0.00047989287476540084
1708,2013,12,1128.5,719.1412699132366,0.0009365145228215768,0.0005967977343678311
1708,2014,12,1200.9,676.6486651961171,0.0009788881643299642,0.0005515558079524919
1708,2015,12,1304.9,668.3887794007501,0.0010438364930805536,0.0005346682500605952
1708,2016,12,1449.7,684.0803132869873,0.0011360394953373561,0.0005360710863466714
1708,2017,12,1788.2,693.6866734043539,0.0013744811683320524,0.0005331949834007332
1708,2018,12,3606.3,1104.805178753679,0.002721735849056604,0.0008338152292480597
1708,2019,12,7900.9,2062.705164950947,0.005842132505175983,0.001525218252699606
1708,2020,12,12545.4,2927.150158285336,0.00907705665291947,0.002117900411175267
1708,2021,12,9233.6,1908.6387765890902,0.006546331088266573,0.0013531646767735485
1708,2022,12,10373.9,1880.290459908729,0.007187127615352639,0.0013026814880897387
1708,2023,12,14970.9,2382.0660029576206,0.010146323280243985,0.0016144127434480654
1708,2024,12,23515.4,3280.1055850190583,0.015599973464243069,0.002176002112922289
1708,2025,12,25718.0,3207.2129166728705,0.016726066597294486,0.0020858564754636256
1710,2010,12,1792.8,1792.8,0.000685294904629028,0.000685294904629028
1710,2011,12,2265.9,1866.8269625902115,0.000832164236659444,0.000685602468908227
1710,2012,12,3072.2,2207.490583597565,0.001105983152134783,0.0007946902525731029
1710,2013,12,3667.8,2337.3206466883203,0.0012954473210186135,0.0008255291373885919
1710,2014,12,4721.8,2660.5043445108054,0.0016308499982730634,0.0009189045503093998
1710,2015,12,5894.7,3019.3511670883604,0.001992193044712562,0.0010204302839191457
1710,2016,12,7304.4,3446.779499464351,0.0024141988365943942,0.0011392052814199996
1710,2017,12,11175.3,4335.17318045838,0.0036180069930069926,0.0014035137206871212
1710,2018,12,16518.5,5060.511977717507,0.005246633210519629,0.0016073281596104393
1710,2019,12,24462.5,6386.478135100121,0.007613364040957331,0.001987637526096331
1710,2020,12,20557.6,4796.593340504617,0.00626679673210584,0.001462197701653645
1710,2021,12,17359.1,3588.22684399234,0.005204503208011033,0.0010758010565426455
1710,2022,12,16012.8,2902.352545949594,0.004698177977290731,0.0008515543074112004
1710,2023,12,21138.0,3363.3322759832863,0.006070126066105735,0.0009658364517655821
1710,2024,12,35482.5,4949.367070959403,0.009965314834578442,0.001390037373184127
1710,2025,12,40140.6,5005.811136285832,0.011029758470035445,0.0013754873564382798
1712,2010,12,1741.8,1741.8,0.0020453264443400657,0.0020453264443400657
1712,2011,12,1421.9,1171.47325923784,0.0016287514318442154,0.0013418937677409392
1712,2012,12,1688.0,1212.8911220339462,0.0019155696777122106,0.001376408445340384
1712,2013,12,1696.9,1081.3565094512817,0.001910063034669068,0.0012171955306745628
1712,2014,12,1754.1,988.3499239074935,0.0019466207968039063,0.0010968260169875634
1712,2015,12,1809.1,926.6473605746777,0.0019810556285589135,0.0010147255372039835
1712,2016,12,2963.2,1398.2663891370632,0.0031934475697812264,0.001506914957578471
1712,2017,12,3977.9,1543.1250520832004,0.004219240560033942,0.0016367469792991096
1712,2018,12,10579.5,3241.074338969178,0.011043319415448852,0.0033831673684438183
1712,2019,12,17646.3,4606.957960773317,0.0180156202143951,0.004703377193234626
1712,2020,12,15688.4,3660.4893062990154,0.015734028683181224,0.0036711355995376746
1712,2021,12,15020.1,3104.741952028006,0.014818567482241515,0.003063084009498822
1712,2022,12,17958.1,3254.9421247637765,0.01736928136183383,0.0031482175498247183
1712,2023,12,26398.6,4200.362542377348,0.025010516342965416,0.003979500277003646
1712,2024,12,33550.2,4679.8352738420945,0.031200781177345854,0.004352120593175946
1712,2025,12,43798.8,5462.014040546377,0.040009865716634695,0.004989507664699349
1714,2010,12,660.6,660.6,0.0002924950188177994,0.0002924950188177994
1714,2011,12,764.2,629.6081754761639,0.00032115990754360164,0.00026459683777102917
1714,2012,12,917.3,659.1143520389448,0.00037895563083533004,0.00027229379163800087
1714,2013,12,1205.1,767.9549351993278,0.0004901370643022735,0.00031234186163392355
1714,2014,12,1807.5,1018.4382232841882,0.0007218162213969091,0.00040670828772181153
1714,2015,12,2227.5,1140.9579324968738,0.0008720930232558139,0.0004466987442239738
1714,2016,12,2824.5,1332.8170275774958,0.0010849274026273335,0.000511952457393215
1714,2017,12,3586.7,1391.368969633931,0.0013522470215653747,0.0005245698121074993
1714,2018,12,8158.1,2499.268260763217,0.0030219662172173657,0.0009257920657738986
1714,2019,12,12084.9,3155.0311544147758,0.0043898797631588505,0.0011460754674760345
1714,2020,12,12007.2,2801.5748705153833,0.004271808737725914,0.0009967179701563197
1714,2021,12,12982.0,2683.4548385981166,0.004527288578901482,0.0009358168574012612
1714,2022,12,14775.1,2678.016905329477,0.00504080379379755,0.0009136559330386125
1714,2023,12,19220.1,3058.169300673023,0.006412043369474561,0.0010202399668633939
1714,2024,12,54231.4,7564.605238414084,0.01768742050161443,0.002467174990513709
1714,2025,12,62727.2,7822.5167612848,0.020029760194143754,0.0024978499732684484
1718,2010,12,1083.1,1083.1,0.0003472587367746072,0.0003472587367746072
1718,2011,12,1345.6,1108.6113071456764,0.000411397823162529,0.00033894194299427554
1718,2012,12,1586.0,1139.6003077878192,0.0004768203956466839,0.0003426132847657445
1718,2013,12,2127.6,1355.8218572152434,0.0006292998905616848,0.00040102394546281863
1718,2014,12,2540.4,1431.391680459835,0.0007372881355932204,0.00041542595787666446
1718,2015,12,3237.2,1658.1409737727856,0.000921019688175714,0.0004717596943703157
1718,2016,12,3623.5,1709.8468753503473,0.001011049415441279,0.0004770911228969411
1718,2017,12,4384.2,1700.7387951791568,0.0012005915053262864,0.0004657389148010945
1718,2018,12,7061.4,2163.289601323026,0.0018981747802478428,0.0005815138306290224
1718,2019,12,10266.7,2680.3497218040848,0.0027025454736897526,0.0007055594308363171
1718,2020,12,14656.4,3419.6983420132638,0.0037799556403775724,0.0008819565538797297
1718,2021,12,15641.6,3233.209613573895,0.003962205841375991,0.0008190109718504179
1718,2022,12,18917.1,3428.7628239272995,0.004692555751246496,0.0008505352675135314
1718,2023,12,25717.1,4091.926978649341,0.0062447428488174445,0.0009936202658077172
1718,2024,12,28946.9294,4037.736325730899,0.006878205869074492,0.0009594241002093142
1718,2025,12,36045.1,4495.073889990096,0.008387457824316463,0.001045974145431087
1722,2010,12,655.3,655.3,0.0003158072289156626,0.0003158072289156626
1722,2011,12,802.9,661.4922848597382,0.00036913245368029054,0.00030412040129637174
1722,2012,12,980.3,704.3822078968468,0.00044179548424895217,0.0003174465761849776
1722,2013,12,1371.0,873.6753930447917,0.0006064761567725383,0.0003864794271630504
1722,2014,12,1509.1,850.3043556061789,0.0006537711735909544,0.00036836821713216603
1722,2015,12,1843.6,944.3187628961781,0.0007817495653648814,0.0004004235096875623
1722,2016,12,2142.4,1010.9496193598962,0.0008884097035040432,0.0004192202443955614
1722,2017,12,3551.0,1377.520063336797,0.0014421475855907078,0.000559444447604596
1722,2018,12,7240.6,2218.1882753192713,0.0028798822687137065,0.0008822640503218802
1722,2019,12,11835.1,3089.8153245466915,0.004605276469901553,0.0012023095546701006
1722,2020,12,10068.2,2349.158514168414,0.0038295234110532123,0.0008935219330449257
1722,2021,12,12037.8,2488.2832118376527,0.004490376007162041,0.0009281868143232067
1722,2022,12,11569.4,2096.977264757521,0.004217483231262759,0.0007644274076835524
1722,2023,12,18307.7,2912.994526871947,0.006523320862283984,0.0010379456714313014
1722,2024,12,16593.1,2314.53090242053,0.005767300406659483,0.0008044666165307184
1722,2025,12,22289.6,2779.667665738845,0.007567340010185028,0.000943699767692699
1724,2010,12,406.2,406.2,0.0005685890257558791,0.0005685890257558791
1724,2011,12,596.7,491.60847723976315,0.0008205445544554456,0.0006760292591305874
1724,2012,12,663.1,476.46214633928304,0.000896686950642326,0.0006443031052593415
1724,2013,12,852.8,543.4503101302686,0.0011361577404742872,0.000724021196549785
1724,2014,12,992.3,559.1127241852835,0.0012991620843152657,0.0007320145642645764
1724,2015,12,1083.3,554.8820328951126,0.0013940290824861665,0.0007140419931734817
1724,2016,12,1322.9,624.2462898857387,0.0016732861118138125,0.0007895854918868438
1724,2017,12,1628.0,631.541161113012,0.0020271448138463456,0.0007863792318677774
1724,2018,12,2699.3,826.9419124892011,0.0033083711239122442,0.0010135334140080905
1724,2019,12,5869.1,1532.2587152873223,0.007072056874322208,0.0018463172855612993
1724,2020,12,7191.9,1678.0470310530002,0.008498050336760014,0.0019828040069159877
1724,2021,12,8051.8,1664.353849131437,0.009352770356603554,0.0019332719817997876
1724,2022,12,12354.6,2239.296360673265,0.014061689050762577,0.0025487097207753983
1724,2023,12,15871.8,2525.410976343624,0.017702208342627705,0.002816652884612563
1724,2024,12,11406.3,1591.0368666662223,0.012479540481400438,0.0017407405543394118
1724,2025,12,17464.9,2177.994123508827,0.01876332187365707,0.002339916333808366
1726,2010,12,3309.0,3309.0,0.0014810007608647003,0.0014810007608647003
1726,2011,12,3523.1,2902.607384218886,0.0015341171347703025,0.0012639265770602597
1726,2012,12,5433.1,3903.8855184375793,0.002352704282683064,0.001690506005472472
1726,2013,12,4977.1,3171.6774607755165,0.0021261480627109233,0.0013548966042015963
1726,2014,12,5969.5,3363.5225305089693,0.0025370818989332313,0.0014295220921029237
1726,2015,12,6854.6,3511.0259232741064,0.002890650697929406,0.0014806333754793179
1726,2016,12,9268.9,4373.782172743158,0.0038730152097609894,0.0018275874029513447
1726,2017,12,13573.7,5265.571411916272,0.005599480219462894,0.0021721758227450485
1726,2018,12,26435.7,8098.687925014178,0.010724856992170068,0.0032856050651199555
1726,2019,12,42458.1,11084.628607374325,0.01691625164349177,0.004416362646868132
1726,2020,12,50371.4,11752.885638007077,0.019586810281136992,0.0045700842392219455
1726,2021,12,58172.7,12024.635132438503,0.02159022416864608,0.004462824796777948
1726,2022,12,56847.9,10303.797418121,0.019872719009997902,0.0036019707117810945
1726,2023,12,71143.7,11319.893199114018,0.02406430117710729,0.00382894506802666
1726,2024,12,91642.8,12783.029848813312,0.030137726913970007,0.004203837756121189
1726,2025,12,116388.4,14514.440463134331,0.037390259573374454,0.004662824615501906
1727,2010,12,1606.1,1606.1,0.0006210990370857342,0.0006210990370857342
1727,2011,12,2221.6,1830.3291319521663,0.0008401149599152926,0.000692152901207142
1727,2012,12,2005.8,1441.242306028252,0.000750954698614751,0.0005395890325826477
1727,2013,12,3195.2,2036.1543514636894,0.0011852950996030715,0.000755334180904288
1727,2014,12,4021.7,2266.0320899485587,0.001475365934186874,0.0008312968523968445
1727,2015,12,4428.1,2268.137293328578,0.001605372874596672,0.0008222953606672871
1727,2016,12,4238.7,2000.145701820758,0.0015170180022189613,0.0007158461407325285
1727,2017,12,5938.4,2303.6511247871686,0.002098893719294525,0.0008142123934496761
1727,2018,12,11226.9,3439.4080529489165,0.003923843142737313,0.0012020858566157264
1727,2019,12,20353.9,5313.836987798237,0.007022218388821805,0.0018333058436426554
1727,2020,12,21148.6,4934.488165982213,0.0071887555661307315,0.0016773133573480448
1727,2021,12,28113.6,5811.244488554306,0.009447091636143688,0.0019527687383831132
1727,2022,12,35767.7,6482.9683227019195,0.012159680435152132,0.002203966793371382
1727,2023,12,47709.3,7591.1736472026405,0.01593816396071357,0.002535970350505325
1727,2024,12,73325.1237,10227.942019722535,0.024026844386919193,0.0033514457106371765
1727,2025,12,74285.8,9263.954323251324,0.023897635515521955,0.0029802008438961957
1730,2010,12,930.9,930.9,0.0003027710921745918,0.0003027710921745918
1730,2011,12,1261.4,1039.2407125695277,0.00039062306453610806,0.0003218260598815582
1730,2012,12,1505.8,1081.9736087433153,0.00045897342111680077,0.0003297895661860873
1730,2013,12,2130.0,1357.3512670936589,0.0006396972700243265,0.0004076497183210676
1730,2014,12,2295.3,1293.2897670286015,0.0006777794182784586,0.0003818956937925887
1730,2015,12,2542.3,1302.2030759985646,0.0007379894917123865,0.0003780089628141788
1730,2016,12,2643.6,1247.4544500279226,0.0007541722534447836,0.000355876658211258
1730,2017,12,2954.5,1146.1230715653526,0.000828798249551167,0.0003215111847972825
1730,2018,12,5539.1,1696.9265911417529,0.001530053588199547,0.00046873835454995657
1730,2019,12,8685.4,2267.516287975415,0.0023580484891265983,0.0006156208530327192
1730,2020,12,11040.0,2575.90333887083,0.0029424307036247333,0.000686541401618025
1730,2021,12,12625.2,2609.7022052279267,0.0033050261780104714,0.0006831681165518133
1730,2022,12,15419.3,2794.779464663305,0.003957319577045477,0.0007172722165751219
1730,2023,12,19955.0,3175.1015028501506,0.005018484520785655,0.0007985065268843273
1730,2024,12,21542.7,3004.938490792845,0.005304124092084205,0.0007398592861732969
1730,2025,12,36606.4,4565.071891783723,0.008832098825005429,0.0011014239611512832
1733,2010,12,416.9,416.9,0.0002669697745901639,0.0002669697745901639
1733,2011,12,627.1,516.6543926211756,0.00039166822809318596,0.0003226871479740026
1733,2012,12,783.4,562.9021949060387,0.00048087901295193664,0.0003455295530698169
1733,2013,12,1256.9,800.96469840846,0.000760007256016447,0.0004843177520912202
1733,2014,12,1614.8,909.8611579304604,0.0009588504245591116,0.0005402655174457933
1733,2015,12,1531.5,784.4565987066048,0.0008926906038703661,0.0004572491249164169
1733,2016,12,1560.5,736.3643021896555,0.0008932966970061251,0.0004215263049915024
1733,2017,12,2175.9,844.0850199421393,0.0012246862160184612,0.000475085844510688
1733,2018,12,3013.8,923.2903107694418,0.001669695290858726,0.0005115181777116021
1733,2019,12,5032.0,1313.7151957413923,0.00274118864738247,0.0007156480883267377
1733,2020,12,5391.8,1258.039458561933,0.002888722207339941,0.0006740098893983033
1733,2021,12,8292.0,1714.0045849372657,0.004379654571383299,0.0009053000501438048
1733,2022,12,8769.7,1589.5259493788817,0.004557582371894814,0.0008260710681732053
1733,2023,12,11666.1,1856.2290975895837,0.005957867320361575,0.00094797461702139
1733,2024,12,15624.1,2179.3674643381046,0.007829274403688115,0.001092086322077623
1733,2025,12,22765.5,2839.015695408517,0.011201289116315686,0.0013968784173432971
1735,2010,12,496.4,496.4,0.00030416666666666667,0.00030416666666666667
1735,2011,12,950.3,782.9320193077708,0.0005653518948182521,0.00046578143810326066
1735,2012,12,1242.1,892.4952977952397,0.0007337547258979205,0.0005272302090000235
1735,2013,12,2415.0,1538.9686901554865,0.001410795653697862,0.00089903533716292
1735,2014,12,3990.6,2248.5087545437796,0.002298070832133602,0.0012948509959941144
1735,2015,12,6021.2,3084.1463089338617,0.0034151210935284442,0.0017492747484169145
1735,2016,12,3778.3,1782.8934591241114,0.002109485790854782,0.0009954181559511538
1735,2017,12,2822.0,1094.7230692020391,0.0015526822558459422,0.0006023235593958949
1735,2018,12,6757.8,2070.28046390528,0.0036681322260218208,0.00112374774135878
1735,2019,12,8750.6,2284.538193929775,0.0046799657717402935,0.0012218088533157423
1735,2020,12,7089.8,1654.2245916600011,0.0037348153611125746,0.0008714242172786183
1735,2021,12,8110.7,1676.5288214002267,0.004216197951863596,0.0008715126170401969
1735,2022,12,10254.0,1858.558341212476,0.005262509622786759,0.0009538405651590844
1735,2023,12,12959.2,2061.9782207835465,0.0065576358668151,0.0010434056374777586
1735,2024,12,20567.7,2868.938127397216,0.01026998551954861,0.0014325351412579096
1735,2025,12,26154.6,3261.6599638545867,0.012885943735527417,0.0016069665289720582
1700,2010,13,583.2,583.2,,
1700,2011,13,664.6,547.5498474502205,,
1700,2012,13,821.4,590.2066158996939,,
1700,2013,13,1008.2,642.4795997576651,,
1700,2014,13,1224.0,689.6643902073839,,
1700,2015,13,1431.7,733.3375856142646,,
1700,2016,13,1608.6,759.0615934010124,,
1700,2017,13,2227.8,864.2183038867126,,
1700,2018,13,3769.6,1154.8328208495877,,
1700,2019,13,5834.6,1523.2517251734357,,
1700,2020,13,6140.3,1432.682905042442,,
1700,2021,13,6861.0,1418.2085693746478,,
1700,2022,13,7468.6,1353.6989298985275,,
1700,2023,13,9778.8,1555.9349825142094,,
1700,2024,13,13652.7,1904.3817039297523,,
1700,2025,13,15929.279961150594,1986.4916573878415,,
1703,2010,13,282.3,282.3,,
1703,2011,13,385.1,317.27572412440554,,
1703,2012,13,504.5,362.5021155605011,,
1703,2013,13,525.8,335.0682141961717,,
1703,2014,13,581.0,327.36520482883174,,
1703,2015,13,678.4,347.48635753350356,,
1703,2016,13,745.3,351.6900444869915,,
1703,2017,13,999.6,387.76937631975846,,
1703,2018,13,1550.3,474.9409279931865,,
1703,2019,13,2406.0,628.1396583771443,,
1703,2020,13,3047.2,710.9866534607964,,
1703,2021,13,3470.1,717.2898348035221,,
1703,2022,13,4361.1,790.4582389176644,,
1703,2023,13,5549.8,883.0457690061521,,
1703,2024,13,8363.6,1166.6180915853183,,
1703,2025,13,9571.7,1193.6573557243066,,
1706,2010,13,1321.5,1321.5,,
1706,2011,13,1239.5,1021.1977669493654,,
1706,2012,13,1399.9,1005.8804986583658,,
1706,2013,13,1720.3,1096.2682557658316,,
1706,2014,13,2023.4,1140.0873587791018,,
1706,2015,13,2264.0,1159.6537639384612,,
1706,2016,13,3237.6,1527.7494807877147,,
1706,2017,13,6254.2,2426.1576964576166,,
1706,2018,13,5112.4,1566.2052507723452,,
1706,2019,13,5429.3,1417.4391717485576,,
1706,2020,13,6295.0,1468.778217227525,,
1706,2021,13,10462.9,2162.742230069961,,
1706,2022,13,10855.5,1967.5814387587318,,
1706,2023,13,15309.4,2435.925780392588,,
1706,2024,13,25073.5,3497.4411401028838,,
1706,2025,13,21441.8,2673.9411274872214,,
1708,2010,13,391.5,391.5,,
1708,2011,13,493.2,406.33702191159904,,
1708,2012,13,662.8,476.2465851209121,,
1708,2013,13,928.1,591.4355450655515,,
1708,2014,13,969.6,546.3223796936924,,
1708,2015,13,1033.1,529.1688619809295,,
1708,2016,13,1125.1,530.9089883970403,,
1708,2017,13,1361.9,528.3144393856334,,
1708,2018,13,2693.9,825.287599768332,,
1708,2019,13,5778.9,1508.7100049026096,,
1708,2020,13,8984.7,2096.3513341261546,,
1708,2021,13,6470.8,1337.5519619165532,,
1708,2022,13,7107.9,1288.3213217772732,,
1708,2023,13,10037.4,1597.0816248914107,,
1708,2024,13,15445.3,2154.427090004629,,
1708,2025,13,16568.7,2066.2317696740724,,
1710,2010,13,678.5,678.5,,
1710,2011,13,823.9,678.7937395640033,,
1710,2012,13,1095.5,787.1577157512963,,
1710,2013,13,1281.0,816.3225226042146,,
1710,2014,13,1613.1,908.903290721839,,
1710,2015,13,1969.9,1009.0114618296709,,
1710,2016,13,2389.2,1127.4089015004965,,
1710,2017,13,3583.4,1390.0888186316752,,
1710,2018,13,5193.4,1591.0199415853801,,
1710,2019,13,7534.6,1967.0744264374196,,
1710,2020,13,6214.7,1450.0422536304843,,
1710,2021,13,5148.2,1064.1628562679728,,
1710,2022,13,4647.7,842.4050714309758,,
1710,2023,13,6002.6,955.092171436147,,
1710,2024,13,9856.3,1374.8311607552216,,
1710,2025,13,10913.4,1360.9766484492459,,
1712,2010,13,2031.0,2031.0,,
1712,2011,13,1621.1,1335.5899152897266,,
1712,2012,13,1907.8,1370.8256413604045,,
1712,2013,13,1896.4,1208.488705594561,,
1712,2014,13,1933.5,1089.4330869820071,,
1712,2015,13,1965.1,1006.552831941462,,
1712,2016,13,3168.2,1495.0012061501227,,
1712,2017,13,4185.5,1623.6581878614936,,
1712,2018,13,10892.1,3336.840664255039,,
1712,2019,13,17855.2,4661.495938593344,,
1712,2020,13,15604.2,3640.8433768485697,,
1712,2021,13,14672.4,3032.870341538053,,
1712,2022,13,17189.8,3115.686188197213,,
1712,2023,13,24778.1,3942.519796931662,,
1712,2024,13,30921.8,4313.206191637919,,
1712,2025,13,39698.0,4950.6158475029015,,
1714,2010,13,290.0,290.0,,
1714,2011,13,318.4,262.32300846847755,,
1714,2012,13,376.0,270.1700603582724,,
1714,2013,13,485.6,309.45059873271396,,
1714,2014,13,714.7,402.6986435304063,,
1714,2015,13,863.8,442.4509369655666,,
1714,2016,13,1074.8,507.1735674421287,,
1714,2017,13,1340.3,519.9352691890479,,
1714,2018,13,2992.5,916.7649661482362,,
1714,2019,13,4344.1,1134.1236450358074,,
1714,2020,13,4229.2,986.7763044159886,,
1714,2021,13,4477.8,925.5872805634452,,
1714,2022,13,4984.4,903.4326307723294,,
1714,2023,13,6339.5,1008.6973679438,,
1714,2024,13,17500.2,2441.0600610217357,,
1714,2025,13,19842.2,2474.4599166034077,,
1718,2010,13,344.0,344.0,,
1718,2011,13,407.9,336.0601606604648,,
1718,2012,13,472.9,339.7963338920931,,
1718,2013,13,623.3,397.20049050679694,,
1718,2014,13,730.0,411.31944840799855,,
1718,2015,13,912.0,467.13967875966284,,
1718,2016,13,1001.6,472.632159611124,,
1718,2017,13,1189.5,461.43624763140525,,
1718,2018,13,1878.3,575.4251080755997,,
1718,2019,13,2674.9,698.341966830018,,
1718,2020,13,3746.0,874.0338684248305,,
1718,2021,13,3920.7,810.4314732469292,,
1718,2022,13,4642.5,841.4625608619973,,
1718,2023,13,6176.9,982.825581205467,,
1718,2024,13,6806.4,949.4080752984732,,
1718,2025,13,8308.0,1036.065203815157,,
1722,2010,13,312.7,312.7,,
1722,2011,13,365.4,301.0453118542139,,
1722,2012,13,437.7,314.5038176032336,,
1722,2013,13,600.1,382.4161950154482,,
1722,2014,13,646.8,364.4403003154705,,
1722,2015,13,773.0,395.94185491361776,,
1722,2016,13,879.1,414.82720798136893,,
1722,2017,13,1427.1,553.6071197938448,,
1722,2018,13,2848.3,872.5886894168827,,
1722,2019,13,4552.8,1188.6094084203917,,
1722,2020,13,3792.2,884.8134639190182,,
1722,2021,13,4438.7,917.5050833527546,,
1722,2022,13,4169.4,755.7122242882092,,
1722,2023,13,6442.3,1025.0541925237546,,
1722,2024,13,5699.5,795.0093037675788,,
1722,2025,13,7484.3,933.3441026617453,,
1724,2010,13,564.3,564.3,,
1724,2011,13,813.8,670.4725637300472,,
1724,2012,13,890.1,639.5701349066443,,
1724,2013,13,1126.4,717.8030362696232,,
1724,2014,13,1288.1,725.7816184854013,,
1724,2015,13,1382.2,707.9829648921119,,
1724,2016,13,1660.3,783.4576423745499,,
1724,2017,13,2011.1,780.1550547385616,,
1724,2018,13,3280.2,1004.9030716656456,,
1724,2019,13,7002.9,1828.262349812678,,
1724,2020,13,8425.4,1965.8528977647002,,
1724,2021,13,9257.1,1913.4963631479452,,
1724,2022,13,13919.1,2522.865165513027,,
1724,2023,13,17532.1,2789.5864223562576,,
1724,2024,13,12365.9,1724.8891217579617,,
1724,2025,13,18607.4,2320.471795073442,,
1726,2010,13,1472.4,1472.4,,
1726,2011,13,1529.9,1260.4521691454895,,
1726,2012,13,2336.7,1679.006329891423,,
1726,2013,13,2120.7,1351.4248038147991,,
1726,2014,13,2527.2,1423.9541233105397,,
1726,2015,13,2877.4,1473.846175069138,,
1726,2016,13,3848.1,1815.8304846241676,,
1726,2017,13,5552.8,2154.0674197962735,,
1726,2018,13,10627.8,3255.8712471947283,,
1726,2019,13,16710.5,4362.646617336354,,
1726,2020,13,19065.6,4448.473070432581,,
1726,2021,13,20619.8,4262.232481969299,,
1726,2022,13,19539.4,3541.5559637494694,,
1726,2023,13,23725.7,3775.06919199057,,
1726,2024,13,29785.1,4154.6506910514445,,
1726,2025,13,37001.6,4614.356071917057,,
1727,2010,13,618.2,618.2,,
1727,2011,13,835.9,688.6802851092978,,
1727,2012,13,747.5,537.1067024409804,,
1727,2013,13,1178.7,751.1314265367586,,
1727,2014,13,1466.6,826.3576753906448,,
1727,2015,13,1595.0,816.9822232693665,,
1727,2016,13,1507.5,711.3548129131085,,
1727,2017,13,2087.2,809.6761126996797,,
1727,2018,13,3898.4,1194.291242784389,,
1727,2019,13,6970.0,1819.673075182334,,
1727,2020,13,7169.0,1672.7038982214656,,
1727,2021,13,9644.5,1993.5741943351975,,
1727,2022,13,12056.8,2185.319505396,,
1727,2023,13,15784.2,2511.472670573157,,
1727,2024,13,23806.1,3320.6546164437855,,
1727,2025,13,23698.6,2955.3797350907416,,
1730,2010,13,300.1,300.1,,
1730,2011,13,387.5,319.2530332334644,,
1730,2012,13,455.6,327.36563696603434,,
1730,2013,13,634.3,404.21028578286746,,
1730,2014,13,672.0,378.6392730550343,,
1730,2015,13,731.6,374.73617212781727,,
1730,2016,13,747.8,352.8697373773947,,
1730,2017,13,822.4,319.02914674406696,,
1730,2018,13,1516.8,464.67806203964733,,
1730,2019,13,2336.2,609.9168204075995,,
1730,2020,13,2916.0,680.3744688539258,,
1730,2021,13,3272.3,676.4034253847341,,
1730,2022,13,3917.2,710.0004616927552,,
1730,2023,13,4965.3,790.044173996585,,
1730,2024,13,5250.3,732.3514953190489,,
1730,2025,13,8749.4,1091.1108442778448,,
1733,2010,13,264.6,264.6,,
1733,2011,13,388.3,319.9121362698173,,
1733,2012,13,477.3,342.95789842820056,,
1733,2013,13,753.1,479.9160747644293,,
1733,2014,13,950.0,535.2787342295871,,
1733,2015,13,884.7,453.1562212704756,,
1733,2016,13,885.7,417.9415972120333,,
1733,2017,13,1215.0,471.3283235579297,,
1733,2018,13,1655.6,507.20002605013195,,
1733,2019,13,2718.4,709.6986065388317,,
1733,2020,13,2868.2,669.221554035264,,
1733,2021,13,4344.3,897.9920547929286,,
1733,2022,13,4517.9,818.878557613014,,
1733,2023,13,5901.5,939.0058390914639,,
1733,2024,13,7757.7,1082.1025837069471,,
1733,2025,13,11100.8,1384.3467277938487,,
1735,2010,13,302.6,302.6,,
1735,2011,13,563.3,464.09092547202704,,
1735,2012,13,729.7,524.3167368176366,,
1735,2013,13,1400.7,892.6018402901822,,
1735,2014,13,2280.6,1285.0070329305227,,
1735,2015,13,3388.2,1735.4853723393526,,
1735,2016,13,2094.1,988.157952717307,,
1735,2017,13,1528.8,593.0590461361012,,
1735,2018,13,3641.1,1115.466305177057,,
1735,2019,13,4644.4,1212.5236198532039,,
1735,2020,13,3710.0,865.6341836241648,,
1735,2021,13,4189.2,865.9319835044854,,
1735,2022,13,5225.5,947.1324958070796,,
1735,2023,13,6514.1,1036.4785116369915,,
1735,2024,13,10201.2,1422.9404175092245,,
1735,2025,13,12812.1,1597.757703153608,,
1700,2010,14,38119.0,38119.0,0.001361324790903312,0.001361324790903312
1700,2011,14,47587.1,39206.00262653985,0.001633981609290124,0.0013462028000350182
1700,2012,14,57552.5,41353.62340098264,0.0019472752864112819,0.0013991901108082665
1700,2013,14,70634.8,45012.31703328976,0.0023550035841098907,0.0015007357271838817
1700,2014,14,84011.6,47336.44516694988,0.0027551290796515903,0.00155238105936319
1700,2015,14,97598.2,49991.21907403654,0.003146045612055766,0.0016114503690558963
1700,2016,14,111869.4,52788.61433346712,0.003542940209594208,0.0016718325505527144
1700,2017,14,148816.0,57729.37925810442,0.004633053657321648,0.0017972752372504917
1700,2018,14,235340.7,72097.61365707677,0.007206505862502948,0.002207743392843636
1700,2019,14,322535.8,84205.12353549415,0.009698720512396446,0.002532066080362471
1700,2020,14,368740.2,86036.15148151247,0.010875623798119462,0.002537550330967299
1700,2021,14,456056.1,94269.44601888665,0.013196487735431393,0.0027277906999032563
1700,2022,14,553265.0,100280.40575881809,0.01568598265445277,0.0028431162378142593
1700,2023,14,658991.7,104854.19879908672,0.018292672568140367,0.0029106034659107096
1700,2024,14,880198.5,122776.73421567983,0.023918567492214632,0.00333634243163495
1703,2010,14,4701.4,4701.4,0.0018443372170570003,0.0018443372170570003
1703,2011,14,5727.3,4718.601025130376,0.002143209968940613,0.0017657452475883606
1703,2012,14,6934.9,4982.984977602615,0.0025550438434897944,0.0018358945463129521
1703,2013,14,9278.6,5912.8260407771,0.003366202292845741,0.002145126266426172
1703,2014,14,10463.2,5895.503633674754,0.0037295312778470864,0.002101409243869098
1703,2015,14,9744.6,4991.326001799793,0.003410422426766528,0.0017468680228886686
1703,2016,14,7965.7,3758.831862833796,0.0027368836969592853,0.0012914728956652795
1703,2017,14,13269.8,5147.681142344869,0.004479257383966245,0.001737613887711348
1703,2018,14,27454.7,8410.86286252631,0.00911601421124282,0.0027927293098669558
1703,2019,14,33122.3,8647.310975338856,0.010799928266327563,0.002819560786246326
1703,2020,14,36376.5,8487.531504206047,0.011630431307350449,0.002713665474376074
1703,2021,14,35935.3,7428.035330571168,0.011271697876478155,0.0023299254510746738
1703,2022,14,54352.5,9851.501096230848,0.016705855232826188,0.0030279702155312275
1703,2023,14,73767.1,11737.310452062007,0.022200951033797815,0.003532461688404613
1703,2024,14,90626.6,12641.282598267017,0.026698856940843743,0.0037241582012335073
1706,2010,14,1674.8,1674.8,0.0010386356589147288,0.0010386356589147288
1706,2011,14,2202.6,1814.6754348387835,0.0013081126024468463,0.001077726235205359
1706,2012,14,2457.8,1766.021208373835,0.0014394986529225723,0.0010343336115578277
1706,2013,14,3073.9,1958.8554271921116,0.0017771289819043766,0.0011324827583928494
1706,2014,14,3972.6,2238.366631158377,0.0022617854702801183,0.0012744059617162246
1706,2015,14,5143.9,2634.780475407708,0.002881091072028677,0.0014757367959043956
1706,2016,14,5569.6,2628.167008955787,0.0030683120317320407,0.0014478663557491113
1706,2017,14,6422.3,2491.3678126634504,0.00348375372931923,0.001351433584303472
1706,2018,14,8601.2,2635.013810136745,0.004599080312266068,0.0014089476046073924
1706,2019,14,14798.2,3863.398292849816,0.007809900781085075,0.0020389478007440446
1706,2020,14,17574.4,4100.539460022783,0.009134778314881232,0.002131368293582194
1706,2021,14,20772.1,4293.7137769869,0.010668224539058085,0.0022051840054372654
1706,2022,14,27202.4,4930.490288765191,0.0137608255766896,0.002494177604595908
1706,2023,14,31860.4,5069.406360381205,0.015853311439518337,0.002522469204548542
1706,2024,14,42243.7,5892.470308898406,0.020667172211350292,0.0028828132626704532
1708,2010,14,522.7,522.7,0.00046803366762177657,0.00046803366762177657
1708,2011,14,659.6,543.4304534730145,0.0005653552755635554,0.0004657842234276288
1708,2012,14,785.7,564.5548309135495,0.0006621439406708242,0.0004757751819598428
1708,2013,14,933.3,594.7492664687849,0.0007745228215767635,0.0004935678559906928
1708,2014,14,1195.8,673.775063570253,0.0009747310074991848,0.0005492134525352568
1708,2015,14,1474.5,755.260368784126,0.0011795056395488362,0.0006041599622303223
1708,2016,14,2001.2,944.3205649099255,0.001568215657080166,0.0007400051445105598
1708,2017,14,2548.8,988.7420831970793,0.0019591083781706382,0.0007599862284374168
1708,2018,14,3581.8,1097.299500668255,0.0027032452830188683,0.0008281505665420792
1708,2019,14,4586.1,1197.3031119216216,0.0033910825199645078,0.0008853172965998385
1708,2020,14,5823.8,1358.8356761699222,0.00421373272556255,0.0009831674091382114
1708,2021,14,8731.8,1804.9138006217095,0.006190570719602977,0.0012796269412419068
1708,2022,14,11402.0,2066.6356745177154,0.007899404184564224,0.0014317830639585115
1708,2023,14,19197.3,3054.541522458792,0.01301070823449678,0.0020701738545976225
1708,2024,14,24903.7,3473.7561537392144,0.01652096324797665,0.002304468723457088
1710,2010,14,4957.5,4957.5,0.0018949963686403426,0.0018949963686403426
1710,2011,14,5043.6,4155.315092687229,0.0018522898380403249,0.0015260623205726352
1710,2012,14,6076.4,4366.120624364378,0.002187486500107999,0.0015717908504443727
1710,2013,14,6849.4,4364.808342174322,0.0024191714053614947,0.00154162693539163
1710,2014,14,7194.7,4053.86306227538,0.0024849583808240943,0.001400153028106027
1710,2015,14,8721.9,4467.484171243315,0.002947683260671195,0.0015098462845122564
1710,2016,14,9632.2,4545.215143576546,0.0031835668958223166,0.001502252493249784
1710,2017,14,10945.9,4246.183289574274,0.0035437386687386684,0.0013747032147028858
1710,2018,14,14529.5,4451.173458864093,0.004614883750476432,0.0014137890543971835
1710,2019,14,20360.1,5315.455635296963,0.006336590831284429,0.0016543075644383813
1710,2020,14,14612.3,3409.4087281324482,0.004454426289476893,0.0010393271333168053
1710,2021,14,18771.9,3880.2608137944835,0.005628080590034179,0.0011633569628213957
1710,2022,14,22624.4,4100.718483999176,0.006638030689786698,0.0012031565542936877
1710,2023,14,28767.7,4577.317339190292,0.008261120523791746,0.0013144523272521874
1710,2024,14,39116.8,5456.306681922209,0.010986013593214628,0.001532412144560526
1712,2010,14,4038.5,4038.5,0.004742249882573979,0.004742249882573979
1712,2011,14,4865.7,4008.747054978239,0.0055735395189003435,0.0045919210251755315
1712,2012,14,5761.1,4139.565783856498,0.006537789378120745,0.004697646146001473
1712,2013,14,7087.3,4516.411096372248,0.007977600180099055,0.005083758550621621
1712,2014,14,8238.9,4642.218908888574,0.009143158362001998,0.005151724457761153
1712,2015,14,9286.9,4756.8853976678865,0.010169623302671923,0.0052090291257861215
1712,2016,14,10657.9,5029.219542651156,0.011486043754714948,0.005420001662518758
1712,2017,14,13072.9,5071.298799210254,0.013866037335596096,0.005378976240146643
1712,2018,14,22892.4,7013.183061337305,0.023896033402922758,0.007320650377178815
1712,2019,14,44438.1,11601.55151825826,0.04536814701378254,0.011844360917057949
1712,2020,14,65084.9,15185.906813412508,0.06527419516598135,0.01523007402809398
1712,2021,14,73633.5,15220.472335380868,0.07264552091554854,0.015016251317463366
1712,2022,14,84393.7,15296.529654845264,0.08162655962859076,0.01479497983832601
1712,2023,14,101841.9,16204.378338417175,0.09648687825675036,0.015352324337676148
1712,2024,14,145615.0,20311.47991369699,0.13541802287733656,0.018889128535010683
1714,2010,14,1007.0,1007.0,0.00044587115342041176,0.00044587115342041176
1714,2011,14,1358.1,1118.9097920886916,0.0005707501575961336,0.00047022895233817674
1714,2012,14,1615.6,1160.8690146670874,0.0006674378253325622,0.00047957903605184147
1714,2013,14,1892.1,1205.7485128957333,0.000769553015821369,0.0004904008268173153
1714,2014,14,2315.2,1304.5024478824632,0.0009245637155065691,0.0005209466266852215
1714,2015,14,2861.8,1465.8556279324596,0.0011204290971732834,0.0005739000970685379
1714,2016,14,3475.7,1640.103431669712,0.0013350618422063455,0.0006299851853997511
1714,2017,14,4615.5,1790.4657427009256,0.001740122153521339,0.0006750360966298166
1714,2018,14,6586.6,2017.8326235695818,0.0024398429396947697,0.0007474561503813831
1714,2019,14,8818.1,2302.1605658917274,0.003203203894075339,0.0008362674146869583
1714,2020,14,11011.9,2569.346918234755,0.003917710260424079,0.0009140980924415665
1714,2021,14,14695.1,3037.562563448096,0.005124707933740192,0.0010593069096593187
1714,2022,14,18120.5,3284.3774548411034,0.006182150046057794,0.0011205272610423061
1714,2023,14,21906.8,3485.658411557889,0.00730835696413678,0.0011628551831719396
1714,2024,14,31696.2,4421.225352062099,0.010337627605100944,0.0014419703701973514
1718,2010,14,2011.2,2011.2,0.000644822058352036,0.000644822058352036
1718,2011,14,2485.6,2047.8331339486426,0.0007599364069952305,0.0006260954916071428
1718,2012,14,3222.0,2315.127485304132,0.0009686729601346882,0.0006960277449654656
1718,2013,14,3880.1,2472.609695516481,0.0011476529918069153,0.0007313465927760304
1718,2014,14,4966.4,2798.324532292444,0.0014413745066171348,0.0008121443383713849
1718,2015,14,6095.5,3122.203850745093,0.0017342380789803118,0.0008883019946355676
1718,2016,14,7446.0,3513.5973047767866,0.00207762493373141,0.0009803837452989164
1718,2017,14,9242.0,3585.1986554093714,0.0025308760303420323,0.000981788935402517
1718,2018,14,13488.1,4132.136187102431,0.003625735867315395,0.00111075943848349
1718,2019,14,15783.6,4120.6588162765975,0.004154781647318961,0.0010846978905147799
1718,2020,14,18383.4,4289.299043459966,0.004741166761231754,0.0011062307328261118
1718,2021,14,22834.3,4719.9825004622535,0.005784203460242673,0.0011956284673258488
1718,2022,14,29188.6,5290.493075708453,0.007240493141170342,0.001312354098109407
1718,2023,14,32955.7,5243.682916435916,0.008002452527803409,0.0012732948658238832
1718,2024,14,45408.0,6333.850770326909,0.010789592491386479,0.0015050138458659638
1722,2010,14,756.4,756.4,0.0003645301204819277,0.0003645301204819277
1722,2011,14,925.8,762.7469888194614,0.0004256356029607834,0.0003506721478642184
1722,2012,14,1101.8,791.6845013370864,0.0004965523457569065,0.00035679142878772654
1722,2013,14,1321.4,842.0675888908736,0.0005845350791825179,0.0003724973851591938
1722,2014,14,1615.3,910.1428835800549,0.0006997790581813456,0.00039429141947756137
1722,2015,14,1910.7,978.6883598750964,0.000810202264342959,0.0004149973963766681
1722,2016,14,2200.7,1038.460057564098,0.0009125855276798672,0.00043062826355550404
1722,2017,14,2356.4,914.105400520087,0.0009569914307761037,0.0003712404664419798
1722,2018,14,3234.7,990.9639552212864,0.0012865722695091877,0.00039414682810487884
1722,2019,14,4231.3,1104.674703446056,0.0016464842989999612,0.0004298512406887645
1722,2020,14,5322.7,1241.9167302362107,0.002024533110189799,0.00047237333316960583
1722,2021,14,6675.3,1379.8233002691425,0.0024900402864816472,0.0005147057968774778
1722,2022,14,7229.8,1310.4159445385178,0.0026355351414406535,0.00047769610110036376
1722,2023,14,8848.6,1407.92799589676,0.0031528950650276145,0.0005016668433624657
1722,2024,14,13819.8,1927.69007390248,0.004803378401862987,0.0006700114955693164
1724,2010,14,926.8,926.8,0.0012973124300111982,0.0012973124300111982
1724,2011,14,1211.4,998.0467727974678,0.001665841584158416,0.0013724515577522936
1724,2012,14,1528.1,1097.9969926422234,0.002066396213657877,0.001484782951510782
1724,2013,14,1929.3,1229.4543660111717,0.002570343725019984,0.0016379621183202394
1724,2014,14,2363.1,1331.4917651136184,0.003093872741555381,0.0017432466157549337
1724,2015,14,2820.6,1444.7523880586677,0.0036296486938617936,0.0018591589088388467
1724,2016,14,3522.3,1662.0929071468272,0.004455223880597015,0.002102318374837879
1724,2017,14,3806.5,1476.6347848751107,0.004739758436060266,0.0018386686401134487
1724,2018,14,5163.1,1581.7374090960598,0.006328103934305675,0.0019386412662042649
1724,2019,14,7293.0,1903.999388422491,0.008787805759730087,0.002294251582627414
1724,2020,14,7990.9,1864.4733687122207,0.009442159990547087,0.00220308799327924
1724,2021,14,9813.3,2028.4661352345474,0.011398884887908002,0.0023562157454228684
1724,2022,14,12011.2,2177.0544127141893,0.013670839972683816,0.0024778675309744926
1724,2023,14,15348.1,2442.083456572007,0.017118112870845418,0.00272371565533349
1724,2024,14,20064.5,2798.747991129851,0.021952407002188184,0.003062087517647539
1726,2010,14,6984.4,6984.4,0.0031259902430291367,0.0031259902430291367
1726,2011,14,9628.9,7933.046533423755,0.004192858698018724,0.0034544073735788177
1726,2012,14,12516.4,8993.501445394362,0.005419997401810072,0.003894470811672092
1726,2013,14,15531.3,9897.384851930396,0.006634755863129565,0.004228025482476994
1726,2014,14,15468.5,8715.746421505652,0.006574227548982107,0.0037042570536383406
1726,2015,14,18986.1,9724.956858441705,0.008006620840888963,0.004101107771450978
1726,2016,14,23511.9,11094.72850794807,0.009824460972756143,0.004635938704641514
1726,2017,14,30459.6,11816.026505551536,0.012565323212738748,0.0048743973043816405
1726,2018,14,43274.1,13257.202613732796,0.017556128037648586,0.0053783936929420245
1726,2019,14,52747.5,13770.904667601171,0.021015777521016774,0.005486634793259162
1726,2020,14,66188.0,15443.287155179574,0.02573706108799627,0.00600508891207356
1726,2021,14,90211.9,18647.323952713712,0.03348125742280285,0.006920770469386027
1726,2022,14,108807.7,19721.61677619902,0.038036670628539465,0.0068942238607980905
1726,2023,14,124116.4,19748.542629333522,0.041982275740765795,0.006679929180534948
1726,2024,14,171706.2,23950.87753567447,0.05646744277821626,0.007876505372163401
1727,2010,14,5471.2,5471.2,0.002115781739433079,0.002115781739433079
1727,2011,14,7286.5,6003.192842982292,0.002755445469671759,0.002270153094457076
1727,2012,14,8112.1,5828.84719849027,0.0030371022089105207,0.0021822715082329726
1727,2013,14,10418.3,6639.104556789608,0.003864784657046407,0.0024628499301812545
1727,2014,14,12474.6,7028.829576863588,0.004576323416119447,0.002578535374321724
1727,2015,14,14401.0,7376.401879186299,0.005220969437697133,0.0026742565635305437
1727,2016,14,16864.7,7958.066675512902,0.006035825489424144,0.0028481681670351464
1727,2017,14,21693.4,8415.402349194726,0.007667408899727848,0.0029743761174830263
1727,2018,14,37724.4,11557.028667990819,0.013184817559066126,0.004039224335240745
1727,2019,14,53484.8,13963.393183861133,0.018452578920131104,0.004817454953893784
1727,2020,14,65949.9,15387.732573206282,0.022417451306978482,0.005230542361469214
1727,2021,14,83433.9,17246.27196565332,0.028036526765012264,0.005795313003008609
1727,2022,14,93935.1,17025.9277977012,0.0319344212136665,0.005788178751555737
1727,2023,14,106915.3,17011.622636315446,0.035717010756998735,0.005683043574636015
1727,2024,14,138555.4,19326.75359018131,0.04540120584573039,0.006332903070378567
1730,2010,14,3265.5,3265.5,0.0010620893774799973,0.0010620893774799973
1730,2011,14,4120.1,3394.463025097282,0.0012758887650191999,0.0010511776988409768
1730,2012,14,4596.9,3303.0445490982506,0.0014011521580102413,0.0010067802210126343
1730,2013,14,5290.8,3371.584076966728,0.0015889719794576088,0.0010125789341282182
1730,2014,14,6596.4,3716.7501499705777,0.0019478517643584821,0.001097519607255449
1730,2015,14,7170.2,3672.6808384238316,0.002081395686376963,0.0010661211757739938
1730,2016,14,8040.7,3794.2226495458913,0.0022938692836561776,0.0010824245141773576
1730,2017,14,9728.5,3773.9239471056126,0.0027290451077199283,0.0010586635848029659
1730,2018,14,13613.8,4170.64491099377,0.00376051046903486,0.0011520482047935943
1730,2019,14,18661.2,4871.920113427916,0.005066434990361904,0.0013227052136475213
1730,2020,14,21701.2,5063.423327672433,0.005783901918976546,0.0013495264732602433
1730,2021,14,27761.5,5738.463372495888,0.007267408376963351,0.0015022155425381905
1730,2022,14,30303.5,5492.57096673808,0.007777307257981727,0.001409652747853937
1730,2023,14,35794.9,5695.436771955443,0.009002062218645475,0.0014323458421033229
1730,2024,14,45896.1,6401.934644556044,0.011300283146620706,0.0015762488352963299
1733,2010,14,628.6,628.6,0.00040253586065573774,0.00040253586065573774
1733,2011,14,852.4,702.2742852340775,0.0005323839860096183,0.00043861987710578824
1733,2012,14,1014.2,728.7406255727656,0.0006225523295070899,0.0004473271288274296
1733,2013,14,1297.2,826.6460392835185,0.0007843753779175233,0.0004998464380720271
1733,2014,14,1920.8,1082.2772554823064,0.0011405498485838133,0.0006426442939744115
1733,2015,14,2616.0,1339.9532890737698,0.0015248309629284215,0.0007810406208170727
1733,2016,14,2802.7,1322.53010557318,0.001604384910412731,0.0007570725889136069
1733,2017,14,4070.4,1579.0080726009853,0.002290988912027917,0.0008887308339061099
1733,2018,14,6457.2,1978.1903891102393,0.0035773961218836564,0.001095950354077695
1733,2019,14,8538.6,2229.190892360384,0.004651413629678052,0.0012143546834234265
1733,2020,14,9615.9,2243.6258076311606,0.005151834985266541,0.001202049722813373
1733,2021,14,13658.1,2823.2086374254304,0.00721391221676438,0.0014911575753580682
1733,2022,14,18323.3,3321.1353670312624,0.00952255482798046,0.0017259824171246556
1733,2023,14,21589.1,3435.1081861780094,0.011025534957356621,0.0017543068209887184
1733,2024,14,28438.8,3966.858599523716,0.014250751653638004,0.0019878024651852656
1735,2010,14,697.2,697.2,0.0004272058823529412,0.0004272058823529412
1735,2011,14,897.8,739.6783825471078,0.0005341186269260515,0.0004400490109745421
1735,2012,14,1034.2,743.1113734641631,0.0006109404536862004,0.00043898356182901885
1735,2013,14,1368.8,872.2734339895775,0.0007996261245472602,0.0005095650391339978
1735,2014,14,1717.2,967.5585709674181,0.0009888856896055284,0.0005571889265576839
1735,2015,14,2387.6,1222.9634835598365,0.001354205660484374,0.0006936438565934074
1735,2016,14,4265.7,2012.8863850371122,0.0023816090670537656,0.0011238269136492167
1735,2017,14,6773.3,2627.529328357963,0.003726712517193948,0.0014456832618200623
1735,2018,14,10911.9,3342.9064775648917,0.0059229767138902455,0.0018145288376295347
1735,2019,14,12736.1,3325.041356216603,0.006811477163332977,0.0017782871730755178
1735,2020,14,13981.3,3262.1809195430014,0.007365168835273665,0.0017184749088884799
1735,2021,14,16630.4,3437.6003195056323,0.008645007017726258,0.0017869731868303958
1735,2022,14,17624.7,3194.5126971296595,0.00904526558891455,0.0016394727724555603
1735,2023,14,17791.1,2830.7967099652874,0.009002681914785952,0.001432444443864633
1735,2024,14,24323.5,3392.8254759523998,0.01214535377240725,0.0016941256683239625
1700,2010,15,16726.0,,0.0005973272764933182,
1700,2011,15,17286.4,,0.0005935570709463868,
1700,2012,15,17564.3,,0.000594283954877958,
1700,2013,15,17814.1,,0.0005939320186040308,
1700,2014,15,18048.0,,0.0005918774268023927,
1700,2015,15,18276.1,,0.0005891240228866145,
1700,2016,15,18488.9,,0.0005855494642964597,
1700,2017,15,18666.3,,0.0005811335439983811,
1700,2018,15,18829.6,,0.0005765922460015862,
1700,2019,15,18949.0,,0.0005698004841304446,
1700,2020,15,19158.2,,0.0005650519684296214,
1700,2021,15,19334.9,,0.0005594767194557697,
1700,2022,15,19517.5,,0.0005533535764204892,
1700,2023,15,19739.6,,0.0005479432281560809,
1700,2024,15,20085.2,,0.0005457964445458943,
1700,2025,15,20602.6,,0.0005487704830701698,
1703,2010,15,1561.2,,0.0006124514534541603,
1703,2011,15,1597.4,,0.0005977622272948397,
1703,2012,15,1606.8,,0.000591997642030801,
1703,2013,15,1641.7,,0.0005955957045421565,
1703,2014,15,1667.9,,0.0005945107823917305,
1703,2015,15,1691.2,,0.0005918874461904595,
1703,2016,15,1709.1,,0.0005872186909465728,
1703,2017,15,1722.2,,0.0005813333333333333,
1703,2018,15,1733.3,,0.0005755221303582694,
1703,2019,15,1741.7,,0.0005679024422054844,
1703,2020,15,1754.8,,0.0005610512517185152,
1703,2021,15,1745.3,,0.0005474420501238983,
1703,2022,15,1780.8,,0.0005473490087597972,
1703,2023,15,1799.6,,0.0005416077286544076,
1703,2024,15,1807.4,,0.0005324652368607118,
1703,2025,15,1870.3,,0.0005403929500144467,
1706,2010,15,987.6,,0.0006124651162790698,
1706,2011,15,1008.3,,0.0005988240883715405,
1706,2012,15,1025.7,,0.0006007379641560268,
1706,2013,15,1035.1,,0.0005984274729721917,
1706,2014,15,1045.0,,0.0005949669779093601,
1706,2015,15,1055.8,,0.0005913520779657219,
1706,2016,15,1065.4,,0.0005869325694138388,
1706,2017,15,1073.1,,0.0005820992676973148,
1706,2018,15,1077.8,,0.0005763019997861191,
1706,2019,15,1081.0,,0.0005705087608190838,
1706,2020,15,1067.1,,0.0005546546078278496,
1706,2021,15,1072.3,,0.0005507164501052848,
1706,2022,15,1074.7,,0.0005436564144071227,
1706,2023,15,1089.2,,0.0005419714385231627,
1706,2024,15,1085.3,,0.0005309686888454011,
1706,2025,15,1134.7,,0.0005463168030813674,
1708,2010,15,652.1,,0.000583900429799427,
1708,2011,15,678.7,,0.000581726236393246,
1708,2012,15,695.5,,0.0005861284341816956,
1708,2013,15,708.8,,0.0005882157676348548,
1708,2014,15,723.0,,0.0005893381154222367,
1708,2015,15,734.7,,0.0005877129829613631,
1708,2016,15,746.1,,0.0005846720476451689,
1708,2017,15,756.2,,0.0005812451960030746,
1708,2018,15,765.7,,0.0005778867924528302,
1708,2019,15,764.1,,0.0005649955634427685,
1708,2020,15,773.8,,0.0005598726575501049,
1708,2021,15,782.6,,0.0005548387096774194,
1708,2022,15,791.0,,0.0005480116391852571,
1708,2023,15,799.4,,0.0005417824466282616,
1708,2024,15,802.0,,0.0005320419264959533,
1708,2025,15,826.8,,0.0005377211238293444,
1710,2010,15,1493.4,,0.0005708497381598563,
1710,2011,15,1569.8,,0.0005765176833523081,
1710,2012,15,1612.7,,0.0005805673554611563,
1710,2013,15,1654.2,,0.0005842545827005263,
1710,2014,15,1692.5,,0.0005845680931164301,
1710,2015,15,1725.7,,0.0005832234952178175,
1710,2016,15,1758.1,,0.0005810748281332628,
1710,2017,15,1784.6,,0.0005777648277648277,
1710,2018,15,1806.8,,0.0005738787955787066,
1710,2019,15,1813.8,,0.0005645015716908904,
1710,2020,15,1809.8,,0.0005517010120716986,
1710,2021,15,1811.0,,0.0005429633627151167,
1710,2022,15,1813.4,,0.0005320541032186135,
1710,2023,15,1826.7,,0.0005245670964592367,
1710,2024,15,1888.5,,0.0005303881368308712,
1710,2025,15,1896.6,,0.0005211441760778171,
1712,2010,15,531.6,,0.0006242367308595585,
1712,2011,15,541.9,,0.0006207331042382588,
1712,2012,15,544.1,,0.000617453472537449,
1712,2013,15,546.8,,0.0006154885186852769,
1712,2014,15,543.1,,0.0006027078015758518,
1712,2015,15,540.3,,0.0005916557161629435,
1712,2016,15,543.5,,0.0005857312210367497,
1712,2017,15,547.2,,0.0005803988120492152,
1712,2018,15,552.0,,0.0005762004175365344,
1712,2019,15,555.8,,0.0005674323634507401,
1712,2020,15,555.2,,0.0005568147628121553,
1712,2021,15,564.5,,0.0005569258089976322,
1712,2022,15,570.6,,0.0005518908985395106,
1712,2023,15,584.5,,0.0005537659876835623,
1712,2024,15,597.4,,0.0005555658885892309,
1712,2025,15,610.8,,0.0005579610852288298,
1714,2010,15,1350.6,,0.0005980075271197697,
1714,2011,15,1436.5,,0.000603698255936121,
1714,2012,15,1468.4,,0.0006066264562505164,
1714,2013,15,1480.0,,0.0006019441168096962,
1714,2014,15,1492.5,,0.0005960225230621781,
1714,2015,15,1515.0,,0.0005931407094197791,
1714,2016,15,1534.0,,0.0005892294691557194,
1714,2017,15,1549.5,,0.0005841879052933193,
1714,2018,15,1564.2,,0.000579419173210846,
1714,2019,15,1573.9,,0.0005717243633985979,
1714,2020,15,1580.4,,0.0005622598548455956,
1714,2021,15,1586.1,,0.000553129904097646,
1714,2022,15,1588.3,,0.0005418784756576029,
1714,2023,15,1603.9,,0.0005350792326939116,
1714,2024,15,1632.4,,0.0005324027265907832,
1714,2025,15,1653.6,,0.0005280199252801993,
1718,2010,15,1815.7,,0.0005821417120872074,
1718,2011,15,1902.6,,0.0005816925522807876,
1718,2012,15,1943.7,,0.0005843605315374903,
1718,2013,15,1973.8,,0.0005838090449288651,
1718,2014,15,2003.8,,0.0005815532853494311,
1718,2015,15,2033.6,,0.0005785819961306475,
1718,2016,15,2058.2,,0.0005742905773040541,
1718,2017,15,2079.6,,0.0005694881835857272,
1718,2018,15,2103.4,,0.0005654149082013924,
1718,2019,15,2117.1,,0.0005572929005764827,
1718,2020,15,2125.2,,0.0005480992417599422,
1718,2021,15,2122.0,,0.0005375281809661322,
1718,2022,15,2164.8,,0.0005369979907225958,
1718,2023,15,2167.6,,0.0005263464620465252,
1718,2024,15,2190.9,,0.0005205892835927291,
1718,2025,15,2239.0,,0.000521000581733566,
1722,2010,15,1174.1,,0.0005658313253012047,
1722,2011,15,1245.4,,0.0005725713760286883,
1722,2012,15,1282.7,,0.0005780792284465275,
1722,2013,15,1320.2,,0.0005840042466601788,
1722,2014,15,1353.0,,0.000586145648312611,
1722,2015,15,1379.2,,0.0005848280541067718,
1722,2016,15,1403.1,,0.0005818370308936346,
1722,2017,15,1423.9,,0.0005782804694797547,
1722,2018,15,1442.7,,0.0005738206984329011,
1722,2019,15,1456.9,,0.0005669092182575198,
1722,2020,15,1452.2,,0.0005523563196531133,
1722,2021,15,1464.6,,0.0005463294538943598,
1722,2022,15,1465.4,,0.000534193642461359,
1722,2023,15,1486.0,,0.0005294851238197043,
1722,2024,15,1515.8,,0.0005268499530777518,
1722,2025,15,1531.4,,0.0005199117297572569,
1724,2010,15,420.7,,0.0005888857782754759,
1724,2011,15,432.7,,0.00059502200220022,
1724,2012,15,441.8,,0.0005974306964164976,
1724,2013,15,448.7,,0.0005977884359179323,
1724,2014,15,456.9,,0.0005981932443047918,
1724,2015,15,464.0,,0.0005970917513833483,
1724,2016,15,470.2,,0.0005947381735390842,
1724,2017,15,475.2,,0.0005917071348524467,
1724,2018,15,480.5,,0.0005889202108101484,
1724,2019,15,484.5,,0.0005838052777443066,
1724,2020,15,485.0,,0.0005730828311473473,
1724,2021,15,489.4,,0.0005684748518991752,
1724,2022,15,487.4,,0.0005547461871158662,
1724,2023,15,492.2,,0.0005489627481597145,
1724,2024,15,503.2,,0.0005505470459518599,
1724,2025,15,519.0,,0.0005575848732273313,
1726,2010,15,1519.2,,0.0006799445016336213,
1726,2011,15,1536.2,,0.0006689309819290224,
1726,2012,15,1529.9,,0.0006624951283938856,
1726,2013,15,1537.0,,0.0006565850741167927,
1726,2014,15,1534.8,,0.0006523014152747673,
1726,2015,15,1534.1,,0.000646944713870029,
1726,2016,15,1538.2,,0.0006427377569781047,
1726,2017,15,1544.6,,0.0006371849346149086,
1726,2018,15,1554.7,,0.000630735526796219,
1726,2019,15,1608.2,,0.0006407426590700825,
1726,2020,15,1750.5,,0.0006806781506396547,
1726,2021,15,1877.5,,0.0006968156175771971,
1726,2022,15,1945.6,,0.0006801370341886317,
1726,2023,15,1991.2,,0.000673521850899743,
1726,2024,15,2068.5,,0.0006802486187845304,
1726,2025,15,2152.2,,0.0006914032382420971,
1727,2010,15,1549.7,,0.0005992884488959356,
1727,2011,15,1566.9,,0.0005925351686582968,
1727,2012,15,1579.6,,0.0005913889928865593,
1727,2013,15,1589.5,,0.0005896427644025671,
1727,2014,15,1601.9,,0.0005876591217579515,
1727,2015,15,1609.6,,0.0005835478374361019,
1727,2016,15,1617.7,,0.0005789699724419313,
1727,2017,15,1623.9,,0.000573958222881985,
1727,2018,15,1627.2,,0.0005687124283517406,
1727,2019,15,1607.3,,0.0005545282042435743,
1727,2020,15,1615.4,,0.0005491009211733914,
1727,2021,15,1622.5,,0.0005452132128095702,
1727,2022,15,1619.2,,0.0005504674485806561,
1727,2023,15,1640.7,,0.0005481058328322309,
1727,2024,15,1671.6,,0.0005477423160102235,
1727,2025,15,1703.0,,0.0005478526620556538,
1730,2010,15,1824.2,,0.0005933129512782151,
1730,2011,15,1895.2,,0.0005868945868945869,
1730,2012,15,1931.4,,0.0005886978785662034,
1730,2013,15,1947.5,,0.0005848875274048713,
1730,2014,15,1969.5,,0.000581573896353167,
1730,2015,15,1996.5,,0.0005795523817817643,
1730,2016,15,2016.4,,0.0005752432031495164,
1730,2017,15,2031.1,,0.0005697654847396769,
1730,2018,15,2043.1,,0.0005643610850229268,
1730,2019,15,2052.1,,0.0005571362636765943,
1730,2020,15,2069.3,,0.0005515191897654584,
1730,2021,15,2083.9,,0.0005455235602094241,
1730,2022,15,2097.8,,0.0005383944153577662,
1730,2023,15,2121.7,,0.0005335865000125745,
1730,2024,15,2143.3,,0.000527711436661332,
1730,2025,15,2200.9,,0.000531015513788694,
1733,2010,15,900.4,,0.0005765881147540983,
1733,2011,15,901.0,,0.0005627381175441884,
1733,2012,15,918.5,,0.0005638082376772451,
1733,2013,15,934.2,,0.0005648808803966623,
1733,2014,15,952.2,,0.0005654058547592186,
1733,2015,15,969.8,,0.0005652832828165073,
1733,2016,15,986.7,,0.0005648291258801305,
1733,2017,15,1000.6,,0.00056317892722463,
1733,2018,15,1013.4,,0.0005614404432132964,
1733,2019,15,1029.6,,0.0005608759601242033,
1733,2020,15,1044.8,,0.0005597642646664881,
1733,2021,15,1047.1,,0.0005530555115406961,
1733,2022,15,1050.9,,0.00054614904895541,
1733,2023,15,1064.3,,0.0005435371022930391,
1733,2024,15,1080.3,,0.0005413409500901984,
1733,2025,15,1121.4,,0.0005517614642786854,
1735,2010,15,945.5,,0.0005793504901960785,
1735,2011,15,973.8,,0.0005793325004461895,
1735,2012,15,983.5,,0.0005809900756143667,
1735,2013,15,996.6,,0.0005821941815632668,
1735,2014,15,1011.9,,0.0005827238698531529,
1735,2015,15,1026.6,,0.0005822698655776757,
1735,2016,15,1042.2,,0.0005818770587906873,
1735,2017,15,1054.6,,0.0005802475928473177,
1735,2018,15,1064.8,,0.0005779731856917983,
1735,2019,15,1063.0,,0.0005685100010696331,
1735,2020,15,1074.7,,0.0005661381235842596,
1735,2021,15,1066.1,,0.0005541924416489057,
1735,2022,15,1067.6,,0.0005479086476777007,
1735,2023,15,1072.6,,0.0005427588300779272,
1735,2024,15,1098.6,,0.000548559444749588,
1735,2025,15,1142.9,,0.0005630881411045968,
1700,2010,16,28001.4,,,
1700,2011,16,29123.4,,,
1700,2012,16,29555.4,,,
1700,2013,16,29993.5,,,
1700,2014,16,30492.8,,,
1700,2015,16,31022.5,,,
1700,2016,16,31575.3,,,
1700,2017,16,32120.5,,,
1700,2018,16,32656.7,,,
1700,2019,16,33255.5,,,
1700,2020,16,33905.2,,,
1700,2021,16,34558.9,,,
1700,2022,16,35271.3,,,
1700,2023,16,36024.9,,,
1700,2024,16,36799.8,,,
1700,2025,16,37543.2,,,
1700,2026,16,38236.7,,,
1703,2010,16,2549.1,,,
1703,2011,16,2672.3,,,
1703,2012,16,2714.2,,,
1703,2013,16,2756.4,,,
1703,2014,16,2805.5,,,
1703,2015,16,2857.3,,,
1703,2016,16,2910.5,,,
1703,2017,16,2962.5,,,
1703,2018,16,3011.7,,,
1703,2019,16,3066.9,,,
1703,2020,16,3127.7,,,
1703,2021,16,3188.1,,,
1703,2022,16,3253.5,,,
1703,2023,16,3322.7,,,
1703,2024,16,3394.4,,,
1703,2025,16,3461.0,,,
1703,2026,16,3521.8,,,
1706,2010,16,1612.5,,,
1706,2011,16,1683.8,,,
1706,2012,16,1707.4,,,
1706,2013,16,1729.7,,,
1706,2014,16,1756.4,,,
1706,2015,16,1785.4,,,
1706,2016,16,1815.2,,,
1706,2017,16,1843.5,,,
1706,2018,16,1870.2,,,
1706,2019,16,1894.8,,,
1706,2020,16,1923.9,,,
1706,2021,16,1947.1,,,
1706,2022,16,1976.8,,,
1706,2023,16,2009.7,,,
1706,2024,16,2044.0,,,
1706,2025,16,2077.0,,,
1706,2026,16,2107.0,,,
1708,2010,16,1116.8,,,
1708,2011,16,1166.7,,,
1708,2012,16,1186.6,,,
1708,2013,16,1205.0,,,
1708,2014,16,1226.8,,,
1708,2015,16,1250.1,,,
1708,2016,16,1276.1,,,
1708,2017,16,1301.0,,,
1708,2018,16,1325.0,,,
1708,2019,16,1352.4,,,
1708,2020,16,1382.1,,,
1708,2021,16,1410.5,,,
1708,2022,16,1443.4,,,
1708,2023,16,1475.5,,,
1708,2024,16,1507.4,,,
1708,2025,16,1537.6,,,
1708,2026,16,1566.9,,,
1710,2010,16,2616.1,,,
1710,2011,16,2722.9,,,
1710,2012,16,2777.8,,,
1710,2013,16,2831.3,,,
1710,2014,16,2895.3,,,
1710,2015,16,2958.9,,,
1710,2016,16,3025.6,,,
1710,2017,16,3088.8,,,
1710,2018,16,3148.4,,,
1710,2019,16,3213.1,,,
1710,2020,16,3280.4,,,
1710,2021,16,3335.4,,,
1710,2022,16,3408.3,,,
1710,2023,16,3482.3,,,
1710,2024,16,3560.6,,,
1710,2025,16,3639.3,,,
1710,2026,16,3717.0,,,
1712,2010,16,851.6,,,
1712,2011,16,873.0,,,
1712,2012,16,881.2,,,
1712,2013,16,888.4,,,
1712,2014,16,901.1,,,
1712,2015,16,913.2,,,
1712,2016,16,927.9,,,
1712,2017,16,942.8,,,
1712,2018,16,958.0,,,
1712,2019,16,979.5,,,
1712,2020,16,997.1,,,
1712,2021,16,1013.6,,,
1712,2022,16,1033.9,,,
1712,2023,16,1055.5,,,
1712,2024,16,1075.3,,,
1712,2025,16,1094.7,,,
1712,2026,16,1111.9,,,
1714,2010,16,2258.5,,,
1714,2011,16,2379.5,,,
1714,2012,16,2420.6,,,
1714,2013,16,2458.7,,,
1714,2014,16,2504.1,,,
1714,2015,16,2554.2,,,
1714,2016,16,2603.4,,,
1714,2017,16,2652.4,,,
1714,2018,16,2699.6,,,
1714,2019,16,2752.9,,,
1714,2020,16,2810.8,,,
1714,2021,16,2867.5,,,
1714,2022,16,2931.1,,,
1714,2023,16,2997.5,,,
1714,2024,16,3066.1,,,
1714,2025,16,3131.7,,,
1714,2026,16,3190.8,,,
1718,2010,16,3119.0,,,
1718,2011,16,3270.8,,,
1718,2012,16,3326.2,,,
1718,2013,16,3380.9,,,
1718,2014,16,3445.6,,,
1718,2015,16,3514.8,,,
1718,2016,16,3583.9,,,
1718,2017,16,3651.7,,,
1718,2018,16,3720.1,,,
1718,2019,16,3798.9,,,
1718,2020,16,3877.4,,,
1718,2021,16,3947.7,,,
1718,2022,16,4031.3,,,
1718,2023,16,4118.2,,,
1718,2024,16,4208.5,,,
1718,2025,16,4297.5,,,
1718,2026,16,4379.8,,,
1722,2010,16,2075.0,,,
1722,2011,16,2175.1,,,
1722,2012,16,2218.9,,,
1722,2013,16,2260.6,,,
1722,2014,16,2308.3,,,
1722,2015,16,2358.3,,,
1722,2016,16,2411.5,,,
1722,2017,16,2462.3,,,
1722,2018,16,2514.2,,,
1722,2019,16,2569.9,,,
1722,2020,16,2629.1,,,
1722,2021,16,2680.8,,,
1722,2022,16,2743.2,,,
1722,2023,16,2806.5,,,
1722,2024,16,2877.1,,,
1722,2025,16,2945.5,,,
1722,2026,16,3011.0,,,
1724,2010,16,714.4,,,
1724,2011,16,727.2,,,
1724,2012,16,739.5,,,
1724,2013,16,750.6,,,
1724,2014,16,763.8,,,
1724,2015,16,777.1,,,
1724,2016,16,790.6,,,
1724,2017,16,803.1,,,
1724,2018,16,815.9,,,
1724,2019,16,829.9,,,
1724,2020,16,846.3,,,
1724,2021,16,860.9,,,
1724,2022,16,878.6,,,
1724,2023,16,896.6,,,
1724,2024,16,914.0,,,
1724,2025,16,930.8,,,
1724,2026,16,946.3,,,
1726,2010,16,2234.3,,,
1726,2011,16,2296.5,,,
1726,2012,16,2309.3,,,
1726,2013,16,2340.9,,,
1726,2014,16,2352.9,,,
1726,2015,16,2371.3,,,
1726,2016,16,2393.2,,,
1726,2017,16,2424.1,,,
1726,2018,16,2464.9,,,
1726,2019,16,2509.9,,,
1726,2020,16,2571.7,,,
1726,2021,16,2694.4,,,
1726,2022,16,2860.6,,,
1726,2023,16,2956.4,,,
1726,2024,16,3040.8,,,
1726,2025,16,3112.8,,,
1726,2026,16,3178.1,,,
1727,2010,16,2585.9,,,
1727,2011,16,2644.4,,,
1727,2012,16,2671.0,,,
1727,2013,16,2695.7,,,
1727,2014,16,2725.9,,,
1727,2015,16,2758.3,,,
1727,2016,16,2794.1,,,
1727,2017,16,2829.3,,,
1727,2018,16,2861.2,,,
1727,2019,16,2898.5,,,
1727,2020,16,2941.9,,,
1727,2021,16,2975.9,,,
1727,2022,16,2941.5,,,
1727,2023,16,2993.4,,,
1727,2024,16,3051.8,,,
1727,2025,16,3108.5,,,
1727,2026,16,3160.7,,,
1730,2010,16,3074.6,,,
1730,2011,16,3229.2,,,
1730,2012,16,3280.8,,,
1730,2013,16,3329.7,,,
1730,2014,16,3386.5,,,
1730,2015,16,3444.9,,,
1730,2016,16,3505.3,,,
1730,2017,16,3564.8,,,
1730,2018,16,3620.2,,,
1730,2019,16,3683.3,,,
1730,2020,16,3752.0,,,
1730,2021,16,3820.0,,,
1730,2022,16,3896.4,,,
1730,2023,16,3976.3,,,
1730,2024,16,4061.5,,,
1730,2025,16,4144.7,,,
1730,2026,16,4223.0,,,
1733,2010,16,1561.6,,,
1733,2011,16,1601.1,,,
1733,2012,16,1629.1,,,
1733,2013,16,1653.8,,,
1733,2014,16,1684.1,,,
1733,2015,16,1715.6,,,
1733,2016,16,1746.9,,,
1733,2017,16,1776.7,,,
1733,2018,16,1805.0,,,
1733,2019,16,1835.7,,,
1733,2020,16,1866.5,,,
1733,2021,16,1893.3,,,
1733,2022,16,1924.2,,,
1733,2023,16,1958.1,,,
1733,2024,16,1995.6,,,
1733,2025,16,2032.4,,,
1733,2026,16,2069.2,,,
1735,2010,16,1632.0,,,
1735,2011,16,1680.9,,,
1735,2012,16,1692.8,,,
1735,2013,16,1711.8,,,
1735,2014,16,1736.5,,,
1735,2015,16,1763.1,,,
1735,2016,16,1791.1,,,
1735,2017,16,1817.5,,,
1735,2018,16,1842.3,,,
1735,2019,16,1869.8,,,
1735,2020,16,1898.3,,,
1735,2021,16,1923.7,,,
1735,2022,16,1948.5,,,
1735,2023,16,1976.2,,,
1735,2024,16,2002.7,,,
1735,2025,16,2029.7,,,
1735,2026,16,2053.2,,,
1700,2010,17,88102.4,88102.4,0.0031463569678658924,0.0031463569678658924
1700,2011,17,115627.8,95263.29258351581,0.003970271328210305,0.0032710223594606333
1700,2012,17,142333.0,102271.58298131378,0.004815803541823153,0.0034603349297019762
1700,2013,17,173201.5,110373.36877348468,0.005774634504142564,0.0036799096061974988
1700,2014,17,210998.3,118887.26626167863,0.006919610531010599,0.0038988635435800788
1700,2015,17,250544.6,128332.59206027217,0.008076222096865178,0.0041367585481593095
1700,2016,17,290213.4,136945.07387189195,0.009191152578122775,0.004337094940408862
1700,2017,17,369612.8,143381.87768687436,0.01150706869444747,0.004463874400674783
1700,2018,17,494814.8,151588.59594708314,0.015152014747356592,0.004641883470990123
1700,2019,17,620083.2,161886.47107789127,0.0186460344905354,0.0048679608208534305
1700,2020,17,705076.5,164511.67667657236,0.020795526939820442,0.00485210754328458
1700,2021,17,861170.8,178009.00863652834,0.02491892971130447,0.005150887575603631
1700,2022,17,1041877.9,188842.48698751105,0.02953897077794127,0.0053539984913374625
1700,2023,17,1261806.0,200769.838481851,0.0350259403912294,0.0055730852405378225
1700,2024,17,1535431.7,214173.6094042758,0.04172391426040359,0.0058199666684133015
1700,2025,17,1849650.0,230664.1796144325,0.04926724413475676,0.0061439669398035465
1703,2010,17,5058.8,5058.8,0.0019845435643952767,0.0019845435643952767
1703,2011,17,6892.3,5678.4198218193715,0.002579164016016166,0.0021249185427606823
1703,2012,17,8487.3,6098.442428932886,0.0031269987473288626,0.002246865532728939
1703,2013,17,11159.9,7111.692209219964,0.004048722971992454,0.002580065378471907
1703,2014,17,13331.4,7511.594650008757,0.004751880235252183,0.0026774530921435595
1703,2015,17,15705.4,8044.534551307027,0.005496587687677178,0.0028154322441840294
1703,2016,17,18376.6,8671.49774791312,0.006313897955677718,0.0029793842116176326
1703,2017,17,22904.2,8885.101389658876,0.0077313755274261604,0.0029991903425008863
1703,2018,17,31623.2,9687.900376774905,0.010500116213434274,0.003216754781942061
1703,2019,17,39663.7,10355.08851536722,0.012932831197626267,0.0033764023983068312
1703,2020,17,44097.9,10289.123899202172,0.014099146337564344,0.003289677366500039
1703,2021,17,50817.3,10504.231210097987,0.01593968194222264,0.003294824883189984
1703,2022,17,65233.4,11823.686336614974,0.02005022283694483,0.003634143641191017
1703,2023,17,80337.5,12782.747030078875,0.024178379029102838,0.0038470963463685783
1703,2024,17,93026.3,12976.010877282904,0.027405815460758896,0.0038227701146838627
1703,2025,17,107717.6,13433.131583832399,0.031123259173649238,0.003881286213184744
1706,2010,17,5131.6,5131.6,0.003182387596899225,0.003182387596899225
1706,2011,17,6777.3,5583.673760343634,0.004025002969473809,0.0033161145981373285
1706,2012,17,7949.5,5712.013018133209,0.0046559095701065945,0.003345445131857332
1706,2013,17,9481.3,6041.9974500916,0.00548147077527895,0.0034930898133153725
1706,2014,17,11729.4,6608.9456687079155,0.006678091550899567,0.0037627793604577066
1706,2015,17,14223.4,7285.432573322575,0.007966506105074492,0.004080560419694508
1706,2016,17,16594.9,7830.754218780593,0.009142188188629352,0.0043139897635415345
1706,2017,17,19970.6,7747.085941107811,0.010832980743151612,0.004202379138111099
1706,2018,17,25773.6,7895.850804183185,0.013781199871671479,0.004221928566026727
1706,2019,17,33081.4,8636.633123290798,0.017459045809584125,0.004558071101588979
1706,2020,17,36621.6,8544.719358223912,0.019035084983627007,0.004441353167120907
1706,2021,17,44628.2,9224.90827514439,0.022920343074315647,0.004737768103920903
1706,2022,17,53714.9,9735.934800311492,0.02717265277215702,0.004925098543257534
1706,2023,17,63693.4,10134.45302238215,0.03169298900333383,0.00504276908114751
1706,2024,17,73434.1,10243.142857057419,0.035926663405088065,0.00501132233711224
1706,2025,17,86608.1,10800.630570359113,0.04169865190178142,0.005200111011246564
1708,2010,17,2439.9,2439.9,0.002184724212034384,0.002184724212034384
1708,2011,17,3350.4,2760.323516246191,0.00287168938030342,0.002365923987525663
1708,2012,17,4130.4,2967.846854531405,0.0034808697117815605,0.0025011350535407086
1708,2013,17,5040.6,3212.1430971419236,0.004183070539419087,0.002665678918789978
1708,2014,17,6281.3,3539.2066455961117,0.00512006847081839,0.0028849092318194583
1708,2015,17,7458.5,3820.3522960843698,0.005966322694184466,0.0030560373538791857
1708,2016,17,8719.4,4114.485675432542,0.006832850090118329,0.0032242658690012868
1708,2017,17,10893.2,4225.739665992791,0.008372943889315912,0.0032480704581036054
1708,2018,17,14709.9,4506.43975790942,0.011101811320754718,0.0034010866097429586
1708,2019,17,18553.0,4843.672103853349,0.01371857438627625,0.0035815380832988383
1708,2020,17,20871.6,4869.8572579326465,0.015101367484263077,0.003523520192412015
1708,2021,17,26338.6,5444.341674002491,0.018673236440978375,0.0038598664828092813
1708,2022,17,31274.3,5668.530439885054,0.02166710544547596,0.003927206900294481
1708,2023,17,38570.3,6137.039212998305,0.026140494747543208,0.004159294620805358
1708,2024,17,43545.9,6074.110999374087,0.028888085445137324,0.004029528326505299
1708,2025,17,52956.7,6604.067667173583,0.03444114203954214,0.004295049211221112
1710,2010,17,7627.3,7627.3,0.0029155231069148734,0.0029155231069148734
1710,2011,17,9806.9,8079.696959012288,0.0036016379595284437,0.00296731314371159
1710,2012,17,12040.4,8651.477645579103,0.0043345093239254085,0.0031145070363521863
1710,2013,17,14126.3,9002.042818941385,0.004989333521703811,0.003179473322834523
1710,2014,17,16918.3,9532.63811506992,0.005843366835906469,0.0032924526353296448
1710,2015,17,20220.7,10357.336954271397,0.006833857176653487,0.003500401147139612
1710,2016,17,23743.4,11203.968069599403,0.007847501322051824,0.00370305660682159
1710,2017,17,25848.1,10027.112461035162,0.008368330743330743,0.003246280905541039
1710,2018,17,31690.4,9708.487379523498,0.010065557108372506,0.0030836257716692597
1710,2019,17,39011.2,10184.738919735017,0.012141296567178113,0.003169754728995368
1710,2020,17,42298.6,9869.30298637334,0.012894342153395928,0.003008566938901762
1710,2021,17,51181.1,10579.430784145283,0.015344816213947352,0.003171862680381748
1710,2022,17,59822.3,10842.913463576664,0.017551946718305313,0.003181326016951754
1710,2023,17,71425.0,11364.651708397494,0.02051086925307986,0.0032635475715468206
1710,2024,17,83950.0,11709.980007244187,0.023577486940403302,0.0032887659403595423
1710,2025,17,98783.4,12318.974898237142,0.027143516610337152,0.003384984721852318
1712,2010,17,4580.7,4580.7,0.005378933771723814,0.005378933771723814
1712,2011,17,5613.9,4625.1731697273435,0.006430584192439862,0.005298021958450565
1712,2012,17,6927.8,4977.883362101169,0.007861779391738538,0.005648982480822934
1712,2013,17,8241.3,5251.802346243648,0.009276564610535793,0.005911528980463358
1712,2014,17,9844.8,5547.065350256252,0.010925313505715236,0.006155882088842805
1712,2015,17,11191.5,5732.449248726718,0.012255256241787122,0.006277320684107225
1712,2016,17,12739.3,6011.384655485215,0.013729173402306283,0.006478483301525181
1712,2017,17,18456.2,7159.613008436101,0.019575943996605855,0.007593989190110417
1712,2018,17,27190.4,8329.893445466,0.02838246346555324,0.008695087103826722
1712,2019,17,42400.1,11069.486421095908,0.043287493619193464,0.011301160205304653
1712,2020,17,60326.4,14075.631809968954,0.06050185538060375,0.014116569862570408
1712,2021,17,69162.2,14296.22864258902,0.06823421468034728,0.014104408684480091
1712,2022,17,78668.2,14258.77114279026,0.07608879001837701,0.013791247840981001
1712,2023,17,93651.5,14901.178571494405,0.0887271435338702,0.014117649049260451
1712,2024,17,130439.5,18194.686565276093,0.12130521714870268,0.016920567809240297
1712,2025,17,167964.6,20946.350208561787,0.15343436557961085,0.019134329230439194
1714,2010,17,3968.5,3968.5,0.0017571396944874916,0.0017571396944874916
1714,2011,17,5469.3,4506.040295906547,0.0022985080899348602,0.0018936920764473825
1714,2012,17,6836.0,4911.921629279655,0.0028240932000330498,0.002029216569974244
1714,2013,17,8431.8,5373.199255342869,0.0034293732460243215,0.0021853822163512707
1714,2014,17,10367.1,5841.355963822688,0.004140050317479334,0.002332716730091725
1714,2015,17,12567.1,6437.051597522543,0.0049201706992404665,0.002520183070050326
1714,2016,17,15062.1,7107.460913816604,0.005785549665821618,0.002730068723137668
1714,2017,17,18609.5,7219.081841359089,0.00701609862765797,0.0027217168757951624
1714,2018,17,22956.4,7032.789730621678,0.008503630167432212,0.002605122881397866
1714,2019,17,29384.4,7671.449284130241,0.010673980166370011,0.0027866792415744274
1714,2020,17,34169.1,7972.4908311785575,0.012156361178312224,0.002836377839468677
1714,2021,17,41993.6,8680.321145443988,0.01464467306015693,0.003027139021950824
1714,2022,17,50668.2,9183.714232906375,0.017286411244925113,0.003133197172701844
1714,2023,17,61074.9,9717.815423524062,0.020375279399499582,0.003241973452385008
1714,2024,17,71869.1,10024.84483786341,0.02343990737418871,0.0032695753034354424
1714,2025,17,85419.0,10652.341555691732,0.02727560111121755,0.0034014565749247157
1718,2010,17,7143.4,7143.4,0.0022902853478679063,0.0022902853478679063
1718,2011,17,9005.3,7419.275716586623,0.002753240797358444,0.0022683367116872397
1718,2012,17,10953.9,7870.786766378936,0.003293217485418796,0.0023662999117247717
1718,2013,17,13691.5,8724.964729301799,0.004049661332781212,0.002580663352746842
1718,2014,17,17119.4,9645.948171336837,0.004968481541676341,0.0027994973796542943
1718,2015,17,20481.8,10491.076175898752,0.00582730169568681,0.0029848287742969023
1718,2016,17,25429.8,11999.74170574976,0.0070955662825413655,0.003348235638759385
1718,2017,17,30938.3,12001.725985787898,0.008472300572336172,0.003286613354270038
1718,2018,17,37852.1,11596.150100297295,0.010175022176823202,0.0031171608559708865
1718,2019,17,45037.4,11758.012074062675,0.011855379188712522,0.0030951096564960055
1718,2020,17,49635.9,11581.275411037921,0.012801335946768454,0.0029868663050079745
1718,2021,17,61599.3,12732.933264462868,0.015603845276996733,0.0032254054929358534
1718,2022,17,71714.9,12998.471385236844,0.017789521990424925,0.003224387017894189
1718,2023,17,86313.3,13733.574970982507,0.02095898693604002,0.0033348489560930763
1718,2024,17,103882.7,14490.343538993991,0.024684020434834263,0.0034431135889257435
1718,2025,17,121489.5,15150.583001793635,0.028269808027923213,0.0035254410708071286
1722,2010,17,3802.2,3802.2,0.0018323855421686747,0.0018323855421686747
1722,2011,17,5779.1,4761.27794673423,0.002656935313318928,0.0021889926655023813
1722,2012,17,7134.7,5126.548749037675,0.0032154220559736804,0.002310400986541834
1722,2013,17,8388.8,5345.797328354593,0.0037108732194992477,0.0023647692331038635
1722,2014,17,10412.8,5867.1056881956265,0.004511025429970107,0.002541743139191451
1722,2015,17,12577.0,6442.122521666974,0.005333078912776152,0.002731680668984851
1722,2016,17,13878.7,6549.041487215362,0.005755214596724031,0.0027157542969999428
1722,2017,17,17310.5,6715.16785592555,0.007030215652032652,0.0027271932160685334
1722,2018,17,21616.8,6622.397634163139,0.008597884018773367,0.0026339979453357484
1722,2019,17,26239.2,6850.325072356427,0.0102102027316238,0.0026655998569424595
1722,2020,17,28533.6,6657.590173007673,0.010852991518009964,0.0025322696637661837
1722,2021,17,34694.1,7171.472077939216,0.012941696508504923,0.002675123872701886
1722,2022,17,40789.7,7393.216029896093,0.014869386118401865,0.00269510645592596
1722,2023,17,49208.9,7829.779621328127,0.017533903438446463,0.0027898733730012926
1722,2024,17,56553.9,7888.565078400084,0.019656563901150465,0.0027418459832470486
1722,2025,17,66186.5,8253.915456465082,0.022470378543540996,0.002802212003552905
1724,2010,17,1856.9,1856.9,0.0025992441209406495,0.0025992441209406495
1724,2011,17,2607.5,2148.263959112925,0.0035856710671067107,0.0029541583596162336
1724,2012,17,3204.1,2302.2656659413315,0.004332792427315753,0.0031132733819355394
1724,2013,17,3798.9,2420.864661296761,0.005061151079136691,0.0032252393569101533
1724,2014,17,4579.1,2580.0998441165293,0.005995155799947631,0.0033779783243211956
1724,2015,17,5628.1,2882.794765380766,0.007242439840432377,0.0037096831365085138
1724,2016,17,6802.1,3209.7556039245474,0.008603718694662282,0.004059898310048757
1724,2017,17,8115.8,3148.318031548515,0.01010559083551239,0.003920206738324636
1724,2018,17,9992.6,3061.2750545473236,0.012247334232136291,0.0037520223735106307
1724,2019,17,13905.7,3630.391374686224,0.01675587420171105,0.00437449255896641
1724,2020,17,14676.8,3424.4581634003075,0.017342313600378117,0.004046387998818749
1724,2021,17,17318.2,3579.7725763218227,0.020116389824602163,0.004158174673390432
1724,2022,17,20746.6,3760.3634173784626,0.023613248349647165,0.004279949257202894
1724,2023,17,24873.0,3957.6196281830016,0.02774146776712023,0.004414030368261211
1724,2024,17,28655.5,3997.0855520855957,0.031351750547045955,0.004373178941012687
1724,2025,17,35794.4,4463.809861752679,0.03845552213149979,0.004795670242536183
1726,2010,17,11863.8,11863.8,0.005309850960032224,0.005309850960032224
1726,2011,17,15346.0,12643.24399484063,0.006682342695406053,0.005505440450616429
1726,2012,17,19021.5,13667.659050810847,0.008236911618239293,0.005918529013471982
1726,2013,17,23060.0,14695.079915107874,0.009850912042376864,0.006277534245421793
1726,2014,17,28294.7,15942.685475164106,0.012025457945514047,0.006775759902743043
1726,2015,17,34080.0,17456.272206282138,0.014371863534769958,0.00736147775746727
1726,2016,17,42307.8,19964.08434743961,0.017678338626107307,0.008342004156543377
1726,2017,17,57710.0,22387.125557636315,0.023806773647951817,0.009235231862396895
1726,2018,17,75074.2,22999.29704982654,0.030457300499006044,0.009330722159043587
1726,2019,17,99397.2,25949.843412986153,0.039602055858799154,0.010338994945211424
1726,2020,17,111465.3,26007.59406143467,0.04334304156783451,0.010112996874221203
1726,2021,17,144477.1,29864.25612861069,0.053621251484560574,0.011083824275761094
1726,2022,17,178973.3,32439.274387490037,0.06256495140879535,0.011340024605848436
1726,2023,17,222926.1,35470.458287873866,0.07540457989446625,0.011997854920807018
1726,2024,17,302878.5,42247.780579203194,0.09960487371744278,0.013893640022100497
1726,2025,17,367222.3,45795.166958951704,0.11797169750706758,0.014711888640115557
1727,2010,17,8347.3,8347.3,0.0032280057233458367,0.0032280057233458367
1727,2011,17,11169.1,9201.98465416229,0.004223680229919831,0.0034798005801551543
1727,2012,17,13960.8,10031.356858111089,0.005226806439535754,0.0037556558809850576
1727,2013,17,17104.7,10900.040478054885,0.006345179359721037,0.004043491663781164
1727,2014,17,20824.7,11733.704270221984,0.00763956858285337,0.004304524843252498
1727,2015,17,24435.7,12516.321324854709,0.008858971105391002,0.004537693987185842
1727,2016,17,26724.2,12610.539496684905,0.009564510933753266,0.004513274219492826
1727,2017,17,33619.1,13041.674109075222,0.011882479765312974,0.004609505569955544
1727,2018,17,45784.6,14026.304851833094,0.01600188732000559,0.004902245509518067
1727,2019,17,62375.4,16284.481482600882,0.021519889598067967,0.0056182444307748425
1727,2020,17,74685.6,17425.986087461166,0.02538685883272715,0.005923378118719591
1727,2021,17,94668.7,19568.57041124584,0.031811788030511774,0.006575681444687604
1727,2022,17,105520.0,19125.714468962404,0.035872853986061534,0.006502027696400613
1727,2023,17,124087.1,19743.880616102077,0.041453564508585554,0.006595804308178685
1727,2024,17,151251.8,21097.743347941585,0.04956150468575922,0.006913212971997373
1727,2025,17,180177.4,22469.37104644741,0.05796281164548817,0.00722836449942011
1730,2010,17,6209.9,6209.9,0.0020197424055161646,0.0020197424055161646
1730,2011,17,8326.1,6859.6972387229625,0.0025783785457698504,0.002124271410480293
1730,2012,17,10418.0,7485.722576628941,0.003175445013411363,0.0022816759865364974
1730,2013,17,12743.8,8121.0390035625205,0.0038273117698291136,0.00243897017856339
1730,2014,17,15810.6,8908.503110958223,0.004668714011516315,0.0026305929753309386
1730,2015,17,18988.4,9726.134951929806,0.005512032279601731,0.0028233431890417153
1730,2016,17,21206.6,10006.910099849501,0.006049867343736627,0.0028547941973153515
1730,2017,17,25148.1,9755.565278738413,0.007054561265709156,0.002736637477204447
1730,2018,17,33037.2,10121.085226276527,0.00912579415501906,0.002795725436792588
1730,2019,17,40207.5,10497.059565336254,0.010916162137213912,0.0028499062159846483
1730,2020,17,45653.1,10651.990282590932,0.012167670575692964,0.0028390165998376684
1730,2021,17,58406.3,12072.921609891633,0.015289607329842933,0.003160450683217705
1730,2022,17,68370.1,12392.219586944717,0.017546992095267427,0.0031804279814558866
1730,2023,17,81573.3,12979.37897381339,0.020514875638156075,0.0032641850398142467
1730,2024,17,93605.7,13056.829965027959,0.023047076203373137,0.003214780244990264
1730,2025,17,111305.3,13880.542649278672,0.026854850773276717,0.003348986090495976
1733,2010,17,3197.0,3197.0,0.0020472592213114753,0.0020472592213114753
1733,2011,17,4309.4,3550.4232810743,0.002691524576853413,0.0022174900262783713
1733,2012,17,5324.1,3825.5649424294634,0.0032681235037750906,0.0023482689475351195
1733,2013,17,6558.5,4179.431119828057,0.003965715322288064,0.0025271684120377657
1733,2014,17,8178.3,4608.073760157719,0.004856184312095482,0.0027362233597516294
1733,2015,17,9971.0,5107.291378193639,0.00581196083003031,0.0029769709595439723
1733,2016,17,11568.7,5459.005256482838,0.006622416852710516,0.00312496723137148
1733,2017,17,13548.2,5255.679335989748,0.007625485450554399,0.002958112982489868
1733,2018,17,18184.2,5570.80618126408,0.010074349030470914,0.00308631921399672
1733,2019,17,22262.8,5812.197666882247,0.012127689709647546,0.00316620235707482
1733,2020,17,24668.3,5755.720682451748,0.013216340744709348,0.0030836971242709605
1733,2021,17,30907.3,6388.718512787211,0.016324565573337557,0.003374382566306032
1733,2022,17,38927.4,7055.670369779066,0.020230433426878705,0.0036668071768938084
1733,2023,17,45358.6,7217.146531053812,0.02316459833512078,0.0036857905781389165
1733,2024,17,53640.0,7482.112300042622,0.02687913409500902,0.00374930462018572
1733,2025,17,62987.5,7854.97797608416,0.0309916847077347,0.0038648779650089352
1735,2010,17,2604.2,2604.2,0.0015957107843137255,0.0015957107843137255
1735,2011,17,3385.3,2789.076886207089,0.0020139806056279374,0.0016592759154066803
1735,2012,17,4236.2,3043.8681108768974,0.0025024810964083175,0.0017981262469735926
1735,2013,17,5519.4,3517.2603678857936,0.0032243252716438833,0.0020547145506985593
1735,2014,17,6887.2,3880.6017877747504,0.00396613878491218,0.0022347260511228046
1735,2015,17,8339.9,4271.818209306702,0.004730247858884918,0.002422901825935399
1735,2016,17,10524.5,4966.271130019244,0.005875997990061973,0.002772749221159759
1735,2017,17,13755.6,5336.134886858813,0.007568418156808803,0.002935975178464271
1735,2018,17,19372.3,5934.785615276015,0.010515279813276882,0.0032214002145557266
1735,2019,17,23896.7,6238.7634972323785,0.012780350839661996,0.0033365940192707126
1735,2020,17,26136.6,6098.311160030013,0.013768424379708159,0.0032125118053152888
1735,2021,17,30697.7,6345.392974798444,0.015957633726672558,0.003298535621353872
1735,2022,17,36667.6,6646.077026744938,0.018818373107518604,0.0034108683740030473
1735,2023,17,40805.2,6492.641034532747,0.02064831494787977,0.003285416979320285
1735,2024,17,46299.8,6458.245769379445,0.023118689768812106,0.0032247694459377066
1735,2025,17,54076.9,6743.76437412035,0.026642804355323447,0.0033225424319457803
1700,2010,18,90050.0,,0.0032159106330397766,
1700,2011,18,90617.0,,0.0031114842360438683,
1700,2012,18,90660.0,,0.0030674597535475753,
1700,2013,18,90152.0,,0.0030057179055462016,
1700,2014,18,89360.0,,0.0029305278623150384,
1700,2015,18,87946.0,,0.0028349101458618746,
1700,2016,18,87412.0,,0.0027683664129873665,
1700,2017,18,73692.0,,0.0022942357684344887,
1700,2018,18,49011.0,,0.0015007946301983973,
1700,2019,18,46089.0,,0.0013859060907218355,
1700,2020,18,62081.0,,0.0018310170711277327,
1700,2021,18,111082.0,,0.0032142805471238956,
1700,2022,18,105215.0,,0.0029830201892189967,
1700,2023,18,104096.0,,0.002889556945335032,
1700,2024,18,132298.0,,0.003595073886271121,
1700,2025,18,155002.0,,0.004128630484348697,
1703,2010,18,5716.0,,0.0022423600486446197,
1703,2011,18,5710.0,,0.0021367361448939117,
1703,2012,18,5683.0,,0.0020938029621988064,
1703,2013,18,5676.0,,0.002059207662168045,
1703,2014,18,5643.0,,0.0020114061664587416,
1703,2015,18,5640.0,,0.0019738914359710216,
1703,2016,18,5678.0,,0.0019508675485311801,
1703,2017,18,4507.0,,0.001521350210970464,
1703,2018,18,3494.0,,0.0011601421124281966,
1703,2019,18,3361.0,,0.0010958948775636637,
1703,2020,18,4618.0,,0.001476484317549637,
1703,2021,18,6930.0,,0.002173708478404065,
1703,2022,18,7231.0,,0.002222529583525434,
1703,2023,18,7487.0,,0.0022532879886839018,
1703,2024,18,8743.0,,0.0025757129389582844,
1703,2025,18,10784.0,,0.003115862467494944,
1706,2010,18,4349.0,,0.0026970542635658913,
1706,2011,18,4199.0,,0.002493764105000594,
1706,2012,18,4251.0,,0.0024897504978329626,
1706,2013,18,4237.0,,0.002449557726773429,
1706,2014,18,4400.0,,0.002505124117513095,
1706,2015,18,4364.0,,0.0024442701915537136,
1706,2016,18,4356.0,,0.002399735566328779,
1706,2017,18,4204.0,,0.0022804448060754,
1706,2018,18,2972.0,,0.0015891348518874988,
1706,2019,18,2720.0,,0.0014355077052987122,
1706,2020,18,3570.0,,0.001855605800717293,
1706,2021,18,5267.0,,0.0027050485337168097,
1706,2022,18,5175.0,,0.002617867260218535,
1706,2023,18,5339.0,,0.002656615415236105,
1706,2024,18,7489.0,,0.003663894324853229,
1706,2025,18,8009.0,,0.0038560423688011555,
1708,2010,18,2462.0,,0.002204512893982808,
1708,2011,18,2436.0,,0.002087940344561584,
1708,2012,18,2434.0,,0.0020512388336423396,
1708,2013,18,2424.0,,0.0020116182572614107,
1708,2014,18,2616.0,,0.002132376915552657,
1708,2015,18,2612.0,,0.00208943284537237,
1708,2016,18,2585.0,,0.0020257033147872425,
1708,2017,18,2348.0,,0.0018047655649500384,
1708,2018,18,1878.0,,0.0014173584905660377,
1708,2019,18,1836.0,,0.001357586512866016,
1708,2020,18,1775.0,,0.0012842775486578395,
1708,2021,18,2731.0,,0.001936192839418646,
1708,2022,18,2865.0,,0.0019848967715117086,
1708,2023,18,3192.0,,0.0021633344628939344,
1708,2024,18,4288.0,,0.0028446331431604085,
1708,2025,18,5231.0,,0.003402055150884495,
1710,2010,18,5535.0,,0.0021157448109781736,
1710,2011,18,5522.0,,0.0020279848690734144,
1710,2012,18,5577.0,,0.002007703938368493,
1710,2013,18,5762.0,,0.0020351075477695758,
1710,2014,18,5746.0,,0.001984595724104583,
1710,2015,18,5836.0,,0.0019723545912332286,
1710,2016,18,5864.0,,0.001938127974616605,
1710,2017,18,4493.0,,0.0014546102046102047,
1710,2018,18,2918.0,,0.0009268199720492948,
1710,2019,18,2804.0,,0.0008726774765802496,
1710,2020,18,3508.0,,0.0010693817827094256,
1710,2021,18,5813.0,,0.0017428194519397973,
1710,2022,18,5810.0,,0.0017046621482850687,
1710,2023,18,5928.0,,0.0017023231772104643,
1710,2024,18,7841.0,,0.0022021569398415998,
1710,2025,18,9875.0,,0.0027134339021240347,
1712,2010,18,3357.0,,0.003941991545326444,
1712,2011,18,3355.0,,0.003843069873997709,
1712,2012,18,3419.0,,0.003879936450295052,
1712,2013,18,3408.0,,0.003836109860423233,
1712,2014,18,3400.0,,0.0037731661302852068,
1712,2015,18,3394.0,,0.0037166009636443276,
1712,2016,18,3386.0,,0.0036491001185472573,
1712,2017,18,3083.0,,0.0032700466694951208,
1712,2018,18,2067.0,,0.0021576200417536533,
1712,2019,18,1857.0,,0.001895865237366003,
1712,2020,18,1943.0,,0.0019486510881556514,
1712,2021,18,2998.0,,0.002957774269928966,
1712,2022,18,2965.0,,0.0028677821839636327,
1712,2023,18,3132.0,,0.002967314069161535,
1712,2024,18,4120.0,,0.0038314888868222824,
1712,2025,18,4887.0,,0.004464236777199233,
1714,2010,18,5686.0,,0.0025176001771087006,
1714,2011,18,5628.0,,0.002365202773691952,
1714,2012,18,5571.0,,0.0023014954969842187,
1714,2013,18,5564.0,,0.0022629845040061823,
1714,2014,18,5546.0,,0.0022147677808394234,
1714,2015,18,5540.0,,0.002168976587581239,
1714,2016,18,5528.0,,0.002123377122224783,
1714,2017,18,4605.0,,0.0017361634745890514,
1714,2018,18,3498.0,,0.0012957475181508372,
1714,2019,18,3320.0,,0.0012060009444585709,
1714,2020,18,4235.0,,0.0015066884872634125,
1714,2021,18,7054.0,,0.0024599825632083696,
1714,2022,18,7212.0,,0.002460509706253625,
1714,2023,18,7742.0,,0.0025828190158465386,
1714,2024,18,8204.0,,0.002675711816313884,
1714,2025,18,12410.0,,0.003962703962703963,
1718,2010,18,7739.0,,0.002481243988457839,
1718,2011,18,7579.0,,0.0023171701112877584,
1718,2012,18,7548.0,,0.0022692562082857314,
1718,2013,18,7511.0,,0.002221597799402526,
1718,2014,18,7487.0,,0.0021729161829579756,
1718,2015,18,7484.0,,0.002129281893706612,
1718,2016,18,7735.0,,0.0021582633444013504,
1718,2017,18,7691.0,,0.0021061423446613907,
1718,2018,18,5215.0,,0.001401844036450633,
1718,2019,18,5016.0,,0.001320382215904604,
1718,2020,18,5307.0,,0.0013687006757105277,
1718,2021,18,7505.0,,0.0019011069736808775,
1718,2022,18,7727.0,,0.0019167514201374246,
1718,2023,18,7843.0,,0.0019044728279345345,
1718,2024,18,9402.0,,0.0022340501366282526,
1718,2025,18,15998.0,,0.003722629435718441,
1722,2010,18,3941.0,,0.0018992771084337349,
1722,2011,18,3922.0,,0.001803135488023539,
1722,2012,18,3935.0,,0.001773401234846095,
1722,2013,18,4095.0,,0.0018114659824825267,
1722,2014,18,4089.0,,0.00177143352250574,
1722,2015,18,4081.0,,0.001730483823092906,
1722,2016,18,4072.0,,0.0016885755753680283,
1722,2017,18,3106.0,,0.001261422247492182,
1722,2018,18,2322.0,,0.0009235542120754116,
1722,2019,18,2280.0,,0.0008871940542433558,
1722,2020,18,3176.0,,0.0012080179529116429,
1722,2021,18,5041.0,,0.0018804088331841242,
1722,2022,18,4995.0,,0.0018208661417322834,
1722,2023,18,5102.0,,0.0018179226794940318,
1722,2024,18,8001.0,,0.002780925237218032,
1722,2025,18,10015.0,,0.003400101850280088,
1724,2010,18,2925.0,,0.0040943449048152294,
1724,2011,18,4098.0,,0.005635313531353135,
1724,2012,18,3960.0,,0.005354969574036511,
1724,2013,18,3915.0,,0.005215827338129497,
1724,2014,18,3815.0,,0.004994763026970411,
1724,2015,18,3868.0,,0.004977480375756016,
1724,2016,18,3385.0,,0.004281558310144195,
1724,2017,18,2591.0,,0.0032262482878844478,
1724,2018,18,1295.0,,0.0015872043142541978,
1724,2019,18,1261.0,,0.0015194601759248101,
1724,2020,18,1681.0,,0.0019862932766158575,
1724,2021,18,3138.0,,0.0036450226507143686,
1724,2022,18,3405.0,,0.0038754837241065333,
1724,2023,18,3387.0,,0.0037776042828463084,
1724,2024,18,3295.0,,0.0036050328227571118,
1724,2025,18,4071.0,,0.004373657069187796,
1726,2010,18,21061.0,,0.009426218502439243,
1726,2011,18,20720.0,,0.009022425430002177,
1726,2012,18,19961.0,,0.008643744857749101,
1726,2013,18,19301.0,,0.008245119398521936,
1726,2014,18,18617.0,,0.00791236346636066,
1726,2015,18,17233.0,,0.007267321722262051,
1726,2016,18,16877.0,,0.007052064181848571,
1726,2017,18,14030.0,,0.0057877150282579105,
1726,2018,18,7148.0,,0.002899914803845998,
1726,2019,18,6718.0,,0.0026766006613809317,
1726,2020,18,8657.0,,0.003366255784111677,
1726,2021,18,25543.0,,0.009480032660332541,
1726,2022,18,22791.0,,0.007967209676291687,
1726,2023,18,21728.0,,0.007349479096198079,
1726,2024,18,32106.0,,0.010558405682715075,
1726,2025,18,30600.0,,0.009830377794911334,
1727,2010,18,9725.0,,0.0037607796125140184,
1727,2011,18,9717.0,,0.0036745575555891695,
1727,2012,18,9707.0,,0.003634219393485586,
1727,2013,18,9693.0,,0.0035957265274325777,
1727,2014,18,9681.0,,0.003551487582082982,
1727,2015,18,9666.0,,0.0035043323786390166,
1727,2016,18,9651.0,,0.003454063920403708,
1727,2017,18,8320.0,,0.002940656699536988,
1727,2018,18,6240.0,,0.0021809031175730464,
1727,2019,18,5816.0,,0.0020065551147145076,
1727,2020,18,7261.0,,0.002468132839321527,
1727,2021,18,11957.0,,0.004017944151349172,
1727,2022,18,12259.0,,0.004167601563827979,
1727,2023,18,12430.0,,0.0041524687646154875,
1727,2024,18,14702.0,,0.004817484763090635,
1727,2025,18,16883.0,,0.005431236930995657,
1730,2010,18,8985.0,,0.0029223313601769337,
1730,2011,18,8954.0,,0.0027728229902142945,
1730,2012,18,9539.0,,0.0029075225554742747,
1730,2013,18,9516.0,,0.002857915127488963,
1730,2014,18,9506.0,,0.0028070279049165806,
1730,2015,18,9498.0,,0.0027571192197161022,
1730,2016,18,9483.0,,0.0027053319259407183,
1730,2017,18,8126.0,,0.002279510771992819,
1730,2018,18,5362.0,,0.001481133639025468,
1730,2019,18,5079.0,,0.0013789265061222274,
1730,2020,18,10952.0,,0.0029189765458422176,
1730,2021,18,19903.0,,0.005210209424083769,
1730,2022,18,15182.0,,0.003896417205625706,
1730,2023,18,13025.0,,0.00327565827528104,
1730,2024,18,14289.0,,0.0035181583158931428,
1730,2025,18,15257.0,,0.003681086689024537,
1733,2010,18,3489.0,,0.002234246926229508,
1733,2011,18,3453.0,,0.002156642308412966,
1733,2012,18,3522.0,,0.002161929899944755,
1733,2013,18,3769.0,,0.00227899383238602,
1733,2014,18,3763.0,,0.002234427884329909,
1733,2015,18,3760.0,,0.0021916530659827466,
1733,2016,18,3754.0,,0.0021489495678058274,
1733,2017,18,2909.0,,0.0016373051162267124,
1733,2018,18,1771.0,,0.0009811634349030471,
1733,2019,18,1734.0,,0.0009445987906520673,
1733,2020,18,2698.0,,0.0014454862041253683,
1733,2021,18,2929.0,,0.0015470342787725136,
1733,2022,18,2905.0,,0.001509718324498493,
1733,2023,18,3023.0,,0.0015438435217813187,
1733,2024,18,4339.0,,0.00217428342353177,
1733,2025,18,5126.0,,0.002522141310765597,
1735,2010,18,3182.0,,0.0019497549019607842,
1735,2011,18,3189.0,,0.0018971979296805283,
1735,2012,18,3425.0,,0.002023275047258979,
1735,2013,18,3164.0,,0.0018483467694824162,
1735,2014,18,3107.0,,0.0017892312122084653,
1735,2015,18,3042.0,,0.001725370086778969,
1735,2016,18,3456.0,,0.0019295405058344034,
1735,2017,18,2861.0,,0.00157414030261348,
1735,2018,18,1968.0,,0.0010682299299788309,
1735,2019,18,1870.0,,0.001000106963311584,
1735,2020,18,2092.0,,0.0011020386661749987,
1735,2021,18,3306.0,,0.001718563185527889,
1735,2022,18,3367.0,,0.0017279958942776495,
1735,2023,18,3554.0,,0.0017984009715615828,
1735,2024,18,4673.0,,0.002333349977530334,
1735,2025,18,5117.0,,0.002521062225944721,
1700,2010,19,21872.8,21872.8,0.0007811323719528309,0.0007811323719528309
1700,2011,19,28539.0,23512.67694309636,0.0009799336615917097,0.0008073465647244608
1700,2012,19,36946.4,26547.36999473637,0.0012500727447437693,0.0008982240130309985
1700,2013,19,46863.0,29863.639638408513,0.0015624385283478086,0.000995670383196643
1700,2014,19,58136.6,32757.142800433492,0.0019065681078812046,0.0010742582773780528
1700,2015,19,71184.1,36461.5324635918,0.0022945958578451126,0.001175325407803749
1700,2016,19,88071.6,41558.97614657255,0.0027892561590863747,0.0013161862641549742
1700,2017,19,105229.9,40821.26119766962,0.003276097819149764,0.0012708787595980642
1700,2018,19,133195.2,40804.90994790562,0.004078648485609385,0.0012495111247586442
1700,2019,19,166094.4,43362.62663107097,0.0049944941438258336,0.0013039234602117233
1700,2020,19,199518.8,46552.6397724186,0.005884607670799759,0.0013730236002860506
1700,2021,19,252056.6,52101.56392471037,0.007293536541961695,0.0015076163860745096
1700,2022,19,270687.2,49062.60517061145,0.007674432187075611,0.0013910064321590485
1700,2023,19,330448.1,52578.61482956536,0.009172769390060762,0.0014595075858521568
1700,2024,19,410068.1,57199.3955045695,0.011143215452257892,0.0015543398470798618
1703,2010,19,1704.2,1704.2,0.0006685496842022675,0.0006685496842022675
1703,2011,19,2230.8,1837.9088168702256,0.000834786513490252,0.0006877629071849065
1703,2012,19,2835.0,2037.053513605591,0.001044506668631641,0.0007505171002894374
1703,2013,19,3671.1,2339.4235852711413,0.0013318458859381801,0.0008487242727003124
1703,2014,19,4563.8,2571.479039238937,0.001626733202637676,0.000916584936460145
1703,2015,19,5564.3,2850.1154764499915,0.0019473978931158788,0.0009974855550519692
1703,2016,19,6777.8,3198.2889890298284,0.002328740766191376,0.001098879570187194
1703,2017,19,8124.9,3151.848144918373,0.0027425822784810125,0.001063914985626455
1703,2018,19,10367.9,3176.2497886477186,0.0034425407577115914,0.001054636845850423
1703,2019,19,12704.3,3316.739260981194,0.004142391339789364,0.0010814631259516757
1703,2020,19,14810.1,3455.560329620551,0.004735140838315695,0.0011048247369058895
1703,2021,19,15376.3,3178.3705619115867,0.004823029390546093,0.0009969482017225266
1703,2022,19,19046.9,3452.289337745262,0.005854280006147227,0.0010611001499140193
1703,2023,19,22770.8,3623.1321123077028,0.006853101393445089,0.0010904180673270841
1703,2024,19,28630.5,3993.5983632805796,0.00843462762196559,0.0011765255607119314
1706,2010,19,1290.2,1290.2,0.000800124031007752,0.000800124031007752
1706,2011,19,1726.5,1422.426740329229,0.001025359306330918,0.0008447717901943396
1706,2012,19,2259.7,1623.6789505095428,0.0013234742883917066,0.0009509657669611941
1706,2013,19,2958.2,1885.1251259701696,0.0017102387697288546,0.0010898566953634558
1706,2014,19,3693.8,2081.2764089444727,0.002103051696652243,0.0011849672107404194
1706,2015,19,4481.8,2295.6432152029133,0.002510249803965498,0.0012857864989374444
1706,2016,19,5611.9,2648.1274126614085,0.0030916152490083736,0.0014588626116468755
1706,2017,19,6578.5,2551.961626770239,0.003568483862218606,0.0013843024826526928
1706,2018,19,8375.0,2565.716488384788,0.004478130681210566,0.0013718941762297016
1706,2019,19,10309.2,2691.4452893356843,0.005440785307156429,0.001420437665893859
1706,2020,19,12072.8,2816.8809628188183,0.006275170227142783,0.0014641514438478186
1706,2021,19,12747.1,2634.899643590668,0.006546710492527349,0.0013532431018389748
1706,2022,19,15522.0,2813.3940484006293,0.007852084176446783,0.001423206216309505
1706,2023,19,18167.1,2890.6232278841876,0.009039707419017762,0.0014383356858656453
1706,2024,19,22420.5,3127.3806641145716,0.010968933463796477,0.001530029679116718
1708,2010,19,629.6,629.6,0.0005637535816618911,0.0005637535816618911
1708,2011,19,882.5,727.0730369768576,0.0007564069598011485,0.0006231876549043093
1708,2012,19,1161.9,834.8685987507359,0.0009791842238327996,0.0007035804809967436
1708,2013,19,1542.6,983.028199351492,0.0012801659751037343,0.0008157910368062174
1708,2014,19,1904.7,1073.205689565363,0.0015525758069775024,0.0008748008555309447
1708,2015,19,2320.5,1188.5938865809185,0.0018562514998800095,0.0009507990453411075
1708,2016,19,2912.3,1374.247841888455,0.0022821879163074997,0.0010769123437727882
1708,2017,19,3442.7,1335.5078349900284,0.00264619523443505,0.0010265240853113207
1708,2018,19,4373.4,1339.809491379347,0.0033006792452830187,0.0010111769746259222
1708,2019,19,5883.0,1535.8876185505983,0.004350044365572316,0.0011356755534979283
1708,2020,19,7223.3,1685.3734227958032,0.005226322263222632,0.0012194294354936715
1708,2021,19,6472.8,1337.9653735385834,0.0045890109890109896,0.000948575238240754
1708,2022,19,7995.4,1449.1825006173426,0.0055392822502424825,0.0010040061664246518
1708,2023,19,9516.8,1514.247355666465,0.006449881396136902,0.0010262604918105489
1708,2024,19,11372.9,1586.3779824227206,0.007544712750431206,0.0010523935136146482
1710,2010,19,1325.2,1325.2,0.0005065555598027598,0.0005065555598027598
1710,2011,19,1867.1,1538.2640989682614,0.0006857027433985823,0.0005649359502619491
1710,2012,19,2567.6,1844.9166142976069,0.000924328605371157,0.0006641646678297959
1710,2013,19,3443.7,2194.511999291283,0.0012162964009465615,0.0007750898877869822
1710,2014,19,4250.0,2394.6680215534166,0.0014678962456394847,0.0008270880466802806
1710,2015,19,5042.8,2582.9955833873114,0.0017042819966879585,0.0008729580531235632
1710,2016,19,6202.9,2927.0068119527164,0.0020501388154415654,0.0009674136739663922
1710,2017,19,7187.3,2788.130090459184,0.002326890701890702,0.0009026580194441803
1710,2018,19,8818.5,2701.584579441344,0.002800946512514293,0.0008580817492826019
1710,2019,19,10639.7,2777.729643904947,0.0033113504092620837,0.0008645014608648803
1710,2020,19,13523.9,3155.4582576589873,0.004122637483233752,0.0009619126501825958
1710,2021,19,14399.4,2976.4396551309287,0.004317143371109912,0.0008923786217937665
1710,2022,19,18165.9,3292.6062971164156,0.005329900536924567,0.0009660553053183157
1710,2023,19,21781.7,3465.7533653034893,0.006254975160095339,0.0009952483603662778
1710,2024,19,26804.1,3738.838297941321,0.007527972813570746,0.0010500585007979894
1712,2010,19,850.6,850.6,0.0009988257397839362,0.0009988257397839362
1712,2011,19,1096.5,903.383099201274,0.0012560137457044674,0.0010348030918685843
1712,2012,19,1469.5,1055.890701320429,0.0016676123467998184,0.0011982418308220937
1712,2013,19,1932.0,1231.1749521243892,0.002174696082845565,0.0013858340298563588
1712,2014,19,2453.2,1382.2587271705506,0.0027224503384751966,0.0015339681801914888
1712,2015,19,3001.9,1537.6168877945527,0.0032872317126587825,0.0016837679454605264
1712,2016,19,3684.7,1738.7257573074166,0.003971009807091281,0.0018738288148587312
1712,2017,19,4348.5,1686.8898888820224,0.004612324989393297,0.001789234078152336
1712,2018,19,5436.3,1665.4333786037282,0.005674634655532359,0.0017384482031354157
1712,2019,19,6776.0,1769.025072802797,0.006917815211842777,0.0018060490789206707
1712,2020,19,7922.8,1848.5839649642946,0.007945842944539164,0.001853960450270078
1712,2021,19,8091.6,1672.5807404098382,0.007983030781373324,0.0016501388520223344
1712,2022,19,10101.6,1830.9355314601082,0.009770383982977077,0.0017709019551795221
1712,2023,19,12356.0,1966.0012111859915,0.011706300331596399,0.001862625496149684
1712,2024,19,15253.7,2127.7012750029858,0.014185529619641032,0.001978704803313481
1714,2010,19,1297.0,1297.0,0.0005742749612574718,0.0005742749612574718
1714,2011,19,1696.3,1397.545600706905,0.000712880857322967,0.0005873274220243349
1714,2012,19,2166.2,1556.4957041172595,0.0008949020903908121,0.0006430206164245474
1714,2013,19,2853.5,1818.4046200242983,0.0011605726603489649,0.0007395797047318901
1714,2014,19,3440.0,1938.2724692102947,0.0013737470548300787,0.0007740395628011241
1714,2015,19,4166.7,2134.2444073332094,0.0016313131313131313,0.0008355823378487235
1714,2016,19,5253.4,2478.9594521775944,0.0020178996696627485,0.0009522007575392158
1714,2017,19,6334.2,2457.1916601486737,0.0023881013421806663,0.0009264031292974943
1714,2018,19,7829.0,2398.4470910524783,0.0029000592680397098,0.0008884453589615048
1714,2019,19,9962.2,2600.8532438423886,0.0036188019906280653,0.0009447685146000177
1714,2020,19,12233.8,2854.4462198440183,0.004352426355485982,0.0010155280417831287
1714,2021,19,13541.9,2799.1894221854745,0.00472254577157803,0.0009761776537699999
1714,2022,19,17273.1,3130.7844825041175,0.005893043567261437,0.0010681261241527473
1714,2023,19,20665.8,3288.1990798096035,0.006894345287739783,0.0010969805103618361
1714,2024,19,25185.7,3513.0916434597966,0.008214246110694368,0.0011457850831544296
1718,2010,19,1683.0,1683.0,0.0005395960243667842,0.0005395960243667842
1718,2011,19,2208.5,1819.5363197318866,0.0006752170722758958,0.0005562970281679976
1718,2012,19,3030.1,2177.2401592861734,0.0009109794961217004,0.0006545728336498628
1718,2013,19,3846.7,2451.3254080418674,0.0011377739655121417,0.0007250511426075504
1718,2014,19,4890.1,2755.3331981643205,0.001419230322730439,0.0007996671691909451
1718,2015,19,6078.2,3113.3425388563405,0.001729316035051781,0.0008857808520702005
1718,2016,19,7605.2,3588.72014803766,0.0021220458160104913,0.0010013449449029436
1718,2017,19,8973.5,3481.040914771261,0.002457348632143933,0.0009532658528277956
1718,2018,19,11123.1,3407.608486203324,0.0029900002688099782,0.0009159991629803833
1718,2019,19,13877.3,3622.976924853343,0.0036529784937745133,0.0009536910486860257
1718,2020,19,16816.8,3923.772759884327,0.004337133130448238,0.0010119597565080537
1718,2021,19,19882.0,4109.724934602354,0.005036350279909821,0.0010410428691649198
1718,2022,19,25342.5,4593.379633526153,0.006286433656636817,0.00113942887741576
1718,2023,19,30196.5,4804.658107282114,0.0073324510708562,0.0011666888706915919
1718,2024,19,35994.7,5020.812595196573,0.00855285731258168,0.0011930171308534093
1722,2010,19,1321.3,1321.3,0.0006367710843373493,0.0006367710843373493
1722,2011,19,1760.9,1450.7681708924063,0.0008095719737023586,0.0006669891825168526
1722,2012,19,2280.0,1638.2652596193113,0.0010275361665690206,0.0007383231599528196
1722,2013,19,3070.4,1956.6250377860893,0.001358223480491905,0.0008655335034000218
1722,2014,19,3894.8,2194.5301200814697,0.0016873023437161548,0.0009507126976915781
1722,2015,19,4766.4,2441.4194789912904,0.0020211169062460247,0.001035245506929267
1722,2016,19,6015.1,2838.3882820256313,0.0024943396226415095,0.001177021887632441
1722,2017,19,7149.0,2773.2725803420904,0.0029033830158794625,0.0011262935387004389
1722,2018,19,8846.2,2710.070590990987,0.0035184949486914328,0.0010779057318395463
1722,2019,19,11055.7,2886.3356696260157,0.0043019961866220474,0.0011231315108082088
1722,2020,19,12545.8,2927.2434881164545,0.0047718991289794985,0.001113401349555534
1722,2021,19,13737.4,2839.600408238928,0.005124365860937034,0.0010592362012231155
1722,2022,19,17428.5,3158.9510483539734,0.006353346456692914,0.0011515569584259163
1722,2023,19,20845.7,3316.8235228245244,0.007427650097986817,0.001181836281070559
1722,2024,19,25310.4,3530.485741219217,0.00879719161655834,0.001227098724833762
1724,2010,19,411.1,411.1,0.000575447928331467,0.000575447928331467
1724,2011,19,524.1,431.7948766907321,0.0007207095709570958,0.000593777333183075
1724,2012,19,672.9,483.5038128060678,0.0009099391480730223,0.0006538253046735197
1724,2013,19,806.4,513.8817191475711,0.0010743405275779375,0.0006846279231915415
1724,2014,19,1022.6,576.1852985507114,0.0013388321550144018,0.0007543667171389256
1724,2015,19,1246.5,638.4754490942103,0.0016040406640072064,0.0008216129830063187
1724,2016,19,1547.4,730.182711443943,0.0019572476600050594,0.0009235804597064799
1724,2017,19,1836.8,712.539806346671,0.002287137342796663,0.0008872367156601556
1724,2018,19,2295.5,703.2360834731082,0.0028134575315602404,0.0008619145526082955
1724,2019,19,2872.6,749.9559362652471,0.003461380889263767,0.0009036702449273975
1724,2020,19,3584.0,836.2352868218347,0.00423490488006617,0.0009881073931488063
1724,2021,19,3800.3,785.5440936007104,0.004414333836682542,0.0009124684558028928
1724,2022,19,4453.7,807.2421771267802,0.005069087184156613,0.0009187823550270661
1724,2023,19,5239.2,833.6252464912307,0.00584340843185367,0.0009297627107865611
1724,2024,19,6420.5,895.5798289042442,0.007024617067833698,0.000979846639938998
1726,2010,19,5425.5,5425.5,0.002428277312804905,0.002428277312804905
1726,2011,19,6743.2,5555.579493419089,0.002936294360984106,0.002419150661188369
1726,2012,19,8451.1,6072.431375249457,0.0036595938163079722,0.00262955500595395
1726,2013,19,10185.3,6490.624347760114,0.004351018838908112,0.0027727046639156364
1726,2014,19,12663.4,7135.209182150478,0.00538203918568575,0.0030325169714609536
1726,2015,19,15579.7,7980.149181109561,0.0065701092227891875,0.0033653056049886398
1726,2016,19,19265.9,9091.138102887335,0.008050267424369047,0.0037987372985489446
1726,2017,19,23608.2,9158.200270140178,0.009738954663586485,0.003777979567732428
1726,2018,19,30585.5,9369.996615581247,0.012408414134447645,0.00380136987933841
1726,2019,19,38228.9,9980.50215550042,0.015231244272680187,0.003976454103948532
1726,2020,19,46111.6,10758.969601510522,0.01793039623595287,0.004183602131473547
1726,2021,19,52954.5,10946.002869399474,0.01965354067695962,0.004062501064949329
1726,2022,19,66784.0,12104.735738203044,0.02334615115709991,0.004231537348179768
1726,2023,19,85449.9,13596.196738080434,0.028903362197266944,0.004598902969178878
1726,2024,19,108188.0,15090.87929748343,0.035578795053933174,0.00496279903232157
1727,2010,19,2306.3,2306.3,0.0008918751691867436,0.0008918751691867436
1727,2011,19,3137.7,2585.0844964558482,0.0011865451520193615,0.0009775693905823054
1727,2012,19,4060.0,2917.2618219536857,0.0015200299513290902,0.001092198360896176
1727,2013,19,4907.5,3127.32457430147,0.001820491894498646,0.0011601159529255741
1727,2014,19,6103.0,3438.743278950706,0.0022388935764334713,0.0012615074943874338
1727,2015,19,7663.3,3925.253837981277,0.0027782692237972666,0.0014230699481496852
1727,2016,19,9223.0,4352.1230112753565,0.0033008840055831932,0.0015576117573728057
1727,2017,19,11149.5,4325.164727168014,0.003940727388399958,0.0015287048835994819
1727,2018,19,14101.0,4319.900680921062,0.004928351740528449,0.0015098212920876073
1727,2019,19,17420.0,4547.877327069765,0.006010005175090564,0.001569045136128951
1727,2020,19,20808.1,4855.041147242583,0.007073014038546517,0.0016503080142909626
1727,2021,19,20389.1,4214.545451368114,0.0068514062972546115,0.0014162254952680246
1727,2022,19,25250.0,4576.613820520287,0.008584055753867075,0.0015558775524461286
1727,2023,19,30872.1,4912.154903840647,0.01031338945680497,0.0016409951572929269
1727,2024,19,38550.4,5377.300932355763,0.012632020446949341,0.001762009611493467
1730,2010,19,1911.6,1911.6,0.000621739413257009,0.000621739413257009
1730,2011,19,2501.8,2061.1799704347904,0.0007747429703951444,0.0006382943052256876
1730,2012,19,3270.6,2350.048402680228,0.0009968910021945867,0.0007163034633870482
1730,2013,19,4117.7,2624.021273479605,0.0012366579571733189,0.0007880653733007794
1730,2014,19,4936.0,2781.195612797097,0.0014575520448840986,0.000821259593325586
1730,2015,19,6150.8,3150.529315915498,0.0017854799849052222,0.0009145488449346855
1730,2016,19,7655.7,3612.549944423804,0.0021840356032293952,0.0010305965094068422
1730,2017,19,9020.4,3499.2345759851432,0.002530408438061041,0.0009816075448791357
1730,2018,19,11277.6,3454.9402112726316,0.003115187006242749,0.0009543506467246648
1730,2019,19,13744.3,3588.254325283867,0.0037315179322889797,0.000974195510896171
1730,2020,19,16414.8,3829.9762796102264,0.004374946695095949,0.0010207825905144527
1730,2021,19,18850.0,3896.404537634763,0.00493455497382199,0.0010200011878625035
1730,2022,19,22448.5,4068.836251483155,0.005761343804537522,0.001044255274479816
1730,2023,19,27781.8,4420.447754040707,0.006986847068883133,0.0011116987536254072
1730,2024,19,35545.6,4958.168735503263,0.008751840453034593,0.0012207728020443833
1733,2010,19,1005.9,1005.9,0.0006441470286885246,0.0006441470286885246
1733,2011,19,1265.8,1042.865779269469,0.0007905814752357754,0.0006513433135153763
1733,2012,19,1566.6,1125.6606823331635,0.000961635258731815,0.0006909708933356845
1733,2013,19,1959.6,1248.763165726166,0.001184907485790301,0.0007550871724066792
1733,2014,19,2343.3,1320.3354293896755,0.0013914256873107298,0.0007840006112402324
1733,2015,19,2723.5,1395.0163542784449,0.0015874912567031942,0.0008131361356251136
1733,2016,19,3365.9,1588.2913199232053,0.001926784589844868,0.0009092056327913477
1733,2017,19,3948.5,1531.720070426737,0.0022223785670062476,0.0008621151969531925
1733,2018,19,5269.2,1614.2415905190596,0.0029192243767313017,0.0008943166706476785
1733,2019,19,6915.5,1805.444641524165,0.0037672277605273192,0.000983518353502296
1733,2020,19,8589.2,2004.0714636077296,0.00460176801500134,0.0010737055792165709
1733,2021,19,8869.9,1833.4598731228957,0.004684888818465113,0.0009683937427364367
1733,2022,19,11317.2,2051.265502162067,0.005881509198628001,0.0010660354963943806
1733,2023,19,13412.3,2134.072357137413,0.006849650171084214,0.001089868932708959
1733,2024,19,16127.3,2249.5576006054694,0.008081429144117058,0.0011272587695958455
1735,2010,19,711.3,711.3,0.0004358455882352941,0.0004358455882352941
1735,2011,19,897.3,739.2664431493873,0.0005338211672318401,0.00043980394023998293
1735,2012,19,1155.2,830.0543982071177,0.0006824196597353498,0.0004903440443094977
1735,2013,19,1568.3,999.4056301328568,0.0009161701133309966,0.000583833175682239
1735,2014,19,1977.8,1114.3939795360816,0.0011389576734811401,0.0006417471808442739
1735,2015,19,2397.7,1228.1368506162758,0.0013599342067948498,0.0006965781014215165
1735,2016,19,2950.4,1392.2263615381992,0.001647255876277148,0.0007773024183675949
1735,2017,19,3527.8,1368.5202138663906,0.0019410178817056397,0.0007529684808068173
1735,2018,19,4496.8,1377.6136005932794,0.002440861966020735,0.0007477683333839654
1735,2019,19,5705.8,1489.6256287482584,0.003051556316183549,0.0007966764513575025
1735,2020,19,6861.8,1601.0265879224512,0.003614707896539009,0.0008434001938168104
1735,2021,19,7582.5,1567.3468120220473,0.003941622914175807,0.0008147563611904389
1735,2022,19,9557.9,1732.3888013921128,0.004905260456761611,0.000889088427709578
1735,2023,19,11392.6,1812.7116703267666,0.005764902337820059,0.0009172713643997402
1735,2024,19,14263.8,1989.6225470795666,0.007122284915364258,0.0009934700889197416
1700,2010,20,658.2,,2.350596755876492e-05,
1700,2011,20,622.4,,2.137113111793266e-05,
1700,2012,20,626.3,,2.1190713033827995e-05,
1700,2013,20,639.7,,2.132795439011786e-05,
1700,2014,20,687.0,,2.2529908699758632e-05,
1700,2015,20,709.4,,2.2867273752921264e-05,
1700,2016,20,724.0,,2.2929315002549463e-05,
1700,2017,20,837.0,,2.605812487352314e-05,
1700,2018,20,1368.6,,4.190870479870899e-05,
1700,2019,20,1335.3,,4.015275668686383e-05,
1700,2020,20,1561.0,,4.604013543645223e-05,
1700,2021,20,1441.8,,4.1720077895997846e-05,
1700,2022,20,1332.7,,3.7784260857978016e-05,
1700,2023,20,1024.1,,2.8427559826675435e-05,
1700,2024,20,836.0,,2.2717514769102005e-05,
1700,2025,20,744.9,,1.9841143003260243e-05,
1703,2010,20,68.2,,2.675454081832804e-05,
1703,2011,20,64.6,,2.4173932567451258e-05,
1703,2012,20,66.3,,2.4427087171173825e-05,
1703,2013,20,68.5,,2.485125526048469e-05,
1703,2014,20,73.7,,2.626982712528961e-05,
1703,2015,20,75.6,,2.6458544780037094e-05,
1703,2016,20,77.5,,2.6627727194640097e-05,
1703,2017,20,84.9,,2.865822784810127e-05,
1703,2018,20,134.8,,4.475877411428761e-05,
1703,2019,20,129.4,,4.219244187942222e-05,
1703,2020,20,150.6,,4.8150398056079544e-05,
1703,2021,20,138.8,,4.353690285750134e-05,
1703,2022,20,130.5,,4.0110650069156295e-05,
1703,2023,20,100.7,,3.0306678303789087e-05,
1703,2024,20,76.9,,2.2654961112420458e-05,
1703,2025,20,70.6,,2.0398728691129728e-05,
1706,2010,20,41.9,,2.5984496124031008e-05,
1706,2011,20,40.3,,2.393395890248248e-05,
1706,2012,20,40.1,,2.3486002108469017e-05,
1706,2013,20,40.9,,2.3645718910793778e-05,
1706,2014,20,45.3,,2.5791391482577998e-05,
1706,2015,20,48.2,,2.6996751428251372e-05,
1706,2016,20,47.1,,2.594755398854121e-05,
1706,2017,20,48.1,,2.6091673447247087e-05,
1706,2018,20,77.6,,4.1492888461127146e-05,
1706,2019,20,78.3,,4.132362254591513e-05,
1706,2020,20,93.9,,4.8807110556681745e-05,
1706,2021,20,84.9,,4.360330748292332e-05,
1706,2022,20,75.8,,3.834479967624444e-05,
1706,2023,20,55.6,,2.7665820769269044e-05,
1706,2024,20,45.1,,2.206457925636008e-05,
1706,2025,20,41.5,,1.9980741454020223e-05,
1708,2010,20,23.0,,2.0594555873925503e-05,
1708,2011,20,21.5,,1.8428044913002486e-05,
1708,2012,20,21.2,,1.7866172256868364e-05,
1708,2013,20,22.2,,1.842323651452282e-05,
1708,2014,20,24.6,,2.0052168242582328e-05,
1708,2015,20,24.0,,1.919846412287017e-05,
1708,2016,20,26.0,,2.03745787947653e-05,
1708,2017,20,24.4,,1.875480399692544e-05,
1708,2018,20,52.8,,3.984905660377358e-05,
1708,2019,20,54.1,,4.000295770482106e-05,
1708,2020,20,65.8,,4.760871138123146e-05,
1708,2021,20,61.9,,4.3885147110953564e-05,
1708,2022,20,56.3,,3.900512678398226e-05,
1708,2023,20,43.5,,2.9481531684174855e-05,
1708,2024,20,34.6,,2.2953429746583522e-05,
1708,2025,20,30.7,,1.996618106139438e-05,
1710,2010,20,59.3,,2.2667329230534e-05,
1710,2011,20,56.2,,2.063975908039223e-05,
1710,2012,20,58.3,,2.0987832097343222e-05,
1710,2013,20,58.3,,2.0591247836682796e-05,
1710,2014,20,64.0,,2.2104790522571063e-05,
1710,2015,20,66.1,,2.2339382878772514e-05,
1710,2016,20,66.1,,2.1846906398730828e-05,
1710,2017,20,78.6,,2.5446775446775446e-05,
1710,2018,20,131.3,,4.1703722525727355e-05,
1710,2019,20,125.3,,3.899660763748405e-05,
1710,2020,20,146.9,,4.4781124253139865e-05,
1710,2021,20,137.0,,4.107453378905079e-05,
1710,2022,20,124.2,,3.6440454185371004e-05,
1710,2023,20,96.5,,2.7711569939407863e-05,
1710,2024,20,80.9,,2.272088973768466e-05,
1710,2025,20,69.4,,1.9069601296952713e-05,
1712,2010,20,21.1,,2.4776890558947866e-05,
1712,2011,20,20.5,,2.348224513172967e-05,
1712,2012,20,21.5,,2.439854743531548e-05,
1712,2013,20,22.8,,2.5664115263394868e-05,
1712,2014,20,23.1,,2.5635334591055377e-05,
1712,2015,20,22.4,,2.4529128339903634e-05,
1712,2016,20,22.4,,2.4140532384955273e-05,
1712,2017,20,23.3,,2.471361900721256e-05,
1712,2018,20,38.6,,4.029227557411274e-05,
1712,2019,20,38.2,,3.899948953547729e-05,
1712,2020,20,41.5,,4.1620700030087253e-05,
1712,2021,20,39.8,,3.926598263614838e-05,
1712,2022,20,35.7,,3.4529451591062966e-05,
1712,2023,20,28.6,,2.7096162955945053e-05,
1712,2024,20,22.5,,2.0924393192597413e-05,
1712,2025,20,20.6,,1.881794098839865e-05,
1714,2010,20,50.7,,2.2448527783927388e-05,
1714,2011,20,48.5,,2.0382433284303424e-05,
1714,2012,20,49.0,,2.0242914979757085e-05,
1714,2013,20,49.6,,2.017326229308171e-05,
1714,2014,20,52.2,,2.0845812866898288e-05,
1714,2015,20,53.3,,2.0867590635032495e-05,
1714,2016,20,56.5,,2.1702389183375586e-05,
1714,2017,20,64.1,,2.416679233901372e-05,
1714,2018,20,111.1,,4.11542450733442e-05,
1714,2019,20,110.1,,3.999418794725562e-05,
1714,2020,20,128.5,,4.571652198662303e-05,
1714,2021,20,119.3,,4.160418482999128e-05,
1714,2022,20,107.9,,3.681211831735526e-05,
1714,2023,20,84.9,,2.8323603002502087e-05,
1714,2024,20,68.6,,2.2373699487948857e-05,
1714,2025,20,62.4,,1.99252801992528e-05,
1718,2010,20,78.4,,2.5136261622314847e-05,
1718,2011,20,74.2,,2.268558150911092e-05,
1718,2012,20,74.6,,2.2427995911250075e-05,
1718,2013,20,76.2,,2.2538377355142122e-05,
1718,2014,20,82.6,,2.3972602739726026e-05,
1718,2015,20,86.7,,2.4667121884602254e-05,
1718,2016,20,90.6,,2.527972320656268e-05,
1718,2017,20,106.7,,2.9219267738313663e-05,
1718,2018,20,157.3,,4.228380957501143e-05,
1718,2019,20,148.4,,3.9063939561452e-05,
1718,2020,20,174.6,,4.5030174859441895e-05,
1718,2021,20,158.4,,4.012462953111939e-05,
1718,2022,20,152.5,,3.782898816758862e-05,
1718,2023,20,106.8,,2.5933660337040453e-05,
1718,2024,20,86.4,,2.052988000475229e-05,
1718,2025,20,80.3,,1.868528214077952e-05,
1722,2010,20,48.3,,2.327710843373494e-05,
1722,2011,20,46.3,,2.1286377637809755e-05,
1722,2012,20,46.6,,2.1001397088647528e-05,
1722,2013,20,47.6,,2.1056356719455013e-05,
1722,2014,20,52.0,,2.252740111770567e-05,
1722,2015,20,53.7,,2.2770639867701312e-05,
1722,2016,20,56.8,,2.3553804685880158e-05,
1722,2017,20,71.0,,2.8834829224708605e-05,
1722,2018,20,105.3,,4.188210961737332e-05,
1722,2019,20,104.6,,4.070197283941009e-05,
1722,2020,20,122.8,,4.6707998934996765e-05,
1722,2021,20,113.9,,4.248731721874068e-05,
1722,2022,20,103.6,,3.776611256926217e-05,
1722,2023,20,80.6,,2.8719045073935504e-05,
1722,2024,20,64.6,,2.2453164644954988e-05,
1722,2025,20,54.7,,1.857070106942794e-05,
1724,2010,20,15.1,,2.1136618141097423e-05,
1724,2011,20,14.6,,2.0077007700770076e-05,
1724,2012,20,13.9,,1.8796484110885735e-05,
1724,2013,20,15.2,,2.025046629363176e-05,
1724,2014,20,17.0,,2.2257135375752814e-05,
1724,2015,20,18.2,,2.3420409213743402e-05,
1724,2016,20,16.1,,2.0364280293448015e-05,
1724,2017,20,18.8,,2.340928900510522e-05,
1724,2018,20,36.5,,4.473587449442334e-05,
1724,2019,20,35.8,,4.31377274370406e-05,
1724,2020,20,41.2,,4.8682500295403527e-05,
1724,2021,20,38.0,,4.413985364153793e-05,
1724,2022,20,34.5,,3.926701570680628e-05,
1724,2023,20,26.8,,2.9890698193174215e-05,
1724,2024,20,21.9,,2.3960612691466082e-05,
1724,2025,20,19.5,,2.0949720670391062e-05,
1726,2010,20,39.8,,1.7813185337689654e-05,
1726,2011,20,40.6,,1.7679076856085347e-05,
1726,2012,20,39.2,,1.697484086086693e-05,
1726,2013,20,41.3,,1.7642786962279466e-05,
1726,2014,20,43.6,,1.853032428067491e-05,
1726,2015,20,46.5,,1.960949690043436e-05,
1726,2016,20,43.9,,1.8343640314223634e-05,
1726,2017,20,55.4,,2.2853842663256467e-05,
1726,2018,20,97.1,,3.939307882672725e-05,
1726,2019,20,93.9,,3.74118490776525e-05,
1726,2020,20,108.8,,4.2306645409651204e-05,
1726,2021,20,98.9,,3.6705760095011876e-05,
1726,2022,20,95.3,,3.331468922603649e-05,
1726,2023,20,79.6,,2.692463807333243e-05,
1726,2024,20,66.7,,2.1935017100762957e-05,
1726,2025,20,63.3,,2.033538936006168e-05,
1727,2010,20,49.7,,1.9219614060868556e-05,
1727,2011,20,47.3,,1.788685524126456e-05,
1727,2012,20,45.4,,1.6997379258704604e-05,
1727,2013,20,46.8,,1.7360982305152648e-05,
1727,2014,20,51.1,,1.8746102204776404e-05,
1727,2015,20,54.2,,1.9649784287423415e-05,
1727,2016,20,54.8,,1.961275544898178e-05,
1727,2017,20,71.3,,2.520057964867635e-05,
1727,2018,20,122.1,,4.2674402348664895e-05,
1727,2019,20,120.6,,4.1607728135242364e-05,
1727,2020,20,138.6,,4.711241034705462e-05,
1727,2021,20,126.5,,4.2508148795322425e-05,
1727,2022,20,116.9,,3.9741628420873706e-05,
1727,2023,20,90.5,,3.02331796619229e-05,
1727,2024,20,76.3,,2.500163837735107e-05,
1727,2025,20,64.4,,2.071738780762426e-05,
1730,2010,20,80.8,,2.6279841280166526e-05,
1730,2011,20,71.5,,2.2141706924315618e-05,
1730,2012,20,73.2,,2.2311631309436724e-05,
1730,2013,20,72.9,,2.189386431210019e-05,
1730,2014,20,82.9,,2.4479551159013734e-05,
1730,2015,20,85.6,,2.484832651165491e-05,
1730,2016,20,88.3,,2.5190425926454226e-05,
1730,2017,20,104.8,,2.939856373429084e-05,
1730,2018,20,155.6,,4.298105077067565e-05,
1730,2019,20,152.2,,4.132164091982733e-05,
1730,2020,20,177.1,,4.720149253731343e-05,
1730,2021,20,165.5,,4.332460732984293e-05,
1730,2022,20,153.9,,3.949799815214044e-05,
1730,2023,20,118.8,,2.987702135150768e-05,
1730,2024,20,100.5,,2.474455250523206e-05,
1730,2025,20,83.3,,2.0097956426279345e-05,
1733,2010,20,35.3,,2.2605020491803276e-05,
1733,2011,20,34.6,,2.1610143026669167e-05,
1733,2012,20,35.7,,2.191394021238721e-05,
1733,2013,20,37.1,,2.2433184181884147e-05,
1733,2014,20,39.2,,2.327652752211864e-05,
1733,2015,20,39.5,,2.3024014921893214e-05,
1733,2016,20,41.4,,2.3699124162802677e-05,
1733,2017,20,44.0,,2.476501378960995e-05,
1733,2018,20,74.2,,4.110803324099723e-05,
1733,2019,20,73.5,,4.003922209511358e-05,
1733,2020,20,88.1,,4.720064291454594e-05,
1733,2021,20,80.0,,4.225426503987746e-05,
1733,2022,20,73.7,,3.8301631847001354e-05,
1733,2023,20,54.9,,2.8037383177570094e-05,
1733,2024,20,44.6,,2.2349168169973944e-05,
1733,2025,20,41.8,,2.056681755559929e-05,
1735,2010,20,46.6,,2.8553921568627453e-05,
1735,2011,20,41.7,,2.4808138497233627e-05,
1735,2012,20,41.3,,2.439744801512287e-05,
1735,2013,20,40.3,,2.3542469914709662e-05,
1735,2014,20,35.7,,2.055859487474806e-05,
1735,2015,20,35.4,,2.0078271226816404e-05,
1735,2016,20,36.5,,2.037853832840154e-05,
1735,2017,20,41.6,,2.2888583218707017e-05,
1735,2018,20,74.3,,4.033002225479021e-05,
1735,2019,20,70.9,,3.79184939565729e-05,
1735,2020,20,82.6,,4.3512616551651475e-05,
1735,2021,20,78.9,,4.101471123356033e-05,
1735,2022,20,71.9,,3.6900179625352836e-05,
1735,2023,20,56.3,,2.8489019330027323e-05,
1735,2024,20,46.4,,2.3168722224996255e-05,
1735,2025,20,42.4,,2.088978666798049e-05,
1700,2010,21,11774100.0,11774100.0,0.4204825473012064,0.4204825473012064
1700,2011,21,15476700.0,12750924.953404795,0.5314180349821793,0.4378240505368465
1700,2012,21,18018800.0,12947181.605275635,0.6096618553631485,0.43806484112127175
1700,2013,21,22001677.2,14020659.354744442,0.7335481754380115,0.4674565940868669
1700,2014,21,25512624.2,14375121.25121172,0.8366769926015322,0.4714267384829114
1700,2015,21,29156201.9,14934231.128747666,0.9398404996373599,0.48139998803280415
1700,2016,21,35396463.1,16702782.34579519,1.1210174756851083,0.5289825384333701
1700,2017,21,38799693.2,15051353.37491194,1.2079417568219675,0.46859025777655827
1700,2018,21,57481979.6,17609846.30981708,1.760189474135476,0.5392414515188945
1700,2019,21,86538273.7,22592735.527209397,2.6022244049856416,0.6793683910092886
1700,2020,21,128741736.2,30038611.24362388,3.797108885952597,0.8859588276613581
1700,2021,21,183112282.4,37850372.84031927,5.298556447109139,1.0952424076090173
1700,2022,21,258444045.4,46843508.515200496,7.327318397677432,1.3280913523232911
1700,2023,21,385591909.6,61352716.19432821,10.70348313527588,1.7030641637958248
1700,2024,21,456623261.0,63693260.95476645,12.40830822450122,1.7308045411868123
1703,2010,21,428100.0,428100.0,0.16794162645639638,0.16794162645639638
1703,2011,21,727000.0,598959.8842857513,0.27205029375444373,0.2241364683178353
1703,2012,21,738100.0,530352.4509320236,0.27194016653157466,0.19539917873849516
1703,2013,21,831688.1,529996.6649585528,0.30172982876215354,0.19227857530059236
1703,2014,21,993355.5,559707.4470315776,0.35407431830333275,0.19950363465748622
1703,2015,21,1132756.6,580214.4235053596,0.39644300563469015,0.2030638797134916
1703,2016,21,1149951.4,542635.7963556664,0.3951044150489606,0.18644074776006403
1703,2017,21,1243050.5,482209.8010393797,0.41959510548523204,0.16277124085717457
1703,2018,21,2288336.2,701041.4232009302,0.7598154530663745,0.23277266102232302
1703,2019,21,2436753.9,636168.6460079692,0.7945332094297173,0.20743051485472927
1703,2020,21,3719177.6,867775.5432693479,1.1891094414425936,0.2774484583781526
1703,2021,21,4283896.8,885506.3623490208,1.3437146889997176,0.27775363456259866
1703,2022,21,6313984.8,1144422.5781479215,1.9406745965882894,0.3517512150446969
1703,2023,21,11517875.8,1832644.6886605553,3.4664206217834894,0.5515528602222757
1703,2024,21,13235128.0,1846135.6077822244,3.8991067640820174,0.5438768582907803
1706,2010,21,444800.0,444800.0,0.2758449612403101,0.2758449612403101
1706,2011,21,661400.0,544913.4353048087,0.3928019954863998,0.32362123488823413
1706,2012,21,773400.0,555716.8209603401,0.4529694271992503,0.3254754720395573
1706,2013,21,890285.5,567338.099295827,0.514705151182286,0.32799797612061454
1706,2014,21,1185739.1,668106.236394242,0.6750962764746072,0.3803838740573002
1706,2015,21,1298777.1,665252.5408710599,0.7274432060042568,0.37260700172009625
1706,2016,21,1490571.9,703366.8292258949,0.8211612494490965,0.3874872351398716
1706,2017,21,1537772.9,596539.8542961447,0.8341594250067805,0.3235909163526687
1706,2018,21,1809226.2,554264.0588128662,0.9673971767725377,0.2963661954939933
1706,2019,21,3112333.8,812543.7613830586,1.6425658644711842,0.4288282464550658
1706,2020,21,4587610.3,1070402.2363413235,2.3845367742606163,0.5563710360940399
1706,2021,21,6991633.9,1445211.3556202142,3.590793436392584,0.7422378694572515
1706,2022,21,13450872.9,2437998.051968388,6.8043671084581145,1.2333053682559632
1706,2023,21,16024847.9,2549762.8990345816,7.973751256406429,1.268728118144291
1706,2024,21,17819675.8,2485622.958351079,8.718040998043053,1.2160581988018977
1708,2010,21,225400.0,225400.0,0.2018266475644699,0.2018266475644699
1708,2011,21,352300.0,290252.4996339342,0.3019628010628268,0.24878074880769194
1708,2012,21,354600.0,254793.3601144771,0.2988370133153548,0.2147255689486576
1708,2013,21,375079.0,239020.63657756924,0.3112688796680498,0.1983573747531695
1708,2014,21,473449.3,266765.6231851411,0.3859221552005217,0.21744833973356792
1708,2015,21,516437.3,264526.70440954785,0.41311679065674745,0.21160443517282446
1708,2016,21,597286.0,281845.6190949379,0.4680557950003918,0.2208648374695854
1708,2017,21,752103.9,291759.56405628053,0.5780967717140661,0.22425792779114567
1708,2018,21,1641746.5,502955.94803558406,1.239053962264151,0.379589394743837
1708,2019,21,2198747.1,574031.6925402065,1.625811224489796,0.42445407611668623
1708,2020,21,2213252.1,516406.1117892098,1.601369003690037,0.37363874668201275
1708,2021,21,2289120.0,473174.40611090127,1.6229138603332152,0.335465725707835
1708,2022,21,3522258.0,638416.421474778,2.440250796729943,0.44230041670692666
1708,2023,21,3552448.0,565240.9412977706,2.407623178583531,0.38308433839225386
1708,2024,21,5664338.5,790104.7122008757,3.7576877404802973,0.5241506648539709
1710,2010,21,475300.0,475300.0,0.18168265739077252,0.18168265739077252
1710,2011,21,729100.0,600690.0297561778,0.2677659847956223,0.22060671701354356
1710,2012,21,873100.0,627354.9991989564,0.3143134854921161,0.22584599294368077
1710,2013,21,1180084.2,752013.5136841346,0.41679942076078125,0.2656071464288965
1710,2014,21,1420362.6,800305.1522895215,0.4905752771733499,0.27641527727334697
1710,2015,21,1530712.1,784053.0248547466,0.5173247152658083,0.2649812514294997
1710,2016,21,1812925.1,855477.9405213788,0.599195234003173,0.2827465430068016
1710,2017,21,1807868.3,701316.4897551641,0.5852979474229474,0.227051440609675
1710,2018,21,2331638.6,714307.2956387372,0.7405788972176344,0.22687946119893823
1710,2019,21,2707171.5,706767.157596983,0.842541937692571,0.21996425806759298
1710,2020,21,3061049.4,714218.0588685281,0.9331329715888306,0.21772285662374347
1710,2021,21,3767950.7,778857.3053084394,1.1296848054206392,0.23351241389591637
1710,2022,21,6158340.7,1116211.7686769338,1.8068657981985154,0.3274980983707226
1710,2023,21,7592725.7,1208101.9684690034,2.1803766763346064,0.3469264475975658
1710,2024,21,8949146.7,1248294.567467484,2.513381649160254,0.3505854539873853
1712,2010,21,389700.0,389700.0,0.45760920620009393,0.45760920620009393
1712,2011,21,463400.0,381785.43380745134,0.5308132875143184,0.4373258119214792
1712,2012,21,448600.0,322335.8752040452,0.5090785292782569,0.3657919600590617
1712,2013,21,472122.5,300862.00638423755,0.5314300990544799,0.33865601799216294
1712,2014,21,624723.4,352001.2113637938,0.6932897569637111,0.3906350142756562
1712,2015,21,501399.3,256824.02185561383,0.5490574901445466,0.2812352407529718
1712,2016,21,591061.0,278908.18379783403,0.6369878219635736,0.30058000193752993
1712,2017,21,676809.3,262550.94052462216,0.7178715528213832,0.2784799963137698
1712,2018,21,1659416.5,508369.2268833165,1.7321675365344467,0.5306568130306019
1712,2019,21,1840064.3,480389.5930149539,1.8785750893312916,0.490443688631908
1712,2020,21,1876174.4,437757.5997521717,1.8816311302778055,0.43903078904038884
1712,2021,21,2025804.9,418745.64481287735,1.9986236187845303,0.413127116034804
1712,2022,21,3284291.5,595284.5096838536,3.1766046039268785,0.5757660408974307
1712,2023,21,4294889.7,683373.1265871027,4.0690570345807675,0.6474401957243985
1712,2024,21,4868652.9,679116.4755355739,4.527715893239097,0.6315600070078805
1714,2010,21,411300.0,411300.0,0.18211202125304404,0.18211202125304404
1714,2011,21,725400.0,597641.6782130454,0.30485396091615885,0.2511627141050832
1714,2012,21,713200.0,512460.8698072337,0.29463769313393373,0.21170820036653462
1714,2013,21,786869.2,501435.63645867305,0.32003465245861634,0.20394339954393503
1714,2014,21,853034.6,480643.45362320234,0.3406551655285332,0.19194259559250923
1714,2015,21,1015798.4,520306.73054888105,0.39769728290658524,0.20370633879448793
1714,2016,21,1224563.8,577843.6834820333,0.4703709764154567,0.22195731869172364
1714,2017,21,1506647.5,584465.5476277744,0.5680317825365706,0.22035347143257972
1714,2018,21,1607146.1,492355.96991203673,0.5953274929619203,0.18238108234999137
1714,2019,21,2687108.3,701529.2142911009,0.9761009480911038,0.25483279969889966
1714,2020,21,5005054.3,1167802.18139491,1.780651166927565,0.41546968172581117
1714,2021,21,7168668.1,1481805.3535086247,2.4999714385353093,0.5167586237170444
1714,2022,21,9457737.8,1714234.1990628568,3.2266854764422916,0.584843300830015
1714,2023,21,16090211.6,2560163.1186337722,5.367877097581317,0.8540994557577222
1714,2024,21,18952290.0,2643608.540696771,6.181236750269071,0.8622055838677052
1718,2010,21,780200.0,780200.0,0.25014427701186276,0.25014427701186276
1718,2011,21,1112000.0,916153.2205306126,0.3399779870368106,0.28010065443641086
1718,2012,21,1296200.0,931368.1708414699,0.38969394504239074,0.2800096719504149
1718,2013,21,1430251.6,911433.7190247573,0.4230387175012571,0.26958316395775006
1718,2014,21,1723435.0,971071.6898178617,0.5001842930113768,0.2818294897312113
1718,2015,21,2043502.4,1046711.6827638159,0.5813993399339934,0.2978012071138659
1718,2016,21,2759436.4,1302115.0010398815,0.7699535143279667,0.36332347471745347
1718,2017,21,2876716.9,1115949.0978006292,0.7877747076704,0.30559714593220394
1718,2018,21,3740117.7,1145800.794195796,1.0053809575011425,0.30800268653955426
1718,2019,21,5445351.1,1421629.6673722388,1.4334020637552976,0.37422139760779144
1718,2020,21,7041585.5,1642974.9638038427,1.8160585701758911,0.42373109913958906
1718,2021,21,9316221.2,1925717.0587421313,2.3599111381310633,0.4878073457309652
1718,2022,21,12954120.0,2347960.5791951786,3.2133852603378563,0.582432609628452
1718,2023,21,22311416.3,3550038.1570957326,5.4177592880384635,0.8620363646971329
1718,2024,21,27742479.6,3869730.571380342,6.5920113104431515,0.9195035217726844
1722,2010,21,335600.0,335600.0,0.16173493975903613,0.16173493975903613
1722,2011,21,428400.0,352949.6759670094,0.19695646177187257,0.1622682524789708
1722,2012,21,530500.0,381184.0878193178,0.23908242823020415,0.17178966506796964
1722,2013,21,649445.9,413862.072898489,0.2872891710165443,0.183076206714363
1722,2014,21,800366.7,450967.6569426439,0.3467342633106615,0.1953678711357466
1722,2015,21,841183.0,430866.18026106304,0.3566904125853369,0.18270202275412925
1722,2016,21,1151127.0,543190.5351404496,0.4773489529338586,0.2252500664069872
1722,2017,21,1523574.2,591031.8300428921,0.6187605896925639,0.24003242092470134
1722,2018,21,2029449.4,621730.3627370286,0.8071948930077162,0.24728755180058412
1722,2019,21,2559212.2,668139.1010069076,0.9958411611346746,0.25998642009685496
1722,2020,21,3923768.9,915511.7219626381,1.4924380586512493,0.34822247992188887
1722,2021,21,5079342.8,1049929.6728977433,1.8947115786332438,0.3916478935010979
1722,2022,21,5767057.5,1045290.8933954525,2.1023102580927384,0.38104800721619003
1722,2023,21,9769005.0,1554376.4698998062,3.4808498129342595,0.5538487332620011
1722,2024,21,10689931.1,1491112.3223325533,3.7155229571443464,0.5182692024373686
1724,2010,21,195100.0,195100.0,0.2730963045912654,0.2730963045912654
1724,2011,21,317400.0,261499.12967303637,0.43646864686468645,0.3595972630267277
1724,2012,21,399400.0,286983.8353912074,0.5400946585530764,0.3880782087778329
1724,2013,21,458924.0,292451.2079341269,0.6114095390354383,0.38962324531591647
1724,2014,21,499162.5,281253.75913144875,0.653525137470542,0.3682295877604723
1724,2015,21,619164.2,317144.9182976794,0.7967625788186848,0.4081133937687291
1724,2016,21,800471.2,377724.073444996,1.0124857070579307,0.47776887610042496
1724,2017,21,872092.1,338305.93208322173,1.0859072344664424,0.4212500710785976
1724,2018,21,1199213.2,367384.00959148473,1.469804142664542,0.4502806834066488
1724,2019,21,2072187.6,540990.5283280775,2.496912399084227,0.6518743563418213
1724,2020,21,2157716.2,503448.22136917396,2.5495878530072082,0.5948815093574075
1724,2021,21,2646445.8,547035.7253965231,3.074045533743756,0.6354230751498701
1724,2022,21,3530745.0,639954.7074745704,4.0186034600500795,0.7283800449289441
1724,2023,21,5778775.3,919478.7341349701,6.445210015614544,1.025517214069786
1724,2024,21,6843396.1,954568.5707284434,7.487304266958424,1.0443857447794787
1726,2010,21,5067700.0,5067700.0,2.2681376717540167,2.2681376717540167
1726,2011,21,5941600.0,4895158.250993424,2.5872414543871107,2.131573372955987
1726,2012,21,7565300.0,5435950.951139463,3.276014376650933,2.3539388347722094
1726,2013,21,9949775.4,6340535.326989351,4.250405997693195,2.708588716728331
1726,2014,21,10853257.9,6115282.264188703,4.6127153300182755,2.599040445487995
1726,2015,21,12989886.8,6653609.152276739,5.477960106270822,2.8058909257692988
1726,2016,21,16078982.7,7587304.630442194,6.718612192879826,3.1703596149265394
1726,2017,21,17960496.7,6967317.530764386,7.409140175735324,2.874187339946531
1726,2018,21,26659772.4,8167333.447554112,10.815762262160737,3.313454277071732
1726,2019,21,43367524.8,11322054.11992283,17.278586716602256,4.510958253286119
1726,2020,21,69991602.6,16330761.12592937,27.21608375782556,6.350181252062593
1726,2021,21,107851250.5,22293480.203595944,40.02792848129454,8.27400541998068
1726,2022,21,142354083.9,25801967.040960178,49.76371526952388,9.019774537146116
1726,2023,21,210467312.4,33488102.225110106,71.19040468136923,11.327324524797087
1726,2024,21,245754010.1,34279625.3123417,80.81886677847935,11.273225898560147
1727,2010,21,1653000.0,1653000.0,0.639235855988244,0.639235855988244
1727,2011,21,2111800.0,1739867.2402127227,0.7985932536681288,0.6579440478795654
1727,2012,21,2126200.0,1527754.2083344648,0.7960314488955448,0.571978363285086
1727,2013,21,2548530.0,1624061.2322658226,0.9454056460288608,0.602463639227593
1727,2014,21,3371648.2,1899759.5586983855,1.2368935764334716,0.6969292926000167
1727,2015,21,3403221.9,1743179.80823887,1.2338113693216837,0.6319761477137621
1727,2016,21,4092934.0,1931362.056275755,1.4648487885186643,0.691228680532463
1727,2017,21,3950100.5,1532340.9436628313,1.396140564804015,0.541597194946747
1727,2018,21,5718607.2,1751919.377150563,1.998674402348665,0.6123023127186366
1727,2019,21,8612075.2,2248373.2227956257,2.9712179403139554,0.7757023366553824
1727,2020,21,12039270.0,2809057.5897253095,4.092345083109555,0.9548446887131818
1727,2021,21,14302089.5,2956325.0093081435,4.805971134782755,0.9934221611304626
1727,2022,21,25982338.1,4709351.589619438,8.833023321434643,1.6010034300932987
1727,2023,21,42677896.9,6790611.605395829,14.2573317632124,2.268527963317909
1727,2024,21,53394901.8,7447924.152075837,17.49619955436136,2.44050204865189
1730,2010,21,804600.0,804600.0,0.26169257789631173,0.26169257789631173
1730,2011,21,1032200.0,850407.692654405,0.3196457326892109,0.2633493412159064
1730,2012,21,1216100.0,873813.325536423,0.3706717873689344,0.2663415403366322
1730,2013,21,1356745.0,864591.3356211203,0.40746763972730277,0.25966043055564175
1730,2014,21,1477899.2,832724.2243104415,0.4364090358777499,0.24589523824315415
1730,2015,21,1857089.0,951228.0250966047,0.5390835728177886,0.2761264550775363
1730,2016,21,2180146.8,1028761.4719980842,0.6219572647134339,0.2934874253268149
1730,2017,21,2415385.1,936987.1686665041,0.6775653893626571,0.2628442461474709
1730,2018,21,3997047.5,1224512.3194754862,1.1040957681896029,0.33824438414327557
1730,2019,21,5889749.8,1537649.803532358,1.5990415659870225,0.41746526308808896
1730,2020,21,7909835.9,1845559.121805286,2.1081652185501065,0.49188675954298666
1730,2021,21,11050207.7,2284142.144513878,2.8927245287958114,0.5979429697680309
1730,2022,21,15988074.9,2897871.071320931,4.10329404065291,0.743730384796461
1730,2023,21,22063906.3,3510656.0787709802,5.548853532178156,0.8828951735963032
1730,2024,21,26686635.7,3722453.4902633587,6.570635405638311,0.9165218491353831
1733,2010,21,270900.0,270900.0,0.17347592213114754,0.17347592213114754
1733,2011,21,428400.0,352949.6759670094,0.26756604834176506,0.22044199360877484
1733,2012,21,509500.0,366094.8025333505,0.3127493708182432,0.22472211806110765
1733,2013,21,608841.8,387986.94304675306,0.3681471762002661,0.23460330332975757
1733,2014,21,674059.0,379799.4192800645,0.400248797577341,0.22552070499380353
1733,2015,21,722575.3,370113.5893877928,0.4211793541618093,0.2157341975913924
1733,2016,21,757272.8,357339.7353022792,0.43349522010418456,0.2045564916722647
1733,2017,21,876454.5,339998.2141232951,0.4933047222378567,0.19136501048195817
1733,2018,21,1568457.6,480503.5851525293,0.8689515789473685,0.26620697238367275
1733,2019,21,2002647.5,522835.5430173907,1.0909448711663126,0.284815352735954
1733,2020,21,3101779.7,723721.4389195436,1.6618160728636486,0.38774253357596766
1733,2021,21,3937558.5,813916.2231619274,2.079733005862779,0.42989289767175165
1733,2022,21,6053313.3,1097175.338959179,3.1458857187402556,0.5701981805213485
1733,2023,21,7707525.7,1226368.1500038165,3.936226801491242,0.6263051682773181
1733,2024,21,9265334.3,1292398.801827681,4.642881489276409,0.6476241740968536
1735,2010,21,292400.0,292400.0,0.17916666666666667,0.17916666666666667
1735,2011,21,446300.0,367697.10640540684,0.2655125230531263,0.21875013766756313
1735,2012,21,474600.0,341017.8474628619,0.2803638941398866,0.2014519420267379
1735,2013,21,463035.0,295070.95960502926,0.27049596915527513,0.17237466970734272
1735,2014,21,562131.2,316733.5549546936,0.323715059026778,0.18239767057569456
1735,2015,21,683698.5,350200.32637989405,0.38778203164880043,0.198627602733761
1735,2016,21,709733.0,334906.7896738038,0.3962553737926414,0.18698385889889108
1735,2017,21,800620.6,310580.3828839044,0.44050651994497936,0.17088329182058012
1735,2018,21,1231804.5,377368.4914766065,0.6686231884057972,0.20483552704587013
1735,2019,21,1607346.7,419633.50250691193,0.8596356294790887,0.22442694539892605
1735,2020,21,2113941.8,493234.57797088876,1.1135973239214032,0.25982962543901844
1735,2021,21,2402092.1,496526.39566348103,1.248683318604772,0.25811009807323443
1735,2022,21,3626827.0,657369.7652608369,1.8613430844239158,0.3373722172239348
1735,2023,21,5743073.0,913798.031234183,2.906119319906892,0.46240159459274516
1735,2024,21,6757340.3,942564.8578337752,3.37411509462226,0.47064705539210827
1700,1987,22,25.505152370824,,,
1700,1988,22,28.0335012937491,,,
1700,1989,22,31.1355788650726,,,
1700,1990,22,33.1139918101534,,,
1700,1991,22,37.0931919615658,,,
1700,1992,22,35.1391853548148,,,
1700,1993,22,27.5850886870416,,,
1700,1994,22,34.3455984808316,,,
1700,1995,22,28.0499215125601,,,
1700,1996,22,22.3647561421471,,,
1700,1997,22,28.1986118362458,,,
1700,1998,22,26.8,,,
1700,1999,22,29.0229534073079,,,
1700,2000,22,30.05590367367,,,
1700,2001,22,29.973808702008,,,
1700,2002,22,30.1226812703015,,,
1700,2003,22,28.4620073141,,,
1700,2004,22,26.4440094608923,,,
1700,2005,22,26.3310599495083,,,
1700,2006,22,25.0794086599227,,,
1700,2007,22,23.235899255055,,,
1700,2008,22,19.6896057973097,,,
1700,2009,22,18.6326849699042,,,
1700,2010,22,24.0815269392886,,,
1700,2011,22,26.469076721652,,,
1700,2012,22,25.9172267873847,,,
1700,2013,22,24.5690997967973,,,
1700,2014,22,25.3540246715931,,,
1700,2015,22,25.7597922930163,,,
1700,2016,22,25.7139411156526,,,
1700,2017,22,24.7588478005735,,,
1700,2018,22,22.962221977009,,,
1700,2019,22,21.1335355089228,,,
1700,2020,22,21.5708620304833,,,
1700,2021,22,21.4018272914351,,,
1700,2022,22,20.3856963443599,,,
1700,2023,22,19.6622079976968,,,
1700,2024,22,17.7295044800399,,,
1700,2025,22,16.5595763193311,,,
1700,1992,23,43.9301488105631,,,
1700,1993,23,14.6502375108632,,,
1700,1994,23,18.2004266495678,,,
1700,1995,23,24.1998260825338,,,
1700,1996,23,23.000095157758,,,
1700,1997,23,18.8993990766049,,,
1700,1998,23,20.9006339688086,,,
1700,1999,23,17.1003354222844,,,
1700,2000,23,19.6000122865217,,,
1700,2001,23,21.0999939090005,,,
1700,2002,23,21.1999946310166,,,
1700,2003,23,20.8,,,
1700,2004,23,24.5,,,
1700,2005,23,28.0,,,
1700,2006,23,29.6100809944662,,,
1700,2007,23,28.2057467186946,,,
1700,2008,23,32.0363460936417,,,
1700,2009,23,29.9477879762474,,,
1700,2010,23,25.544196023924,,,
1700,2011,23,24.939068190188,,,
1700,2012,23,28.061546236388,,,
1700,2013,23,25.4549637024881,,,
1700,2014,23,25.9149119018393,,,
1700,2015,23,24.424590799647,,,
1700,2016,23,23.7962055076888,,,
1700,2017,23,26.2597739110439,,,
1700,2018,23,33.4959684906661,,,
1700,2019,23,37.5511039982581,,,
1700,2020,23,35.6185340527013,,,
1700,2021,23,35.9146303184061,,,
1700,2022,23,33.3171368327978,,,
1700,2023,23,33.0290737657093,,,
1700,2024,23,39.0472249923559,,,
1700,2025,23,33.277986337555,,,
1700,2010,24,100.0,,,
1700,2011,24,113.77974464766,,,
1700,2012,24,128.808686595277,,,
1700,2013,24,144.061481383188,,,
1700,2014,24,157.434843486255,,,
1700,2015,24,171.213355163693,,,
1700,2016,24,185.134519079165,,,
1700,2017,24,210.823308306966,,,
1700,2018,24,247.768363601715,,,
1700,2019,24,283.758541881172,,,
1700,2020,24,320.271824153995,,,
1700,2021,24,355.018882210762,,,
1700,2022,24,395.656628724737,,,
1700,2023,24,435.050539874052,,,
1700,2024,24,476.938313750946,,,
1700,2025,24,518.891660593249,,,
1700,2005,25,8.02147599172507,,,
1700,2006,25,9.98278095339078,,,
1700,2007,25,8.10827572787105,,,
1700,2008,25,10.775516002095,,,
1700,2009,25,5.22767728940485,,,
1700,2010,25,4.10238879075232,,,
1700,2011,25,4.12954871071007,,,
1700,2012,25,1.60515911912695,,,
1700,2013,25,1.59150571044043,,,
1700,2014,25,2.27365092203661,,,
1700,2015,25,0.918048539753847,,,
1700,2016,25,0.217874038430629,,,
1700,2017,25,2.04476697126481,,,
1700,2018,25,-5.85985590733897,,,
1700,2019,25,-4.80432180452473,,,
1700,2020,25,-4.31770821939444,,,
1700,2021,25,-6.03366775527398,,,
1700,2022,25,-3.01865917303125,,,
1700,2023,25,-7.25129879099619,,,
1700,2024,25,-4.71597432187069,,,
1700,2025,25,-3.93381123699979,,,
1700,1987,26,76.9161524232238,,,
1700,1988,26,76.7338817960995,,,
1700,1989,26,76.5311041209389,,,
1700,1990,26,76.6016505407828,,,
1700,1991,26,76.9292635236091,,,
1700,1992,26,77.2832853868679,,,
1700,1993,26,77.5811998724592,,,
1700,1994,26,77.6190343652758,,,
1700,1995,26,77.3436588329064,,,
1700,1996,26,76.7869581513787,,,
1700,1997,26,75.8326662845938,,,
1700,1998,26,74.4279490840898,,,
1700,1999,26,72.6291482627593,,,
1700,2000,26,70.5343533403284,,,
1700,2001,26,68.206878584831,,,
1700,2002,26,65.8327687506574,,,
1700,2003,26,63.6048706178502,,,
1700,2004,26,61.5072809151456,,,
1700,2005,26,59.3766906615768,,,
1700,2006,26,57.1652563080568,,,
1700,2007,26,55.1243231431766,,,
1700,2008,26,53.4488462806641,,,
1700,2009,26,52.0994530058547,,,
1700,2010,26,50.9135971391737,,,
1700,2011,26,49.8601391184231,,,
1700,2012,26,49.0804585754969,,,
1700,2013,26,48.7263222498675,,,
1700,2014,26,48.8305476003008,,,
1700,2015,26,49.3359508232811,,,
1700,2016,26,50.0611692979578,,,
1700,2017,26,50.8221131406473,,,
1700,2018,26,51.7097466682868,,,
1700,2019,26,52.7698563917884,,,
1700,2020,26,53.9511270861508,,,
1700,2021,26,55.2497682839009,,,
1700,2022,26,56.5268870521244,,,
1700,2023,26,57.6444238962333,,,
1700,2024,26,58.6494292141216,,,
1700,2025,26,59.6418459559503,,,
1700,1991,27,38.7673883094858,,,
1700,1992,27,39.0275801128894,,,
1700,1993,27,39.079919849079,,,
1700,1994,27,39.5347691393009,,,
1700,1995,27,39.3909225468746,,,
1700,1996,27,39.1551857867856,,,
1700,1997,27,38.9458386820337,,,
1700,1998,27,38.2168853127924,,,
1700,1999,27,37.4199904119504,,,
1700,2000,27,36.7892194210918,,,
1700,2001,27,36.024472133399,,,
1700,2002,27,35.2582905545618,,,
1700,2003,27,34.4227446011705,,,
1700,2004,27,33.4116704565652,,,
1700,2005,27,32.3936803534658,,,
1700,2006,27,31.3322878537804,,,
1700,2007,27,30.1376511720839,,,
1700,2008,27,28.9317165337553,,,
1700,2009,27,27.8584255886288,,,
1700,2010,27,26.9604574395174,,,
1700,2011,27,27.2340544475864,,,
1700,2012,27,26.7419149978203,,,
1700,2013,27,27.2993593375509,,,
1700,2014,27,27.6562830050207,,,
1700,2015,27,27.5816950924486,,,
1700,2016,27,27.4220937139458,,,
1700,2017,27,27.1539848581967,,,
1700,2018,27,26.6493914736113,,,
1700,2019,27,26.1766052839745,,,
1700,2020,27,27.1860834171962,,,
1700,2021,27,26.9945200455118,,,
1700,2022,27,26.5612109703802,,,
1700,2023,27,26.1279176228967,,,
1700,2024,27,25.6474629581127,,,
1700,2025,27,25.1978529929594,,,
1700,1991,28,19.4006464021235,,,
1700,1992,28,18.9788252729886,,,
1700,1993,28,18.7567088459164,,,
1700,1994,28,18.3871198598417,,,
1700,1995,28,18.2074763370386,,,
1700,1996,28,18.1201652254374,,,
1700,1997,28,18.1515966559079,,,
1700,1998,28,18.287488802015,,,
1700,1999,28,18.6138513741708,,,
1700,2000,28,18.7555180517343,,,
1700,2001,28,18.9408802232919,,,
1700,2002,28,19.1609482473908,,,
1700,2003,28,19.4393000601376,,,
1700,2004,28,19.8481363464155,,,
1700,2005,28,20.2648759895523,,,
1700,2006,28,20.7474912278192,,,
1700,2007,28,21.3023661646641,,,
1700,2008,28,21.8618159499155,,,
1700,2009,28,22.4140311486212,,,
1700,2010,28,22.8214036211282,,,
1700,2011,28,22.84965392143,,,
1700,2012,28,22.8231892949853,,,
1700,2013,28,22.8458937425096,,,
1700,2014,28,22.8827137262897,,,
1700,2015,28,22.9042032680756,,,
1700,2016,28,23.0554068019345,,,
1700,2017,28,23.0527389904132,,,
1700,2018,28,22.6653905613483,,,
1700,2019,28,23.2337102815411,,,
1700,2020,28,23.4344074033211,,,
1700,2021,28,23.6928859187452,,,
1700,2022,28,23.8986156957819,,,
1700,2023,28,24.1341945506432,,,
1700,2024,28,24.3810594797073,,,
1700,2025,28,24.6114383374347,,,
1700,1991,29,41.8319510786276,,,
1700,1992,29,41.993594614122,,,
1700,1993,29,42.1633713050046,,,
1700,1994,29,42.0781110008574,,,
1700,1995,29,42.4016146371995,,,
1700,1996,29,42.724648987777,,,
1700,1997,29,42.9025646620584,,,
1700,1998,29,43.495612387546,,,
1700,1999,29,43.9661450470982,,,
1700,2000,29,44.4552625271739,,,
1700,2001,29,45.0346599760646,,,
1700,2002,29,45.5807611980474,,,
1700,2003,29,46.137955338692,,,
1700,2004,29,46.7401931970193,,,
1700,2005,29,47.3414436569819,,,
1700,2006,29,47.9202209184004,,,
1700,2007,29,48.559982663252,,,
1700,2008,29,49.2064774543675,,,
1700,2009,29,49.7275239932175,,,
1700,2010,29,50.218148399184,,,
1700,2011,29,49.9163008256639,,,
1700,2012,29,50.4348867373135,,,
1700,2013,29,49.8547557204896,,,
1700,2014,29,49.4610032686896,,,
1700,2015,29,49.5141016394757,,,
1700,2016,29,49.5224994841197,,,
1700,2017,29,49.7932678560571,,,
1700,2018,29,50.6852179650404,,,
1700,2019,29,50.5896924101986,,,
1700,2020,29,49.3795091794828,,,
1700,2021,29,49.3126019234068,,,
1700,2022,29,49.5401658544276,,,
1700,2023,29,49.7378951792477,,,
1700,2024,29,49.97147756218,,,
1700,2025,29,50.1906943451481,,,
1700,1995,30,29.775,,,
1700,1996,30,40.0666666666666,,,
1700,1997,30,62.9166666666667,,,
1700,1998,30,94.4916666666667,,,
1700,1999,30,124.625,,,
1700,2000,30,236.608333333333,,,
1700,2013,30,2094.98846505376,,,
1700,2014,30,2310.94815880696,,,
1700,2015,30,2567.98721339827,,,
1700,2016,30,2965.25349937684,,,
1700,2017,30,5113.87894595717,,,
1700,2018,30,8069.60623655914,,,
1700,2019,30,8836.7875,,,
1700,2020,30,10054.2613341653,,,
1700,2021,30,10609.464390809,,,
1700,2022,30,11050.145422363,,,
1700,2023,30,11734.8334198669,,,
1700,2024,30,12652.2868209739,,,
1700,2025,30,12579.3943476702,,,
1700,2011,31,12.7779424393085,,,
1700,2012,31,12.7811942899458,,,
1700,2013,31,13.4093565613914,,,
1700,2014,31,13.2547455085531,,,
1700,2015,31,13.3096957639729,,,
1700,2016,31,12.6164114774292,,,
1700,2017,31,12.2589502018046,,,
1700,2018,31,14.0744147200816,,,
1700,2019,31,14.3808618361187,,,
1700,2020,31,18.0452274411827,,,
1700,2021,31,21.8708762446776,,,
1700,2022,31,22.0498816046985,,,
1700,2023,31,22.344366105039,,,
1700,1997,32,27.1091182703234,,,
1700,1998,32,22.5642195291768,,,
1700,1999,32,18.1790891922618,,,
1700,2000,32,24.662704263423,,,
1700,2001,32,29.6751060849085,,,
1700,2002,32,30.9204450887224,,,
1700,2003,32,38.2375863470134,,,
1700,2004,32,41.7898866324117,,,
1700,2005,32,37.8090294786289,,,
1700,2006,32,36.5136876387581,,,
1700,2007,32,39.6709294075913,,,
1700,2008,32,41.1685228048386,,,
1700,2009,32,34.6626309351177,,,
1700,2010,32,21.7681099099648,,,
1700,2011,32,21.14783078074,,,
1700,2012,32,17.2861568343701,,,
1700,2013,32,16.5044788500077,,,
1700,2014,32,14.2075529776278,,,
1700,2015,32,12.1686103143078,,,
1700,2016,32,10.8545454664346,,,
1700,2017,32,17.8214088937599,,,
1700,2018,32,23.1429879161057,,,
1700,2019,32,24.3107685844352,,,
1700,2020,32,20.7641734938368,,,
1700,2021,32,20.3020010917247,,,
1700,2022,32,22.2329593873839,,,
1700,2023,32,23.3152321915222,,,
1700,2024,32,21.5670052817339,,,
1700,2025,32,22.0359976818514,,,
1700,1992,33,59702042.9,,,
1700,1993,33,1031699376.2,,,
1700,1994,33,1247180534.1,,,
1700,1995,33,1803493027.6,,,
1700,1996,33,2394880249.5,,,
1700,1997,33,2934807714.9,,,
1700,1998,33,3378314688.4,,,
1700,1999,33,5315552892.0,,,
1700,2000,33,4952972611.3,,,
1700,2001,33,5216140553.9,,,
1700,2002,33,5145986275.0,,,
1700,2003,33,5328375077.6,,,
1700,2004,33,5212039886.3,,,
1700,2005,33,4637855219.3,,,
1700,2006,33,4520245666.3,,,
1700,2007,33,4667749025.5,,,
1700,2008,33,5076578346.0,,,
1700,2009,33,7296457110.2,,,
1700,2010,33,7986413935.7,,,
1700,2011,33,8214908762.9,,,
1700,2012,33,8550628096.6,,,
1700,2013,33,10316705357.1,,,
1700,2014,33,12218877368.7,,,
1700,2015,33,13571303501.2,,,
1700,2016,33,15334623459.2,,,
1700,2017,33,16701437846.8,,,
1700,2018,33,18258516232.9,,,
1700,2019,33,24961864235.4,,,
1700,2020,33,37154092630.0,,,
1700,2021,33,44872282608.6,,,
1700,2022,33,53592822615.9,,,
1700,2023,33,61569881480.8,,,
1700,2024,33,70256401083.6,,,
1700,1992,34,0.0694776727834706,,,
1700,1993,34,0.366414449820697,,,
1700,1994,34,0.565932056672873,,,
1700,1995,34,-0.179769069574583,,,
1700,1996,34,0.645212527339969,,,
1700,1997,34,1.13126132489788,,,
1700,1998,34,0.931351445248341,,,
1700,1999,34,0.7096656112296,,,
1700,2000,34,0.542857629929967,,,
1700,2001,34,0.726225245162731,,,
1700,2002,34,0.674044441759953,,,
1700,2003,34,0.815041487200325,,,
1700,2004,34,1.46799380148438,,,
1700,2005,34,1.49216056466347,,,
1700,2006,34,1.19530557570436,,,
1700,2007,34,2.99176207276698,,,
1700,2008,34,1.85438789059302,,,
1700,2009,34,1.81985173937585,,,
1700,2010,34,2.99355724160322,,,
1700,2011,34,2.39605562355834,,,
1700,2012,34,0.988125260232837,,,
1700,2013,34,0.836508133232868,,,
1700,2014,34,0.885698410750819,,,
1700,2015,34,1.06718996650784,,,
1700,2016,34,1.69905310280349,,,
1700,2017,34,2.4880865313219,,,
1700,2018,34,1.01875982438812,,,
1700,2019,34,3.30121289679898,,,
1700,2020,34,2.46444977604592,,,
1700,2021,34,2.80927561208071,,,
1700,2022,34,2.81838908878173,,,
1700,2023,34,2.0054127330605,,,
1700,2024,34,2.45125129042312,,,
1700,2025,34,2.99134974013705,,,
1700,1987,35,8523160592.61112,,,
1700,1988,35,10722799639.3121,,,
1700,1989,35,11948815258.1132,,,
1700,1990,35,13362340337.8657,,,
1700,1991,35,13800167711.5003,,,
1700,1992,35,12953801760.2414,,,
1700,1993,35,13099920055.9608,,,
1700,1994,35,12899074922.38,,,
1700,1995,35,13350461264.9969,,,
1700,1996,35,13948892215.5689,,,
1700,1997,35,14744603773.5849,,,
1700,1998,35,14988971210.8383,,,
1700,1999,35,17078465982.0282,,,
1700,2000,35,13760513969.314,,,
1700,2001,35,11401421329.1974,,,
1700,2002,35,9687788512.80184,,,
1700,2003,35,10134453435.4603,,,
1700,2004,35,12030023547.8807,,,
1700,2005,35,14307509838.8053,,,
1700,2006,35,17330833852.919,,,
1700,2007,35,22311393927.8817,,,
1700,2008,35,29549438883.8338,,,
1700,2009,35,33689223673.2577,,,
1700,2010,35,55544226552.8467,,,
1700,2011,35,67404618404.5392,,,
1700,2012,35,75318846931.3239,,,
1700,2013,35,82674178351.6216,,,
1700,2014,35,91303765114.0144,,,
1700,2015,35,97564568986.8161,,,
1700,2016,35,97871364319.3985,,,
1700,2017,35,72276404057.649,,,
1700,2018,35,61318332402.7908,,,
1700,2019,35,70170662562.6111,,,
1700,2020,35,70127127133.2164,,,
1700,2021,35,81170051810.5825,,,
1700,2022,35,94286355836.1594,,,
1700,2023,35,107526539716.318,,,
1700,2024,35,121356065241.228,,,
1700,2025,35,147038081129.405,,,
1700,1987,36,6.7079525385662e-05,,,
1700,1988,36,6.62027425014984e-05,,,
1700,1989,36,6.71166934028022e-05,,,
1700,1990,36,6.97877293041349e-05,,,
1700,1991,36,0.0001331042378745,,,
1700,1992,36,0.0010810050833257,,,
1700,1993,36,0.0127437835852316,,,
1700,1994,36,0.170587684364753,,,
1700,1995,36,0.803372384533888,,,
1700,1996,36,1.45856477881458,,,
1700,1997,36,2.4224874732642,,,
1700,1998,36,3.36720806231675,,,
1700,1999,36,4.85266413152183,,,
1700,2000,36,7.14761590683219,,,
1700,2001,36,10.3811599095306,,,
1700,2002,36,15.1028361081615,,,
1700,2003,36,19.145137861074,,,
1700,2004,36,22.1927134155856,,,
1700,2005,36,26.9488042147179,,,
1700,2006,36,33.2725589473024,,,
1700,2007,36,40.55828442873,,,
1700,2008,36,51.4244916690254,,,
1700,2009,36,60.3011637934267,,,
1700,2010,36,100.0,,,
1700,2011,36,121.377077008577,,,
1700,2012,36,139.171601583605,,,
1700,2013,36,156.923270463417,,,
1700,2014,36,177.477627869396,,,
1700,2015,36,195.230686124013,,,
1700,2016,36,211.91956146702,,,
1700,2017,36,257.782089314789,,,
1700,2018,36,326.419541594495,,,
1700,2019,36,383.035837319382,,,
1700,2020,36,428.587510773579,,,
1700,2021,36,483.779335998888,,,
1700,2022,36,551.717951092703,,,
1700,2023,36,628.483844755428,,,
1700,2024,36,716.909849103634,,,
1700,2025,36,801.880033168474,,,
1700,1998,37,44.1,,,
1700,2000,37,35.9,,,
1700,2002,37,33.0,,,
1700,2003,37,35.2,,,
1700,2021,37,32.9,,,
1700,2022,37,31.2,,,
1700,2023,37,34.5,,,
1700,2024,37,34.6,,,
1700,2025,37,32.7,,,
1700,1990,38,630.0,,,
1700,1991,38,650.0,,,
1700,1992,38,600.0,,,
1700,1993,38,590.0,,,
1700,1994,38,570.0,,,
1700,1995,38,580.0,,,
1700,1996,38,590.0,,,
1700,1997,38,610.0,,,
1700,1998,38,610.0,,,
1700,1999,38,650.0,,,
1700,2000,38,620.0,,,
1700,2001,38,550.0,,,
1700,2002,38,450.0,,,
1700,2003,38,420.0,,,
1700,2004,38,460.0,,,
1700,2005,38,520.0,,,
1700,2006,38,600.0,,,
1700,2007,38,760.0,,,
1700,2008,38,970.0,,,
1700,2009,38,1150.0,,,
1700,2010,38,1460.0,,,
1700,2011,38,1880.0,,,
1700,2012,38,2460.0,,,
1700,2013,38,2780.0,,,
1700,2014,38,3000.0,,,
1700,2015,38,3170.0,,,
1700,2016,38,3230.0,,,
1700,2017,38,2890.0,,,
1700,2018,38,2490.0,,,
1700,2019,38,2240.0,,,
1700,2020,38,2090.0,,,
1700,2021,38,2360.0,,,
1700,2022,38,2620.0,,,
1700,2023,38,2880.0,,,
1700,2024,38,3170.0,,,
1700,2025,38,3670.0,,,
1700,1997,39,30.0894730915308,,,
1700,1998,39,22.8537352470558,,,
1700,1999,39,18.4397696203245,,,
1700,2000,39,19.3913257156899,,,
1700,2001,39,27.1011715022435,,,
1700,2002,39,28.0340796220236,,,
1700,2003,39,32.221688338074,,,
1700,2004,39,34.8057825625969,,,
1700,2005,39,31.7162289460794,,,
1700,2006,39,30.9576045330392,,,
1700,2007,39,34.7432635686414,,,
1700,2008,39,38.5794692300191,,,
1700,2009,39,34.0105112646732,,,
1700,2010,39,22.3751819014127,,,
1700,2011,39,23.1835665947076,,,
1700,2012,39,22.3708703311009,,,
1700,2013,39,21.0068395119034,,,
1700,2014,39,17.9849870300028,,,
1700,2015,39,15.0038442658548,,,
1700,2016,39,14.8381024904165,,,
1700,2017,39,23.2228973117917,,,
1700,2018,39,38.2521221014723,,,
1700,2019,39,37.9896096458527,,,
1700,2020,39,32.3429035050183,,,
1700,2021,39,34.4457811217665,,,
1700,2022,39,37.815398870245,,,
1700,2023,39,39.7869621133828,,,
1700,2024,39,35.9625379735638,,,
1700,2025,39,35.3645415221702,,,
1700,1987,40,35.3404965345264,,,
1700,1988,40,34.2945662535748,,,
1700,1989,40,32.5623819141312,,,
1700,1990,40,33.3141126843949,,,
1700,1991,40,36.6821393582055,,,
1700,1992,40,36.126464760699,,,
1700,1993,40,31.2326868275451,,,
1700,1994,40,24.2530549835382,,,
1700,1995,40,24.1434498738884,,,
1700,1996,40,26.0832065159454,,,
1700,1997,40,22.8733761248119,,,
1700,1998,40,22.4,,,
1700,1999,40,21.0461041218419,,,
1700,2000,40,20.2297579555228,,,
1700,2001,40,19.9520841370069,,,
1700,2002,40,19.3887412418459,,,
1700,2003,40,20.445956928078,,,
1700,2004,40,22.3056846912976,,,
1700,2005,40,26.0120326061017,,,
1700,2006,40,26.8384702412792,,,
1700,2007,40,26.8627172756297,,,
1700,2008,40,29.0650709010567,,,
1700,2009,40,30.3526438159739,,,
1700,2010,40,22.1622742240766,,,
1700,2011,40,20.9577872359793,,,
1700,2012,40,21.6212598815199,,,
1700,2013,40,22.4454210400664,,,
1700,2014,40,23.1082708333455,,,
1700,2015,40,24.0318423015119,,,
1700,2016,40,24.566866846542,,,
1700,2017,40,13.3392465666927,,,
1700,2018,40,29.650867498632,,,
1700,2019,40,32.7358467114226,,,
1700,2020,40,33.3913940291016,,,
1700,2021,40,33.2412468981763,,,
1700,2022,40,31.893484523486,,,
1700,2023,40,31.1420713958264,,,
1700,2024,40,32.0099854345535,,,
1700,2025,40,32.5442025042326,,,
1700,2011,41,13.7797446476602,,,
1700,2012,41,13.2088026688373,,,
1700,2013,41,11.8414333622049,,,
1700,2014,41,9.28309356162695,,,
1700,2015,41,8.75188196737508,,,
1700,2016,41,8.130886695236,,,
1700,2017,41,13.8757425441635,,,
1700,2018,41,17.5241796514055,,,
1700,2019,41,14.5257359560687,,,
1700,2020,41,12.8677297362606,,,
1700,2021,41,10.8492397508122,,,
1700,2022,41,11.4466436998836,,,
1700,2023,41,9.95659071258018,,,
1700,2024,41,9.62825465956682,,,
1700,2025,41,8.79638847052461,,,
1700,2011,42,6.29483068006773,,,
1700,2012,42,7.87789670853213,,,
1700,2013,42,3.9017763452269,,,
1700,2014,42,3.42555205909821,,,
1700,2015,42,2.31888103169482,,,
1700,2016,42,3.06420505858676,,,
1700,2017,42,1.19225244333732,,,
1700,2018,42,2.33543843932854,,,
1700,2019,42,0.428914942194539,,,
1700,2020,42,-1.62467529778057,,,
1700,2021,42,-3.99062780630644,,,
1700,2022,42,-3.39863770838486,,,
1700,2023,42,-4.08074522774552,,,
1700,1990,43,38.24,,,
1700,1991,43,38.977,,,
1700,1992,43,39.363,,,
1700,1993,43,39.659,,,
1700,1994,43,39.963,,,
1700,1995,43,39.933,,,
1700,1996,43,39.698,,,
1700,1997,43,39.731,,,
1700,1998,43,39.691,,,
1700,1999,43,39.797,,,
1700,2000,43,39.638,,,
1700,2001,43,39.498,,,
1700,2002,43,39.431,,,
1700,2003,43,39.187,,,
1700,2004,43,39.056,,,
1700,2005,43,38.789,,,
1700,2006,43,38.555,,,
1700,2007,43,38.426,,,
1700,2008,43,38.415,,,
1700,2009,43,38.895,,,
1700,2010,43,38.961,,,
1700,2011,43,38.883,,,
1700,2012,43,39.101,,,
1700,2013,43,39.191,,,
1700,2014,43,39.275,,,
1700,2015,43,39.447,,,
1700,2016,43,39.57,,,
1700,2017,43,39.652,,,
1700,2018,43,39.739,,,
1700,2019,43,39.89,,,
1700,2020,43,39.097,,,
1700,2021,43,39.587,,,
1700,2022,43,41.1,,,
1700,2023,43,41.24,,,
1700,2024,43,41.273,,,
1700,2025,43,41.178,,,
1700,1990,44,56.158,,,
1700,1991,44,56.919,,,
1700,1992,44,57.276,,,
1700,1993,44,57.572,,,
1700,1994,44,57.822,,,
1700,1995,44,57.797,,,
1700,1996,44,57.502,,,
1700,1997,44,57.408,,,
1700,1998,44,57.31,,,
1700,1999,44,57.299,,,
1700,2000,44,56.977,,,
1700,2001,44,56.763,,,
1700,2002,44,56.46,,,
1700,2003,44,56.135,,,
1700,2004,44,55.904,,,
1700,2005,44,55.595,,,
1700,2006,44,55.209,,,
1700,2007,44,54.974,,,
1700,2008,44,54.898,,,
1700,2009,44,55.405,,,
1700,2010,44,55.374,,,
1700,2011,44,55.55,,,
1700,2012,44,55.798,,,
1700,2013,44,55.877,,,
1700,2014,44,56.061,,,
1700,2015,44,56.286,,,
1700,2016,44,56.447,,,
1700,2017,44,56.468,,,
1700,2018,44,56.552,,,
1700,2019,44,56.626,,,
1700,2020,44,55.517,,,
1700,2021,44,56.03,,,
1700,2022,44,57.685,,,
1700,2023,44,57.743,,,
1700,2024,44,57.701,,,
1700,2025,44,57.499,,,
1700,1987,45,18930070.0,,,
1700,1988,45,19460630.0,,,
1700,1989,45,19977183.0,,,
1700,1990,45,20464956.0,,,
1700,1991,45,20962910.0,,,
1700,1992,45,21485090.0,,,
1700,1993,45,21987955.0,,,
1700,1994,45,22463291.0,,,
1700,1995,45,22917589.0,,,
1700,1996,45,23351981.0,,,
1700,1997,45,23758960.0,,,
1700,1998,45,24134929.0,,,
1700,1999,45,24476008.0,,,
1700,2000,45,24787054.0,,,
1700,2001,45,25090283.0,,,
1700,2002,45,25399980.0,,,
1700,2003,45,25711259.0,,,
1700,2004,45,26029350.0,,,
1700,2005,45,26356975.0,,,
1700,2006,45,26699043.0,,,
1700,2007,45,27076008.0,,,
1700,2008,45,27494774.0,,,
1700,2009,45,27939328.0,,,
1700,2010,45,28385506.0,,,
1700,2011,45,28823196.0,,,
1700,2012,45,29261903.0,,,
1700,2013,45,29724065.0,,,
1700,2014,45,30222994.0,,,
1700,2015,45,30749346.0,,,
1700,2016,45,31284568.0,,,
1700,2017,45,31819178.0,,,
1700,2018,45,32373490.0,,,
1700,2019,45,32964701.0,,,
1700,2020,45,33586372.0,,,
1700,2021,45,34243696.0,,,
1700,2022,45,34938955.0,,,
1700,2023,45,35652307.0,,,
1700,2024,45,36361859.0,,,
1700,2025,45,37053428.0,,,
1700,1998,46,79.8,,,
1700,2000,46,93.8,,,
1700,2002,46,93.1,,,
1700,2003,46,93.3,,,
1700,2021,46,4.4,,,
1700,2022,46,4.4,,,
1700,2023,46,4.1,,,
1700,2024,46,2.7,,,
1700,2025,46,2.3,,,
1700,2001,47,27.5,,,
1700,2002,47,26.5,,,
1700,2003,47,27.2,,,
1700,2004,47,26.1,,,
1700,2005,47,25.8,,,
1700,2010,47,17.7,,,
1700,2011,47,16.0,,,
1700,2012,47,15.0,,,
1700,2013,47,14.1,,,
1700,2021,47,17.0,,,
1700,2022,47,14.1,,,
1700,2023,47,11.0,,,
1700,2024,47,8.9,,,
1700,2025,47,5.8,,,
1700,1987,48,30905406089.1808,,,
1700,1988,48,33729722052.1123,,,
1700,1989,48,34772406917.0519,,,
1700,1990,48,35328765429.7544,,,
1700,1991,48,35154947902.016,,,
1700,1992,48,31217593737.9337,,,
1700,1993,48,30499589080.5909,,,
1700,1994,48,28913610450.5146,,,
1700,1995,48,28653387954.881,,,
1700,1996,48,29140495550.9913,,,
1700,1997,48,30655801318.6416,,,
1700,1998,48,31974000775.669,,,
1700,1999,48,33348882809.5964,,,
1700,2000,48,34627812465.3912,,,
1700,2001,48,36069658565.9596,,,
1700,2002,48,37502882190.1015,,,
1700,2003,48,39090239450.5479,,,
1700,2004,48,42002071623.9483,,,
1700,2005,48,44921218624.152,,,
1700,2006,48,48268486608.4542,,,
1700,2007,48,52840962905.7313,,,
1700,2008,48,57612058529.871,,,
1700,2009,48,62250366950.6188,,,
1700,2010,48,66979631884.1971,,,
1700,2011,48,72423694043.5058,,,
1700,2012,48,77751775857.5986,,,
1700,2013,48,83911096542.085,,,
1700,2014,48,90383779619.6224,,,
1700,2015,48,97564568986.8161,,,
1700,2016,48,104112205483.946,,,
1700,2017,48,109005764429.499,,,
1700,2018,48,115244909717.475,,,
1700,2019,48,123073854828.787,,,
1700,2020,48,125069648539.719,,,
1700,2021,48,135330969248.223,,,
1700,2022,48,143567108315.461,,,
1700,2023,48,152634850007.123,,,
1700,2024,48,162825039488.938,,,
1700,2025,48,175361956576.381,,,
1700,1988,49,9.13858227515796,,,
1700,1989,49,3.09129397309782,,,
1700,1990,49,1.60000000583709,,,
1700,1991,49,-0.492000005163135,,,
1700,1992,49,-11.1999999973161,,,
1700,1993,49,-2.30000000438953,,,
1700,1994,49,-5.19999999306724,,,
1700,1995,49,-0.90000000546128,,,
1700,1996,49,1.700000003062,,,
1700,1997,49,5.19999999656406,,,
1700,1998,49,4.30000000106274,,,
1700,1999,49,4.30000000179402,,,
1700,2000,49,3.83500000014025,,,
1700,2001,49,4.16383824998903,,,
1700,2002,49,3.97348819235708,,,
1700,2003,49,4.23262738154382,,,
1700,2004,49,7.4490006055965,,,
1700,2005,49,6.95000719569107,,,
1700,2006,49,7.45141847621767,,,
1700,2007,49,9.47300530544537,,,
1700,2008,49,9.02916101784781,,,
1700,2009,49,8.05093332733964,,,
1700,2010,49,7.5971679610016,,,
1700,2011,49,8.12793681625645,,,
1700,2012,49,7.35682138899483,,,
1700,2013,49,7.9217749261021,,,
1700,2014,49,7.71373911707978,,,
1700,2015,49,7.94477659311639,,,
1700,2016,49,6.71108022628,,,
1700,2017,49,4.70027401956061,,,
1700,2018,49,5.72368380757618,,,
1700,2019,49,6.79331098484522,,,
1700,2020,49,1.62162281640448,,,
1700,2021,49,8.20448512353877,,,
1700,2022,49,6.08592335737373,,,
1700,2023,49,6.31603004201926,,,
1700,2024,49,6.67618796188361,,,
1700,2025,49,7.69962477932913,,,
1700,1987,50,1632.60918153926,,,
1700,1988,50,1733.22868026946,,,
1700,1989,50,1740.60611634042,,,
1700,1990,50,1726.30546724627,,,
1700,1991,50,1677.00705207512,,,
1700,1992,50,1452.98873488236,,,
1700,1993,50,1387.10439786651,,,
1700,1994,50,1287.14935182537,,,
1700,1995,50,1250.27933587957,,,
1700,1996,50,1247.8810920149,,,
1700,1997,50,1290.28380529458,,,
1700,1998,50,1324.80194060935,,,
1700,1999,50,1362.51315204654,,,
1700,2000,50,1397.01202350998,,,
1700,2001,50,1437.5947280451,,,
1700,2002,50,1476.49258739973,,,
1700,2003,50,1520.35493285443,,,
1700,2004,50,1613.64273882937,,,
1700,2005,50,1704.33893207214,,,
1700,2006,50,1807.87328626177,,,
1700,2007,50,1951.57878907892,,,
1700,2008,50,2095.38214534409,,,
1700,2009,50,2228.0552685669,,,
1700,2010,50,2359.64199067641,,,
1700,2011,50,2512.68783806993,,,
1700,2012,50,2657.09909084172,,,
1700,2013,50,2823.00205379328,,,
1700,2014,50,2990.56339751192,,,
1700,2015,50,3172.89899391083,,,
1700,2016,50,3327.90932206401,,,
1700,2017,50,3425.78819696408,,,
1700,2018,50,3559.85436594803,,,
1700,2019,50,3733.50435754861,,,
1700,2020,50,3723.82133264406,,,
1700,2021,50,3951.99657327359,,,
1700,2022,50,4109.08421031655,,,
1700,2023,50,4281.20542121225,,,
1700,2024,50,4477.90745486742,,,
1700,2025,50,4732.67835236137,,,
1700,2005,51,7.17193652621924,,,
1700,2006,51,8.180185407437,,,
1700,2007,51,7.64888686011818,,,
1700,2008,51,12.2843587985737,,,
1700,2009,51,6.46524882083396,,,
1700,2010,51,6.18494354622285,,,
1700,2011,51,7.28053972389326,,,
1700,2012,51,8.0829323297038,,,
1700,2013,51,7.79147129024255,,,
1700,2014,51,7.4633464579014,,,
1700,2015,51,4.9640763777428,,,
1700,2016,51,5.92110004959139,,,
1700,2017,51,9.86511688347538,,,
1700,2018,51,12.4100140915204,,,
1700,2019,51,12.179098017749,,,
1700,2020,51,10.1012633712903,,,
1700,2021,51,11.4289013918049,,,
1700,2022,51,16.4521404037101,,,
1700,2023,51,13.1771038486206,,,
1700,2024,51,13.6616648886765,,,
1700,2025,51,14.2840818720217,,,
1700,2013,52,15.1056874610672,,,
1700,2014,52,17.1694935734108,,,
1700,2015,52,19.0907622598069,,,
1700,2016,52,19.914018921891,,,
1700,2017,52,18.8661574312442,,,
1700,2018,52,12.9240353308614,,,
1700,2019,52,12.2010067246417,,,
1700,2020,52,17.1535876412365,,,
1700,2021,52,14.0879268415418,,,
1700,2022,52,11.0213280799862,,,
1700,2023,52,8.8289303287966,,,
1700,2024,52,10.2786124689433,,,
1700,2011,53,20.4504022965488,,,
1700,2012,53,22.4337451048206,,,
1700,2013,53,19.2082821510386,,,
1700,2014,53,18.5113941370606,,,
1700,2015,53,17.3563652514993,,,
1700,2016,53,17.3636423845651,,,
1700,2017,53,14.9964001669678,,,
1700,2018,53,18.3618721452391,,,
1700,2019,53,17.3161342582396,,,
1700,2020,53,18.3600418406121,,,
1700,2021,53,18.5423647146043,,,
1700,2022,53,20.155434648709,,,
1700,2023,53,19.3602832692413,,,
1700,1987,54,31.5266419744032,,,
1700,1988,54,33.4842707340324,,,
1700,1989,54,36.3020392207961,,,
1700,1990,54,34.6378706398934,,,
1700,1991,54,26.5388883382914,,,
1700,1992,54,29.6291957516167,,,
1700,1993,54,31.7803709936955,,,
1700,1994,54,33.1703083961182,,,
1700,1995,54,34.6629135369945,,,
1700,1996,54,37.124261006998,,,
1700,1997,54,36.5480073298322,,,
1700,1998,54,36.4,,,
1700,1999,54,36.5046555109787,,,
1700,2000,54,37.1943727730679,,,
1700,2001,54,38.2149310701886,,,
1700,2002,54,37.898311454726,,,
1700,2003,54,37.4278748476229,,,
1700,2004,54,37.1821221760052,,,
1700,2005,54,37.0429682103068,,,
1700,2006,54,37.9585228805817,,,
1700,2007,54,39.7591344448386,,,
1700,2008,54,41.3540741805193,,,
1700,2009,54,41.365775808294,,,
1700,2010,54,43.0145644421747,,,
1700,2011,54,42.517157579188,,,
1700,2012,54,42.4028358649983,,,
1700,2013,54,43.7890193182563,,,
1700,2014,54,42.8265408523764,,,
1700,2015,54,42.1671345961934,,,
1700,2016,54,41.9898933993247,,,
1700,2017,54,39.5614976850092,,,
1700,2018,54,38.1762326664905,,,
1700,2019,54,38.8311667329587,,,
1700,2020,54,38.7460145833136,,,
1700,2021,54,39.3194699013371,,,
1700,2022,54,41.9832790119879,,,
1700,2023,54,44.5611820065481,,,
1700,2024,54,46.3253634726906,,,
1700,2025,54,46.4894145533052,,,
1700,1997,55,57.1985913618542,,,
1700,1998,55,45.4179547762326,,,
1700,1999,55,36.6188588125863,,,
1700,2000,55,44.0540299791129,,,
1700,2001,55,56.776277587152,,,
1700,2002,55,58.954524710746,,,
1700,2003,55,70.4592746850874,,,
1700,2004,55,76.5956691950086,,,
1700,2005,55,69.5252584247083,,,
1700,2006,55,67.4712921717973,,,
1700,2007,55,74.4141929762327,,,
1700,2008,55,79.7479920348578,,,
1700,2009,55,68.673142199791,,,
1700,2010,55,44.1432918113775,,,
1700,2011,55,44.3313973754476,,,
1700,2012,55,39.6570271654711,,,
1700,2013,55,37.5113183619111,,,
1700,2014,55,32.1925400076306,,,
1700,2015,55,27.1724545801626,,,
1700,2016,55,25.6926479568511,,,
1700,2017,55,41.0443062055515,,,
1700,2018,55,61.395110017578,,,
1700,2019,55,62.3003782302878,,,
1700,2020,55,53.1070769988551,,,
1700,2021,55,54.7477822134912,,,
1700,2022,55,60.0483582576289,,,
1700,2023,55,63.102194304905,,,
1700,2024,55,57.5295432552977,,,
1700,2025,55,57.4005392040216,,,
1700,1991,56,1.9,,,
1700,1992,56,2.9,,,
1700,1993,56,4.9,,,
1700,1994,56,7.3,,,
1700,1995,56,7.8,,,
1700,1996,56,10.7,,,
1700,1997,56,10.9,,,
1700,1998,56,13.3,,,
1700,1999,56,13.3,,,
1700,2000,56,12.301,,,
1700,2001,56,11.279,,,
1700,2002,56,10.256,,,
1700,2003,56,9.22,,,
1700,2004,56,8.152,,,
1700,2005,56,7.092,,,
1700,2006,56,6.035,,,
1700,2007,56,4.99,,,
1700,2008,56,4.89,,,
1700,2009,56,5.04,,,
1700,2010,56,5.36,,,
1700,2011,56,4.96,,,
1700,2012,56,4.87,,,
1700,2013,56,4.86,,,
1700,2014,56,5.09,,,
1700,2015,56,5.15,,,
1700,2016,56,5.16,,,
1700,2017,56,5.83,,,
1700,2018,56,5.392,,,
1700,2019,56,4.936,,,
1700,2020,56,5.293,,,
1700,2021,56,5.364,,,
1700,2022,56,4.456,,,
1700,2023,56,4.434,,,
1700,2024,56,4.439,,,
1700,2025,56,4.622,,,
