country_code,country_name,year,metric_code,value
ARM,Armenia,2012,wb_agriculture_pct_gdp,17.9126819526397
ARM,Armenia,2013,wb_agriculture_pct_gdp,18.4347628834968
ARM,Armenia,2014,wb_agriculture_pct_gdp,18.0720363470662
ARM,Armenia,2015,wb_agriculture_pct_gdp,17.2231200318056
ARM,Armenia,2016,wb_agriculture_pct_gdp,16.39047353385
ARM,Armenia,2017,wb_agriculture_pct_gdp,14.9942601242776
ARM,Armenia,2018,wb_agriculture_pct_gdp,13.9423116554146
ARM,Armenia,2019,wb_agriculture_pct_gdp,11.5256107379588
ARM,Armenia,2020,wb_agriculture_pct_gdp,11.3498051554549
ARM,Armenia,2021,wb_agriculture_pct_gdp,11.3435484176857
ARM,Armenia,2022,wb_agriculture_pct_gdp,10.1467039255683
ARM,Armenia,2023,wb_agriculture_pct_gdp,8.10223799188799
ARM,Armenia,2024,wb_agriculture_pct_gdp,7.80588621754673
ARM,Armenia,2025,wb_agriculture_pct_gdp,7.93468177320685
AZE,Azerbaijan,1990,wb_agriculture_pct_gdp,26.5006821282401
AZE,Azerbaijan,1991,wb_agriculture_pct_gdp,30.4827844311377
AZE,Azerbaijan,1992,wb_agriculture_pct_gdp,26.0596253189768
AZE,Azerbaijan,1993,wb_agriculture_pct_gdp,27.1095541401274
AZE,Azerbaijan,1994,wb_agriculture_pct_gdp,32.3456631972244
AZE,Azerbaijan,1995,wb_agriculture_pct_gdp,25.3444559002718
AZE,Azerbaijan,1996,wb_agriculture_pct_gdp,24.9615750567225
AZE,Azerbaijan,1997,wb_agriculture_pct_gdp,20.1279169173289
AZE,Azerbaijan,1998,wb_agriculture_pct_gdp,18.1479974423066
AZE,Azerbaijan,1999,wb_agriculture_pct_gdp,18.3995125956928
AZE,Azerbaijan,2000,wb_agriculture_pct_gdp,16.0848646701003
AZE,Azerbaijan,2001,wb_agriculture_pct_gdp,14.8374595530138
AZE,Azerbaijan,2002,wb_agriculture_pct_gdp,13.9546391752577
AZE,Azerbaijan,2003,wb_agriculture_pct_gdp,12.4256629119149
AZE,Azerbaijan,2004,wb_agriculture_pct_gdp,10.9880190382406
AZE,Azerbaijan,2005,wb_agriculture_pct_gdp,9.14753443801158
AZE,Azerbaijan,2006,wb_agriculture_pct_gdp,7.09103711685568
AZE,Azerbaijan,2007,wb_agriculture_pct_gdp,6.54008215652051
AZE,Azerbaijan,2008,wb_agriculture_pct_gdp,5.57089184098542
AZE,Azerbaijan,2009,wb_agriculture_pct_gdp,6.12193306461806
AZE,Azerbaijan,2010,wb_agriculture_pct_gdp,5.54456611326975
AZE,Azerbaijan,2011,wb_agriculture_pct_gdp,5.07622595138436
AZE,Azerbaijan,2012,wb_agriculture_pct_gdp,5.13976950772418
AZE,Azerbaijan,2013,wb_agriculture_pct_gdp,5.3662644804235
AZE,Azerbaijan,2014,wb_agriculture_pct_gdp,5.31940671805552
AZE,Azerbaijan,2015,wb_agriculture_pct_gdp,6.17763883780802
AZE,Azerbaijan,2016,wb_agriculture_pct_gdp,5.60511177455763
AZE,Azerbaijan,2017,wb_agriculture_pct_gdp,5.60736901068842
AZE,Azerbaijan,2018,wb_agriculture_pct_gdp,5.21238076212356
AZE,Azerbaijan,2019,wb_agriculture_pct_gdp,5.69538024963307
AZE,Azerbaijan,2020,wb_agriculture_pct_gdp,6.7389474235341
AZE,Azerbaijan,2021,wb_agriculture_pct_gdp,5.72598365721349
AZE,Azerbaijan,2022,wb_agriculture_pct_gdp,4.61220830811053
AZE,Azerbaijan,2023,wb_agriculture_pct_gdp,5.51058894617326
AZE,Azerbaijan,2024,wb_agriculture_pct_gdp,5.58264743029397
AZE,Azerbaijan,2025,wb_agriculture_pct_gdp,5.92521728352983
ECS,Europe & Central Asia,1990,wb_agriculture_pct_gdp,4.6785325441895
ECS,Europe & Central Asia,1991,wb_agriculture_pct_gdp,4.15427830752008
ECS,Europe & Central Asia,1992,wb_agriculture_pct_gdp,3.32469118162729
ECS,Europe & Central Asia,1993,wb_agriculture_pct_gdp,3.2556810216773
ECS,Europe & Central Asia,1994,wb_agriculture_pct_gdp,2.93936482347233
ECS,Europe & Central Asia,1995,wb_agriculture_pct_gdp,2.87129928181824
ECS,Europe & Central Asia,1996,wb_agriculture_pct_gdp,2.85082094289518
ECS,Europe & Central Asia,1997,wb_agriculture_pct_gdp,2.76853761167982
ECS,Europe & Central Asia,1998,wb_agriculture_pct_gdp,2.63121263556947
ECS,Europe & Central Asia,1999,wb_agriculture_pct_gdp,2.43193477301207
ECS,Europe & Central Asia,2000,wb_agriculture_pct_gdp,2.38432558450343
ECS,Europe & Central Asia,2001,wb_agriculture_pct_gdp,2.33908545203845
ECS,Europe & Central Asia,2002,wb_agriculture_pct_gdp,2.26721418342186
ECS,Europe & Central Asia,2003,wb_agriculture_pct_gdp,2.1959068923532
ECS,Europe & Central Asia,2004,wb_agriculture_pct_gdp,2.20143385240544
ECS,Europe & Central Asia,2005,wb_agriculture_pct_gdp,2.02214004166967
ECS,Europe & Central Asia,2006,wb_agriculture_pct_gdp,1.92761438067417
ECS,Europe & Central Asia,2007,wb_agriculture_pct_gdp,1.96143865710523
ECS,Europe & Central Asia,2008,wb_agriculture_pct_gdp,1.99103265777918
ECS,Europe & Central Asia,2009,wb_agriculture_pct_gdp,1.90135952476226
ECS,Europe & Central Asia,2010,wb_agriculture_pct_gdp,2.06229888974787
ECS,Europe & Central Asia,2011,wb_agriculture_pct_gdp,2.13126908512505
ECS,Europe & Central Asia,2012,wb_agriculture_pct_gdp,2.10739530861661
ECS,Europe & Central Asia,2013,wb_agriculture_pct_gdp,2.12085562106606
ECS,Europe & Central Asia,2014,wb_agriculture_pct_gdp,2.11667893512465
ECS,Europe & Central Asia,2015,wb_agriculture_pct_gdp,2.08663205991677
ECS,Europe & Central Asia,2016,wb_agriculture_pct_gdp,2.02967645434805
ECS,Europe & Central Asia,2017,wb_agriculture_pct_gdp,2.05315184980615
ECS,Europe & Central Asia,2018,wb_agriculture_pct_gdp,1.92086255991804
ECS,Europe & Central Asia,2019,wb_agriculture_pct_gdp,1.95659724926832
ECS,Europe & Central Asia,2020,wb_agriculture_pct_gdp,2.03235002552174
ECS,Europe & Central Asia,2021,wb_agriculture_pct_gdp,1.97141693410432
ECS,Europe & Central Asia,2022,wb_agriculture_pct_gdp,2.09908548847955
ECS,Europe & Central Asia,2023,wb_agriculture_pct_gdp,2.00347772713578
ECS,Europe & Central Asia,2024,wb_agriculture_pct_gdp,1.97692438805462
ECS,Europe & Central Asia,2025,wb_agriculture_pct_gdp,1.99516871884043
GEO,Georgia,1987,wb_agriculture_pct_gdp,22.5082647534642
GEO,Georgia,1988,wb_agriculture_pct_gdp,22.4918211559433
GEO,Georgia,1989,wb_agriculture_pct_gdp,21.5967674515814
GEO,Georgia,1990,wb_agriculture_pct_gdp,30.0681544834959
GEO,Georgia,1991,wb_agriculture_pct_gdp,26.7015706806283
GEO,Georgia,1992,wb_agriculture_pct_gdp,52.3458445040214
GEO,Georgia,1996,wb_agriculture_pct_gdp,33.1523846452113
GEO,Georgia,1997,wb_agriculture_pct_gdp,27.5066411995873
GEO,Georgia,1998,wb_agriculture_pct_gdp,26.2440015133112
GEO,Georgia,1999,wb_agriculture_pct_gdp,24.7217175013672
GEO,Georgia,2000,wb_agriculture_pct_gdp,20.6020089027155
GEO,Georgia,2001,wb_agriculture_pct_gdp,20.9619418639497
GEO,Georgia,2002,wb_agriculture_pct_gdp,19.2408798283262
GEO,Georgia,2003,wb_agriculture_pct_gdp,19.3015027848811
GEO,Georgia,2004,wb_agriculture_pct_gdp,16.3950612257362
GEO,Georgia,2005,wb_agriculture_pct_gdp,14.7699403660646
GEO,Georgia,2006,wb_agriculture_pct_gdp,11.1987759157064
GEO,Georgia,2007,wb_agriculture_pct_gdp,9.19570666949123
GEO,Georgia,2008,wb_agriculture_pct_gdp,8.13162847511651
GEO,Georgia,2009,wb_agriculture_pct_gdp,8.10130101189814
GEO,Georgia,2010,wb_agriculture_pct_gdp,8.86598672626304
GEO,Georgia,2011,wb_agriculture_pct_gdp,9.73887160427603
GEO,Georgia,2012,wb_agriculture_pct_gdp,8.56565938989856
GEO,Georgia,2013,wb_agriculture_pct_gdp,9.21478687624408
GEO,Georgia,2014,wb_agriculture_pct_gdp,9.2042368072631
GEO,Georgia,2015,wb_agriculture_pct_gdp,8.54206032187102
GEO,Georgia,2016,wb_agriculture_pct_gdp,8.00327332913851
GEO,Georgia,2017,wb_agriculture_pct_gdp,6.91860933720368
GEO,Georgia,2018,wb_agriculture_pct_gdp,7.56159033807908
GEO,Georgia,2019,wb_agriculture_pct_gdp,7.33548626473072
GEO,Georgia,2020,wb_agriculture_pct_gdp,8.31654843439314
GEO,Georgia,2021,wb_agriculture_pct_gdp,7.22731737039721
GEO,Georgia,2022,wb_agriculture_pct_gdp,6.63235520175679
GEO,Georgia,2023,wb_agriculture_pct_gdp,6.01579508133932
GEO,Georgia,2024,wb_agriculture_pct_gdp,5.4854426894458
GEO,Georgia,2025,wb_agriculture_pct_gdp,5.18170935466129
KAZ,Kazakhstan,1992,wb_agriculture_pct_gdp,23.3416252072968
KAZ,Kazakhstan,1993,wb_agriculture_pct_gdp,16.4384453031802
KAZ,Kazakhstan,1994,wb_agriculture_pct_gdp,14.9475474934635
KAZ,Kazakhstan,1995,wb_agriculture_pct_gdp,12.3293860124829
KAZ,Kazakhstan,1996,wb_agriculture_pct_gdp,12.1521551443733
KAZ,Kazakhstan,1997,wb_agriculture_pct_gdp,11.4067790275051
KAZ,Kazakhstan,1998,wb_agriculture_pct_gdp,8.56579510270654
KAZ,Kazakhstan,1999,wb_agriculture_pct_gdp,9.88634864043421
KAZ,Kazakhstan,2000,wb_agriculture_pct_gdp,8.11078388505165
KAZ,Kazakhstan,2001,wb_agriculture_pct_gdp,8.72483186377084
KAZ,Kazakhstan,2002,wb_agriculture_pct_gdp,7.99590909279888
KAZ,Kazakhstan,2003,wb_agriculture_pct_gdp,7.86220602699238
KAZ,Kazakhstan,2004,wb_agriculture_pct_gdp,7.12295798751998
KAZ,Kazakhstan,2005,wb_agriculture_pct_gdp,6.36952301555866
KAZ,Kazakhstan,2006,wb_agriculture_pct_gdp,5.49583486199441
KAZ,Kazakhstan,2007,wb_agriculture_pct_gdp,5.66029151907027
KAZ,Kazakhstan,2008,wb_agriculture_pct_gdp,5.31580324655219
KAZ,Kazakhstan,2009,wb_agriculture_pct_gdp,6.14688498650048
KAZ,Kazakhstan,2010,wb_agriculture_pct_gdp,4.51052752955614
KAZ,Kazakhstan,2011,wb_agriculture_pct_gdp,4.9889741557576
KAZ,Kazakhstan,2012,wb_agriculture_pct_gdp,4.28833015629833
KAZ,Kazakhstan,2013,wb_agriculture_pct_gdp,4.50354556962711
KAZ,Kazakhstan,2014,wb_agriculture_pct_gdp,4.32955246164473
KAZ,Kazakhstan,2015,wb_agriculture_pct_gdp,4.71054741881579
KAZ,Kazakhstan,2016,wb_agriculture_pct_gdp,4.55600427070659
KAZ,Kazakhstan,2017,wb_agriculture_pct_gdp,4.51698454026741
KAZ,Kazakhstan,2018,wb_agriculture_pct_gdp,4.39585810287636
KAZ,Kazakhstan,2019,wb_agriculture_pct_gdp,4.46633595812751
KAZ,Kazakhstan,2020,wb_agriculture_pct_gdp,5.3912826934481
KAZ,Kazakhstan,2021,wb_agriculture_pct_gdp,5.03000193996331
KAZ,Kazakhstan,2022,wb_agriculture_pct_gdp,5.24714480730074
KAZ,Kazakhstan,2023,wb_agriculture_pct_gdp,3.82500311361663
KAZ,Kazakhstan,2024,wb_agriculture_pct_gdp,3.88229151651226
KAZ,Kazakhstan,2025,wb_agriculture_pct_gdp,3.7437914177142
KGZ,Kyrgyz Republic,1988,wb_agriculture_pct_gdp,31.0850439882698
KGZ,Kyrgyz Republic,1989,wb_agriculture_pct_gdp,32.8
KGZ,Kyrgyz Republic,1990,wb_agriculture_pct_gdp,32.6635514018692
KGZ,Kyrgyz Republic,1991,wb_agriculture_pct_gdp,35.2767567567568
KGZ,Kyrgyz Republic,1992,wb_agriculture_pct_gdp,37.2650748684743
KGZ,Kyrgyz Republic,1993,wb_agriculture_pct_gdp,39.1058322595103
KGZ,Kyrgyz Republic,1994,wb_agriculture_pct_gdp,38.3644502129925
KGZ,Kyrgyz Republic,1995,wb_agriculture_pct_gdp,40.6816928975355
KGZ,Kyrgyz Republic,1996,wb_agriculture_pct_gdp,46.3176248862145
KGZ,Kyrgyz Republic,1997,wb_agriculture_pct_gdp,41.1876085603392
KGZ,Kyrgyz Republic,1998,wb_agriculture_pct_gdp,36.0552815273804
KGZ,Kyrgyz Republic,1999,wb_agriculture_pct_gdp,34.8816264565895
KGZ,Kyrgyz Republic,2000,wb_agriculture_pct_gdp,34.1877085637959
KGZ,Kyrgyz Republic,2001,wb_agriculture_pct_gdp,34.5410003586728
KGZ,Kyrgyz Republic,2002,wb_agriculture_pct_gdp,34.4047962763445
KGZ,Kyrgyz Republic,2003,wb_agriculture_pct_gdp,33.6222526391595
KGZ,Kyrgyz Republic,2004,wb_agriculture_pct_gdp,29.9044500994693
KGZ,Kyrgyz Republic,2005,wb_agriculture_pct_gdp,28.4832783609781
KGZ,Kyrgyz Republic,2006,wb_agriculture_pct_gdp,28.6802911420992
KGZ,Kyrgyz Republic,2007,wb_agriculture_pct_gdp,26.8802101795871
KGZ,Kyrgyz Republic,2008,wb_agriculture_pct_gdp,23.4855331532901
KGZ,Kyrgyz Republic,2009,wb_agriculture_pct_gdp,18.7607374707352
KGZ,Kyrgyz Republic,2010,wb_agriculture_pct_gdp,17.4482561772443
KGZ,Kyrgyz Republic,2011,wb_agriculture_pct_gdp,16.56531665018
KGZ,Kyrgyz Republic,2012,wb_agriculture_pct_gdp,16.654196378216
KGZ,Kyrgyz Republic,2013,wb_agriculture_pct_gdp,14.6378725497812
KGZ,Kyrgyz Republic,2014,wb_agriculture_pct_gdp,14.7186631194877
KGZ,Kyrgyz Republic,2015,wb_agriculture_pct_gdp,14.0607643300857
KGZ,Kyrgyz Republic,2016,wb_agriculture_pct_gdp,12.8344731564928
KGZ,Kyrgyz Republic,2017,wb_agriculture_pct_gdp,12.5145788958853
KGZ,Kyrgyz Republic,2018,wb_agriculture_pct_gdp,11.6752864842384
KGZ,Kyrgyz Republic,2019,wb_agriculture_pct_gdp,10.3739026248931
KGZ,Kyrgyz Republic,2020,wb_agriculture_pct_gdp,12.1696556730884
KGZ,Kyrgyz Republic,2021,wb_agriculture_pct_gdp,12.4122330298243
KGZ,Kyrgyz Republic,2022,wb_agriculture_pct_gdp,10.9968056651977
KGZ,Kyrgyz Republic,2023,wb_agriculture_pct_gdp,9.49216108207808
KGZ,Kyrgyz Republic,2024,wb_agriculture_pct_gdp,8.6216835341199
KGZ,Kyrgyz Republic,2025,wb_agriculture_pct_gdp,7.99943573872639
MNG,Mongolia,1987,wb_agriculture_pct_gdp,16.4175681066267
MNG,Mongolia,1988,wb_agriculture_pct_gdp,16.6293802847607
MNG,Mongolia,1989,wb_agriculture_pct_gdp,15.5150074825035
MNG,Mongolia,1990,wb_agriculture_pct_gdp,12.4738366427747
MNG,Mongolia,1991,wb_agriculture_pct_gdp,11.8115698150791
MNG,Mongolia,1992,wb_agriculture_pct_gdp,25.557106309353
MNG,Mongolia,1993,wb_agriculture_pct_gdp,25.7093652335307
MNG,Mongolia,1994,wb_agriculture_pct_gdp,27.4826138521656
MNG,Mongolia,1995,wb_agriculture_pct_gdp,32.5428245706631
MNG,Mongolia,1996,wb_agriculture_pct_gdp,38.4770045574782
MNG,Mongolia,1997,wb_agriculture_pct_gdp,32.2368838484952
MNG,Mongolia,1998,wb_agriculture_pct_gdp,32.4333687636968
MNG,Mongolia,1999,wb_agriculture_pct_gdp,31.6978330669609
MNG,Mongolia,2000,wb_agriculture_pct_gdp,27.4225306231533
MNG,Mongolia,2001,wb_agriculture_pct_gdp,22.9688875084999
MNG,Mongolia,2002,wb_agriculture_pct_gdp,18.919125275033
MNG,Mongolia,2003,wb_agriculture_pct_gdp,18.4395172051068
MNG,Mongolia,2004,wb_agriculture_pct_gdp,20.0297765271852
MNG,Mongolia,2005,wb_agriculture_pct_gdp,19.7979604915498
MNG,Mongolia,2006,wb_agriculture_pct_gdp,17.6436708395409
MNG,Mongolia,2007,wb_agriculture_pct_gdp,18.4279653888713
MNG,Mongolia,2008,wb_agriculture_pct_gdp,19.2151247825371
MNG,Mongolia,2009,wb_agriculture_pct_gdp,17.8644380709085
MNG,Mongolia,2010,wb_agriculture_pct_gdp,11.7325631980129
MNG,Mongolia,2011,wb_agriculture_pct_gdp,10.3073568180221
MNG,Mongolia,2012,wb_agriculture_pct_gdp,11.2580245572127
MNG,Mongolia,2013,wb_agriculture_pct_gdp,13.4140624660902
MNG,Mongolia,2014,wb_agriculture_pct_gdp,13.3412210879498
MNG,Mongolia,2015,wb_agriculture_pct_gdp,14.079203180176
MNG,Mongolia,2016,wb_agriculture_pct_gdp,12.6278436864479
MNG,Mongolia,2017,wb_agriculture_pct_gdp,11.1372332713568
MNG,Mongolia,2018,wb_agriculture_pct_gdp,11.4280045193059
MNG,Mongolia,2019,wb_agriculture_pct_gdp,11.5583828612266
MNG,Mongolia,2020,wb_agriculture_pct_gdp,12.9656563031474
MNG,Mongolia,2021,wb_agriculture_pct_gdp,13.1631741927742
MNG,Mongolia,2022,wb_agriculture_pct_gdp,13.0278534035361
MNG,Mongolia,2023,wb_agriculture_pct_gdp,9.92060281298024
MNG,Mongolia,2024,wb_agriculture_pct_gdp,7.2909521026131
MNG,Mongolia,2025,wb_agriculture_pct_gdp,8.93883278645661
TJK,Tajikistan,1987,wb_agriculture_pct_gdp,30.8064516129032
TJK,Tajikistan,1988,wb_agriculture_pct_gdp,31.6860465116279
TJK,Tajikistan,1989,wb_agriculture_pct_gdp,32.0289855072464
TJK,Tajikistan,1990,wb_agriculture_pct_gdp,33.3333333333333
TJK,Tajikistan,1991,wb_agriculture_pct_gdp,36.094674556213
TJK,Tajikistan,1992,wb_agriculture_pct_gdp,29.5208655332303
TJK,Tajikistan,1993,wb_agriculture_pct_gdp,20.9798319803128
TJK,Tajikistan,1994,wb_agriculture_pct_gdp,19.6381188118812
TJK,Tajikistan,1995,wb_agriculture_pct_gdp,36.6916905444126
TJK,Tajikistan,1996,wb_agriculture_pct_gdp,36.0359273670558
TJK,Tajikistan,1997,wb_agriculture_pct_gdp,32.0118294094944
TJK,Tajikistan,1998,wb_agriculture_pct_gdp,25.1013069345557
TJK,Tajikistan,1999,wb_agriculture_pct_gdp,25.3886394052045
TJK,Tajikistan,2000,wb_agriculture_pct_gdp,25.1245312587452
TJK,Tajikistan,2001,wb_agriculture_pct_gdp,23.8084093923083
TJK,Tajikistan,2002,wb_agriculture_pct_gdp,22.2320978875952
TJK,Tajikistan,2003,wb_agriculture_pct_gdp,24.1945646238501
TJK,Tajikistan,2004,wb_agriculture_pct_gdp,19.222350137013
TJK,Tajikistan,2005,wb_agriculture_pct_gdp,21.1916853994949
TJK,Tajikistan,2006,wb_agriculture_pct_gdp,21.4510669294712
TJK,Tajikistan,2007,wb_agriculture_pct_gdp,19.4347255630877
TJK,Tajikistan,2008,wb_agriculture_pct_gdp,19.8672841249223
TJK,Tajikistan,2009,wb_agriculture_pct_gdp,18.5520032964103
TJK,Tajikistan,2010,wb_agriculture_pct_gdp,19.5866775137511
TJK,Tajikistan,2011,wb_agriculture_pct_gdp,23.8355098416752
TJK,Tajikistan,2012,wb_agriculture_pct_gdp,23.3268165616333
TJK,Tajikistan,2013,wb_agriculture_pct_gdp,21.32088784652
TJK,Tajikistan,2014,wb_agriculture_pct_gdp,23.7737836738595
TJK,Tajikistan,2015,wb_agriculture_pct_gdp,21.5905747207608
TJK,Tajikistan,2016,wb_agriculture_pct_gdp,20.8569765086156
TJK,Tajikistan,2017,wb_agriculture_pct_gdp,20.2832963188861
TJK,Tajikistan,2018,wb_agriculture_pct_gdp,19.7719647842925
TJK,Tajikistan,2019,wb_agriculture_pct_gdp,20.8670733588001
TJK,Tajikistan,2020,wb_agriculture_pct_gdp,22.6904308448361
TJK,Tajikistan,2021,wb_agriculture_pct_gdp,22.4490805460825
TJK,Tajikistan,2022,wb_agriculture_pct_gdp,22.9348537040845
TJK,Tajikistan,2023,wb_agriculture_pct_gdp,22.8588621065173
TJK,Tajikistan,2024,wb_agriculture_pct_gdp,23.0548214545919
TKM,Turkmenistan,1987,wb_agriculture_pct_gdp,28.0
TKM,Turkmenistan,1988,wb_agriculture_pct_gdp,25.9259259259259
TKM,Turkmenistan,1989,wb_agriculture_pct_gdp,28.5714285714286
TKM,Turkmenistan,1990,wb_agriculture_pct_gdp,33.3333333333333
TKM,Turkmenistan,1991,wb_agriculture_pct_gdp,32.2033898305085
TKM,Turkmenistan,1992,wb_agriculture_pct_gdp,10.875
TKM,Turkmenistan,1993,wb_agriculture_pct_gdp,18.1636726546906
TKM,Turkmenistan,1994,wb_agriculture_pct_gdp,32.6834862385321
TKM,Turkmenistan,1995,wb_agriculture_pct_gdp,16.2116564417178
TKM,Turkmenistan,1996,wb_agriculture_pct_gdp,12.6322580645161
TKM,Turkmenistan,1997,wb_agriculture_pct_gdp,20.2340234023402
TKM,Turkmenistan,1998,wb_agriculture_pct_gdp,25.1589853519114
TKM,Turkmenistan,1999,wb_agriculture_pct_gdp,24.8416853652456
TKM,Turkmenistan,2000,wb_agriculture_pct_gdp,22.538770821367
TKM,Turkmenistan,2001,wb_agriculture_pct_gdp,23.0980446540008
TKM,Turkmenistan,2002,wb_agriculture_pct_gdp,20.9328028293546
TKM,Turkmenistan,2003,wb_agriculture_pct_gdp,19.1196027270432
TKM,Turkmenistan,2004,wb_agriculture_pct_gdp,18.3554592251422
TKM,Turkmenistan,2005,wb_agriculture_pct_gdp,18.5319970886289
TKM,Turkmenistan,2006,wb_agriculture_pct_gdp,17.1978740617556
TKM,Turkmenistan,2007,wb_agriculture_pct_gdp,18.8548148148148
TKM,Turkmenistan,2008,wb_agriculture_pct_gdp,10.7216494845361
TKM,Turkmenistan,2009,wb_agriculture_pct_gdp,10.5153529707868
TKM,Turkmenistan,2010,wb_agriculture_pct_gdp,11.3405425561667
TKM,Turkmenistan,2011,wb_agriculture_pct_gdp,8.88435455800276
TKM,Turkmenistan,2012,wb_agriculture_pct_gdp,8.50146680237083
TKM,Turkmenistan,2013,wb_agriculture_pct_gdp,8.47439420658294
TKM,Turkmenistan,2014,wb_agriculture_pct_gdp,8.2954435522879
TKM,Turkmenistan,2015,wb_agriculture_pct_gdp,9.30653875928778
TKM,Turkmenistan,2016,wb_agriculture_pct_gdp,10.5274383259738
TKM,Turkmenistan,2017,wb_agriculture_pct_gdp,11.1178074761568
TKM,Turkmenistan,2018,wb_agriculture_pct_gdp,11.0415688363389
TKM,Turkmenistan,2019,wb_agriculture_pct_gdp,10.8735150244584
TKM,Turkmenistan,2020,wb_agriculture_pct_gdp,11.5838634249365
TKM,Turkmenistan,2021,wb_agriculture_pct_gdp,11.9345152162615
TKM,Turkmenistan,2022,wb_agriculture_pct_gdp,11.0661103129735
TKM,Turkmenistan,2023,wb_agriculture_pct_gdp,11.7692627442089
TKM,Turkmenistan,2024,wb_agriculture_pct_gdp,12.166598020494
TKM,Turkmenistan,2025,wb_agriculture_pct_gdp,12.3560088049428
UZB,Uzbekistan,1987,wb_agriculture_pct_gdp,25.505152370824
UZB,Uzbekistan,1988,wb_agriculture_pct_gdp,28.0335012937491
UZB,Uzbekistan,1989,wb_agriculture_pct_gdp,31.1355788650726
UZB,Uzbekistan,1990,wb_agriculture_pct_gdp,33.1139918101534
UZB,Uzbekistan,1991,wb_agriculture_pct_gdp,37.0931919615658
UZB,Uzbekistan,1992,wb_agriculture_pct_gdp,35.1391853548148
UZB,Uzbekistan,1993,wb_agriculture_pct_gdp,27.5850886870416
UZB,Uzbekistan,1994,wb_agriculture_pct_gdp,34.3455984808316
UZB,Uzbekistan,1995,wb_agriculture_pct_gdp,28.0499215125601
UZB,Uzbekistan,1996,wb_agriculture_pct_gdp,22.3647561421471
UZB,Uzbekistan,1997,wb_agriculture_pct_gdp,28.1986118362458
UZB,Uzbekistan,1998,wb_agriculture_pct_gdp,26.8
UZB,Uzbekistan,1999,wb_agriculture_pct_gdp,29.0229534073079
UZB,Uzbekistan,2000,wb_agriculture_pct_gdp,30.05590367367
UZB,Uzbekistan,2001,wb_agriculture_pct_gdp,29.973808702008
UZB,Uzbekistan,2002,wb_agriculture_pct_gdp,30.1226812703015
UZB,Uzbekistan,2003,wb_agriculture_pct_gdp,28.4620073141
UZB,Uzbekistan,2004,wb_agriculture_pct_gdp,26.4440094608923
UZB,Uzbekistan,2005,wb_agriculture_pct_gdp,26.3310599495083
UZB,Uzbekistan,2006,wb_agriculture_pct_gdp,25.0794086599227
UZB,Uzbekistan,2007,wb_agriculture_pct_gdp,23.235899255055
UZB,Uzbekistan,2008,wb_agriculture_pct_gdp,19.6896057973097
UZB,Uzbekistan,2009,wb_agriculture_pct_gdp,18.6326849699042
UZB,Uzbekistan,2010,wb_agriculture_pct_gdp,24.0815269392886
UZB,Uzbekistan,2011,wb_agriculture_pct_gdp,26.469076721652
UZB,Uzbekistan,2012,wb_agriculture_pct_gdp,25.9172267873847
UZB,Uzbekistan,2013,wb_agriculture_pct_gdp,24.5690997967973
UZB,Uzbekistan,2014,wb_agriculture_pct_gdp,25.3540246715931
UZB,Uzbekistan,2015,wb_agriculture_pct_gdp,25.7597922930163
UZB,Uzbekistan,2016,wb_agriculture_pct_gdp,25.7139411156526
UZB,Uzbekistan,2017,wb_agriculture_pct_gdp,24.7588478005735
UZB,Uzbekistan,2018,wb_agriculture_pct_gdp,22.962221977009
UZB,Uzbekistan,2019,wb_agriculture_pct_gdp,21.1335355089228
UZB,Uzbekistan,2020,wb_agriculture_pct_gdp,21.5708620304833
UZB,Uzbekistan,2021,wb_agriculture_pct_gdp,21.4018272914351
UZB,Uzbekistan,2022,wb_agriculture_pct_gdp,20.3856963443599
UZB,Uzbekistan,2023,wb_agriculture_pct_gdp,19.6622079976968
UZB,Uzbekistan,2024,wb_agriculture_pct_gdp,17.7295044800399
UZB,Uzbekistan,2025,wb_agriculture_pct_gdp,16.5595763193311
VNM,Viet Nam,1987,wb_agriculture_pct_gdp,40.5574912891986
VNM,Viet Nam,1988,wb_agriculture_pct_gdp,46.2970168612192
VNM,Viet Nam,1989,wb_agriculture_pct_gdp,42.0674189299826
VNM,Viet Nam,1990,wb_agriculture_pct_gdp,38.73674174711
VNM,Viet Nam,1991,wb_agriculture_pct_gdp,40.4891339773424
VNM,Viet Nam,1992,wb_agriculture_pct_gdp,33.9385879202403
VNM,Viet Nam,1993,wb_agriculture_pct_gdp,29.8699539420211
VNM,Viet Nam,1994,wb_agriculture_pct_gdp,27.4278288729318
VNM,Viet Nam,1995,wb_agriculture_pct_gdp,27.1826887789875
VNM,Viet Nam,1996,wb_agriculture_pct_gdp,27.7588260377303
VNM,Viet Nam,1997,wb_agriculture_pct_gdp,25.7717067944634
VNM,Viet Nam,1998,wb_agriculture_pct_gdp,25.7807804064629
VNM,Viet Nam,1999,wb_agriculture_pct_gdp,25.4344379935091
VNM,Viet Nam,2000,wb_agriculture_pct_gdp,24.5345819955349
VNM,Viet Nam,2001,wb_agriculture_pct_gdp,23.2410475903552
VNM,Viet Nam,2002,wb_agriculture_pct_gdp,23.0294421776834
VNM,Viet Nam,2003,wb_agriculture_pct_gdp,22.5424367056108
VNM,Viet Nam,2004,wb_agriculture_pct_gdp,21.8076993514673
VNM,Viet Nam,2005,wb_agriculture_pct_gdp,19.2999788840494
VNM,Viet Nam,2006,wb_agriculture_pct_gdp,18.7267854535521
VNM,Viet Nam,2007,wb_agriculture_pct_gdp,18.655099701709
VNM,Viet Nam,2008,wb_agriculture_pct_gdp,20.4131439246507
VNM,Viet Nam,2009,wb_agriculture_pct_gdp,19.1684598670425
VNM,Viet Nam,2010,wb_agriculture_pct_gdp,15.3750906872381
VNM,Viet Nam,2011,wb_agriculture_pct_gdp,16.2591484896283
VNM,Viet Nam,2012,wb_agriculture_pct_gdp,16.199507640393
VNM,Viet Nam,2013,wb_agriculture_pct_gdp,15.2156122465127
VNM,Viet Nam,2014,wb_agriculture_pct_gdp,14.8803489262722
VNM,Viet Nam,2015,wb_agriculture_pct_gdp,14.4747261789547
VNM,Viet Nam,2016,wb_agriculture_pct_gdp,13.8182553730866
VNM,Viet Nam,2017,wb_agriculture_pct_gdp,12.9298794852362
VNM,Viet Nam,2018,wb_agriculture_pct_gdp,12.3066684310428
VNM,Viet Nam,2019,wb_agriculture_pct_gdp,11.7845285540387
VNM,Viet Nam,2020,wb_agriculture_pct_gdp,12.6554035685556
VNM,Viet Nam,2021,wb_agriculture_pct_gdp,12.6030904652745
VNM,Viet Nam,2022,wb_agriculture_pct_gdp,11.8802998248459
VNM,Viet Nam,2023,wb_agriculture_pct_gdp,11.8713266425191
VNM,Viet Nam,2024,wb_agriculture_pct_gdp,12.0289339019357
VNM,Viet Nam,2025,wb_agriculture_pct_gdp,11.6440301326976
XN,Lower middle income,1987,wb_agriculture_pct_gdp,25.5583033522051
XN,Lower middle income,1988,wb_agriculture_pct_gdp,25.9880956272719
XN,Lower middle income,1989,wb_agriculture_pct_gdp,26.0084806980155
XN,Lower middle income,1990,wb_agriculture_pct_gdp,25.7109808207362
XN,Lower middle income,1991,wb_agriculture_pct_gdp,25.2045776314764
XN,Lower middle income,1992,wb_agriculture_pct_gdp,24.1916693084663
XN,Lower middle income,1993,wb_agriculture_pct_gdp,23.7906649998331
XN,Lower middle income,1994,wb_agriculture_pct_gdp,24.3610310794475
XN,Lower middle income,1995,wb_agriculture_pct_gdp,23.0888623218278
XN,Lower middle income,1996,wb_agriculture_pct_gdp,23.8441578119043
XN,Lower middle income,1997,wb_agriculture_pct_gdp,23.3867920505267
XN,Lower middle income,1998,wb_agriculture_pct_gdp,23.2481439020718
XN,Lower middle income,1999,wb_agriculture_pct_gdp,21.2383944019663
XN,Lower middle income,2000,wb_agriculture_pct_gdp,20.0078685859782
XN,Lower middle income,2001,wb_agriculture_pct_gdp,19.9035033850706
XN,Lower middle income,2002,wb_agriculture_pct_gdp,20.290982379506
XN,Lower middle income,2003,wb_agriculture_pct_gdp,20.405942685981
XN,Lower middle income,2004,wb_agriculture_pct_gdp,18.6794012069348
XN,Lower middle income,2005,wb_agriculture_pct_gdp,18.1710901989306
XN,Lower middle income,2006,wb_agriculture_pct_gdp,17.3962785980147
XN,Lower middle income,2007,wb_agriculture_pct_gdp,17.1399960089462
XN,Lower middle income,2008,wb_agriculture_pct_gdp,16.9511926225521
XN,Lower middle income,2009,wb_agriculture_pct_gdp,17.0507942375692
XN,Lower middle income,2010,wb_agriculture_pct_gdp,17.082047846996
XN,Lower middle income,2011,wb_agriculture_pct_gdp,17.5683303530714
XN,Lower middle income,2012,wb_agriculture_pct_gdp,16.904492480284
XN,Lower middle income,2013,wb_agriculture_pct_gdp,17.3934867886846
XN,Lower middle income,2014,wb_agriculture_pct_gdp,17.3332978596723
XN,Lower middle income,2015,wb_agriculture_pct_gdp,17.5679575496138
XN,Lower middle income,2016,wb_agriculture_pct_gdp,17.5395936534184
XN,Lower middle income,2017,wb_agriculture_pct_gdp,17.4142982931542
XN,Lower middle income,2018,wb_agriculture_pct_gdp,17.0856907490518
XN,Lower middle income,2019,wb_agriculture_pct_gdp,18.1893980461729
XN,Lower middle income,2020,wb_agriculture_pct_gdp,19.7882693624988
XN,Lower middle income,2021,wb_agriculture_pct_gdp,19.1305468479012
XN,Lower middle income,2022,wb_agriculture_pct_gdp,19.2211743001237
XN,Lower middle income,2023,wb_agriculture_pct_gdp,18.6521003021245
XN,Lower middle income,2024,wb_agriculture_pct_gdp,18.3205620110468
XN,Lower middle income,2025,wb_agriculture_pct_gdp,17.7558923241116
XT,Upper middle income,1987,wb_agriculture_pct_gdp,15.3350882320151
XT,Upper middle income,1988,wb_agriculture_pct_gdp,15.4082410744621
XT,Upper middle income,1989,wb_agriculture_pct_gdp,14.648340668023
XT,Upper middle income,1990,wb_agriculture_pct_gdp,13.6549184198195
XT,Upper middle income,1991,wb_agriculture_pct_gdp,13.231140602613
XT,Upper middle income,1992,wb_agriculture_pct_gdp,12.3976447998382
XT,Upper middle income,1993,wb_agriculture_pct_gdp,11.0524782786186
XT,Upper middle income,1994,wb_agriculture_pct_gdp,11.2487109040659
XT,Upper middle income,1995,wb_agriculture_pct_gdp,10.943898010876
XT,Upper middle income,1996,wb_agriculture_pct_gdp,10.915390618805
XT,Upper middle income,1997,wb_agriculture_pct_gdp,10.2291438841721
XT,Upper middle income,1998,wb_agriculture_pct_gdp,10.1475913536313
XT,Upper middle income,1999,wb_agriculture_pct_gdp,9.85959508478896
XT,Upper middle income,2000,wb_agriculture_pct_gdp,8.94656985737259
XT,Upper middle income,2001,wb_agriculture_pct_gdp,8.84750196633489
XT,Upper middle income,2002,wb_agriculture_pct_gdp,9.28105732884538
XT,Upper middle income,2003,wb_agriculture_pct_gdp,9.0829772767092
XT,Upper middle income,2004,wb_agriculture_pct_gdp,9.02888380808808
XT,Upper middle income,2005,wb_agriculture_pct_gdp,8.19655529584431
XT,Upper middle income,2006,wb_agriculture_pct_gdp,7.72668540722979
XT,Upper middle income,2007,wb_agriculture_pct_gdp,7.73679801825373
XT,Upper middle income,2008,wb_agriculture_pct_gdp,7.88140989379887
XT,Upper middle income,2009,wb_agriculture_pct_gdp,7.94980029118926
XT,Upper middle income,2010,wb_agriculture_pct_gdp,7.73698098818345
XT,Upper middle income,2011,wb_agriculture_pct_gdp,7.67430041995344
XT,Upper middle income,2012,wb_agriculture_pct_gdp,7.65465484760884
XT,Upper middle income,2013,wb_agriculture_pct_gdp,7.69246853084238
XT,Upper middle income,2014,wb_agriculture_pct_gdp,7.58915091894384
XT,Upper middle income,2015,wb_agriculture_pct_gdp,7.5925474650819
XT,Upper middle income,2016,wb_agriculture_pct_gdp,7.50691265965284
XT,Upper middle income,2017,wb_agriculture_pct_gdp,7.06735687052149
XT,Upper middle income,2018,wb_agriculture_pct_gdp,6.7836706641491
XT,Upper middle income,2019,wb_agriculture_pct_gdp,6.88480800503611
XT,Upper middle income,2020,wb_agriculture_pct_gdp,7.60509447839614
XT,Upper middle income,2021,wb_agriculture_pct_gdp,7.28157247063471
XT,Upper middle income,2022,wb_agriculture_pct_gdp,7.19793071565628
XT,Upper middle income,2023,wb_agriculture_pct_gdp,7.00940129689282
XT,Upper middle income,2024,wb_agriculture_pct_gdp,6.95689166141098
XT,Upper middle income,2025,wb_agriculture_pct_gdp,6.87498225162687
ARM,Armenia,1990,wb_capital_formation_pct_gdp,47.1476843569867
ARM,Armenia,1991,wb_capital_formation_pct_gdp,39.7791441837119
ARM,Armenia,1992,wb_capital_formation_pct_gdp,1.6312582610658
ARM,Armenia,1993,wb_capital_formation_pct_gdp,9.8722030338445
ARM,Armenia,1994,wb_capital_formation_pct_gdp,27.9421579326358
ARM,Armenia,1995,wb_capital_formation_pct_gdp,20.8085693442274
ARM,Armenia,1996,wb_capital_formation_pct_gdp,21.0954471662552
ARM,Armenia,1997,wb_capital_formation_pct_gdp,23.2656792922768
ARM,Armenia,1998,wb_capital_formation_pct_gdp,22.6863518699904
ARM,Armenia,1999,wb_capital_formation_pct_gdp,20.7688804703858
ARM,Armenia,2000,wb_capital_formation_pct_gdp,21.92233140183
ARM,Armenia,2001,wb_capital_formation_pct_gdp,22.9043552862001
ARM,Armenia,2002,wb_capital_formation_pct_gdp,25.4182967616869
ARM,Armenia,2003,wb_capital_formation_pct_gdp,28.3479499830947
ARM,Armenia,2004,wb_capital_formation_pct_gdp,29.1225577000264
ARM,Armenia,2005,wb_capital_formation_pct_gdp,35.765438994108
ARM,Armenia,2006,wb_capital_formation_pct_gdp,42.2254576837845
ARM,Armenia,2007,wb_capital_formation_pct_gdp,44.3516229755633
ARM,Armenia,2008,wb_capital_formation_pct_gdp,47.9428358213473
ARM,Armenia,2009,wb_capital_formation_pct_gdp,41.1450508029059
ARM,Armenia,2010,wb_capital_formation_pct_gdp,38.8147549853077
ARM,Armenia,2011,wb_capital_formation_pct_gdp,31.9217989798477
ARM,Armenia,2012,wb_capital_formation_pct_gdp,24.6809527475996
ARM,Armenia,2013,wb_capital_formation_pct_gdp,22.1524900726313
ARM,Armenia,2014,wb_capital_formation_pct_gdp,21.2830406859193
ARM,Armenia,2015,wb_capital_formation_pct_gdp,20.7305301265762
ARM,Armenia,2016,wb_capital_formation_pct_gdp,18.0155086734171
ARM,Armenia,2017,wb_capital_formation_pct_gdp,18.4217402148728
ARM,Armenia,2018,wb_capital_formation_pct_gdp,22.3997393267701
ARM,Armenia,2019,wb_capital_formation_pct_gdp,17.4085294108567
ARM,Armenia,2020,wb_capital_formation_pct_gdp,19.663832943599
ARM,Armenia,2021,wb_capital_formation_pct_gdp,22.9638762261581
ARM,Armenia,2022,wb_capital_formation_pct_gdp,22.2551321660516
ARM,Armenia,2023,wb_capital_formation_pct_gdp,22.9413054452812
ARM,Armenia,2024,wb_capital_formation_pct_gdp,23.8327452429021
ARM,Armenia,2025,wb_capital_formation_pct_gdp,24.2105870879516
AZE,Azerbaijan,1990,wb_capital_formation_pct_gdp,26.5347885402456
AZE,Azerbaijan,1991,wb_capital_formation_pct_gdp,3.1062874251497
AZE,Azerbaijan,1992,wb_capital_formation_pct_gdp,-0.692931681915313
AZE,Azerbaijan,1993,wb_capital_formation_pct_gdp,21.7974522292994
AZE,Azerbaijan,1994,wb_capital_formation_pct_gdp,15.3130504403523
AZE,Azerbaijan,1995,wb_capital_formation_pct_gdp,23.7791733058393
AZE,Azerbaijan,1996,wb_capital_formation_pct_gdp,29.0016833784674
AZE,Azerbaijan,1997,wb_capital_formation_pct_gdp,34.2367729474717
AZE,Azerbaijan,1998,wb_capital_formation_pct_gdp,33.3662733244202
AZE,Azerbaijan,1999,wb_capital_formation_pct_gdp,26.4946623930492
AZE,Azerbaijan,2000,wb_capital_formation_pct_gdp,20.6735762277188
AZE,Azerbaijan,2001,wb_capital_formation_pct_gdp,20.6768756114079
AZE,Azerbaijan,2002,wb_capital_formation_pct_gdp,34.5764948453608
AZE,Azerbaijan,2003,wb_capital_formation_pct_gdp,53.1714825439026
AZE,Azerbaijan,2004,wb_capital_formation_pct_gdp,57.9904339874798
AZE,Azerbaijan,2005,wb_capital_formation_pct_gdp,41.5348372928728
AZE,Azerbaijan,2006,wb_capital_formation_pct_gdp,29.8593848353266
AZE,Azerbaijan,2007,wb_capital_formation_pct_gdp,21.5250083743234
AZE,Azerbaijan,2008,wb_capital_formation_pct_gdp,18.6936308461975
AZE,Azerbaijan,2009,wb_capital_formation_pct_gdp,18.9486398045026
AZE,Azerbaijan,2010,wb_capital_formation_pct_gdp,18.0595784763923
AZE,Azerbaijan,2011,wb_capital_formation_pct_gdp,20.2678468568795
AZE,Azerbaijan,2012,wb_capital_formation_pct_gdp,22.3167232028526
AZE,Azerbaijan,2013,wb_capital_formation_pct_gdp,25.6579354439517
AZE,Azerbaijan,2014,wb_capital_formation_pct_gdp,27.5100357372221
AZE,Azerbaijan,2015,wb_capital_formation_pct_gdp,27.9135711658698
AZE,Azerbaijan,2016,wb_capital_formation_pct_gdp,25.6813382496045
AZE,Azerbaijan,2017,wb_capital_formation_pct_gdp,24.3789256985575
AZE,Azerbaijan,2018,wb_capital_formation_pct_gdp,20.1294761024821
AZE,Azerbaijan,2019,wb_capital_formation_pct_gdp,20.3077798481492
AZE,Azerbaijan,2020,wb_capital_formation_pct_gdp,23.6659543305763
AZE,Azerbaijan,2021,wb_capital_formation_pct_gdp,17.0785981597198
AZE,Azerbaijan,2022,wb_capital_formation_pct_gdp,12.0037141895326
AZE,Azerbaijan,2023,wb_capital_formation_pct_gdp,17.7431851628057
AZE,Azerbaijan,2024,wb_capital_formation_pct_gdp,20.7000716068547
AZE,Azerbaijan,2025,wb_capital_formation_pct_gdp,18.8877097308938
ECS,Europe & Central Asia,1987,wb_capital_formation_pct_gdp,23.6879354408617
ECS,Europe & Central Asia,1988,wb_capital_formation_pct_gdp,24.9363355600031
ECS,Europe & Central Asia,1989,wb_capital_formation_pct_gdp,26.0386171150273
ECS,Europe & Central Asia,1990,wb_capital_formation_pct_gdp,25.5386724553042
ECS,Europe & Central Asia,1991,wb_capital_formation_pct_gdp,24.8868067501183
ECS,Europe & Central Asia,1992,wb_capital_formation_pct_gdp,23.7936205084036
ECS,Europe & Central Asia,1993,wb_capital_formation_pct_gdp,21.890846939568
ECS,Europe & Central Asia,1994,wb_capital_formation_pct_gdp,22.1541103990598
ECS,Europe & Central Asia,1995,wb_capital_formation_pct_gdp,22.3698883366056
ECS,Europe & Central Asia,1996,wb_capital_formation_pct_gdp,21.8523988927336
ECS,Europe & Central Asia,1997,wb_capital_formation_pct_gdp,21.6598433265804
ECS,Europe & Central Asia,1998,wb_capital_formation_pct_gdp,22.133762529359
ECS,Europe & Central Asia,1999,wb_capital_formation_pct_gdp,22.0725977065511
ECS,Europe & Central Asia,2000,wb_capital_formation_pct_gdp,22.6407301116796
ECS,Europe & Central Asia,2001,wb_capital_formation_pct_gdp,22.2281288444305
ECS,Europe & Central Asia,2002,wb_capital_formation_pct_gdp,21.3878935192339
ECS,Europe & Central Asia,2003,wb_capital_formation_pct_gdp,21.3254609092343
ECS,Europe & Central Asia,2004,wb_capital_formation_pct_gdp,21.5627099861409
ECS,Europe & Central Asia,2005,wb_capital_formation_pct_gdp,21.9286294175871
ECS,Europe & Central Asia,2006,wb_capital_formation_pct_gdp,22.9741803313575
ECS,Europe & Central Asia,2007,wb_capital_formation_pct_gdp,23.8741443837618
ECS,Europe & Central Asia,2008,wb_capital_formation_pct_gdp,23.6665038174061
ECS,Europe & Central Asia,2009,wb_capital_formation_pct_gdp,20.3077258288673
ECS,Europe & Central Asia,2010,wb_capital_formation_pct_gdp,21.1447903575697
ECS,Europe & Central Asia,2011,wb_capital_formation_pct_gdp,21.9398714464428
ECS,Europe & Central Asia,2012,wb_capital_formation_pct_gdp,20.9472265780878
ECS,Europe & Central Asia,2013,wb_capital_formation_pct_gdp,20.695733653223
ECS,Europe & Central Asia,2014,wb_capital_formation_pct_gdp,20.9373573233372
ECS,Europe & Central Asia,2015,wb_capital_formation_pct_gdp,21.1626711320179
ECS,Europe & Central Asia,2016,wb_capital_formation_pct_gdp,21.364987920803
ECS,Europe & Central Asia,2017,wb_capital_formation_pct_gdp,22.0063136178107
ECS,Europe & Central Asia,2018,wb_capital_formation_pct_gdp,22.1864664387018
ECS,Europe & Central Asia,2019,wb_capital_formation_pct_gdp,22.6219279769826
ECS,Europe & Central Asia,2020,wb_capital_formation_pct_gdp,22.6408234345182
ECS,Europe & Central Asia,2021,wb_capital_formation_pct_gdp,23.1398911666167
ECS,Europe & Central Asia,2022,wb_capital_formation_pct_gdp,23.8720793183024
ECS,Europe & Central Asia,2023,wb_capital_formation_pct_gdp,23.2092200023965
ECS,Europe & Central Asia,2024,wb_capital_formation_pct_gdp,22.4573658055355
ECS,Europe & Central Asia,2025,wb_capital_formation_pct_gdp,22.926258994668
GEO,Georgia,1987,wb_capital_formation_pct_gdp,28.838714215376
GEO,Georgia,1988,wb_capital_formation_pct_gdp,30.6706652126499
GEO,Georgia,1989,wb_capital_formation_pct_gdp,27.866796711718
GEO,Georgia,1990,wb_capital_formation_pct_gdp,30.7363356942403
GEO,Georgia,1991,wb_capital_formation_pct_gdp,28.2722513089005
GEO,Georgia,1992,wb_capital_formation_pct_gdp,23.3914209115282
GEO,Georgia,1993,wb_capital_formation_pct_gdp,5.99991461800706
GEO,Georgia,1994,wb_capital_formation_pct_gdp,2.64656987698105
GEO,Georgia,1995,wb_capital_formation_pct_gdp,4.03290267446782
GEO,Georgia,1996,wb_capital_formation_pct_gdp,19.5957321959416
GEO,Georgia,1997,wb_capital_formation_pct_gdp,17.83745856111
GEO,Georgia,1998,wb_capital_formation_pct_gdp,27.1704525995102
GEO,Georgia,1999,wb_capital_formation_pct_gdp,26.4529962778062
GEO,Georgia,2000,wb_capital_formation_pct_gdp,26.581315880922
GEO,Georgia,2001,wb_capital_formation_pct_gdp,30.3277464788732
GEO,Georgia,2002,wb_capital_formation_pct_gdp,28.5011829399142
GEO,Georgia,2003,wb_capital_formation_pct_gdp,29.0958769748135
GEO,Georgia,2004,wb_capital_formation_pct_gdp,30.9874494874953
GEO,Georgia,2005,wb_capital_formation_pct_gdp,33.3296044196233
GEO,Georgia,2006,wb_capital_formation_pct_gdp,29.7348059086723
GEO,Georgia,2007,wb_capital_formation_pct_gdp,33.4545540138168
GEO,Georgia,2008,wb_capital_formation_pct_gdp,27.6897912964157
GEO,Georgia,2009,wb_capital_formation_pct_gdp,13.9858779050373
GEO,Georgia,2010,wb_capital_formation_pct_gdp,20.929149397264
GEO,Georgia,2011,wb_capital_formation_pct_gdp,23.1207490708456
GEO,Georgia,2012,wb_capital_formation_pct_gdp,26.0276223249812
GEO,Georgia,2013,wb_capital_formation_pct_gdp,21.7000864850024
GEO,Georgia,2014,wb_capital_formation_pct_gdp,25.6503571653742
GEO,Georgia,2015,wb_capital_formation_pct_gdp,26.8771593145768
GEO,Georgia,2016,wb_capital_formation_pct_gdp,28.9031069953219
GEO,Georgia,2017,wb_capital_formation_pct_gdp,25.1248176100629
GEO,Georgia,2018,wb_capital_formation_pct_gdp,27.9262958963283
GEO,Georgia,2019,wb_capital_formation_pct_gdp,27.1682284921369
GEO,Georgia,2020,wb_capital_formation_pct_gdp,24.6056865974412
GEO,Georgia,2021,wb_capital_formation_pct_gdp,20.6788502074962
GEO,Georgia,2022,wb_capital_formation_pct_gdp,24.0666627779303
GEO,Georgia,2023,wb_capital_formation_pct_gdp,24.9987945206376
GEO,Georgia,2024,wb_capital_formation_pct_gdp,24.4998956717628
GEO,Georgia,2025,wb_capital_formation_pct_gdp,21.2783084109128
KAZ,Kazakhstan,1992,wb_capital_formation_pct_gdp,31.5091210613599
KAZ,Kazakhstan,1993,wb_capital_formation_pct_gdp,20.0250823332688
KAZ,Kazakhstan,1994,wb_capital_formation_pct_gdp,28.7040745386673
KAZ,Kazakhstan,1995,wb_capital_formation_pct_gdp,23.319259704789
KAZ,Kazakhstan,1996,wb_capital_formation_pct_gdp,16.1466394801284
KAZ,Kazakhstan,1997,wb_capital_formation_pct_gdp,15.5982639039436
KAZ,Kazakhstan,1998,wb_capital_formation_pct_gdp,15.8045617414779
KAZ,Kazakhstan,1999,wb_capital_formation_pct_gdp,17.7761650475639
KAZ,Kazakhstan,2000,wb_capital_formation_pct_gdp,18.139048031664
KAZ,Kazakhstan,2001,wb_capital_formation_pct_gdp,26.8764228364096
KAZ,Kazakhstan,2002,wb_capital_formation_pct_gdp,27.2877232823977
KAZ,Kazakhstan,2003,wb_capital_formation_pct_gdp,25.703912594675
KAZ,Kazakhstan,2004,wb_capital_formation_pct_gdp,26.3110896798392
KAZ,Kazakhstan,2005,wb_capital_formation_pct_gdp,30.9697680425121
KAZ,Kazakhstan,2006,wb_capital_formation_pct_gdp,33.9007913190431
KAZ,Kazakhstan,2007,wb_capital_formation_pct_gdp,35.5266994941709
KAZ,Kazakhstan,2008,wb_capital_formation_pct_gdp,27.5064843034904
KAZ,Kazakhstan,2009,wb_capital_formation_pct_gdp,29.4145645191248
KAZ,Kazakhstan,2010,wb_capital_formation_pct_gdp,25.3735490201768
KAZ,Kazakhstan,2011,wb_capital_formation_pct_gdp,22.9981460184012
KAZ,Kazakhstan,2012,wb_capital_formation_pct_gdp,25.2296602336096
KAZ,Kazakhstan,2013,wb_capital_formation_pct_gdp,24.5696053585629
KAZ,Kazakhstan,2014,wb_capital_formation_pct_gdp,25.7902472414133
KAZ,Kazakhstan,2015,wb_capital_formation_pct_gdp,27.9079156027413
KAZ,Kazakhstan,2016,wb_capital_formation_pct_gdp,27.8275828886455
KAZ,Kazakhstan,2017,wb_capital_formation_pct_gdp,26.3524825267661
KAZ,Kazakhstan,2018,wb_capital_formation_pct_gdp,25.258212709599
KAZ,Kazakhstan,2019,wb_capital_formation_pct_gdp,27.6275749485747
KAZ,Kazakhstan,2020,wb_capital_formation_pct_gdp,28.8069153648376
KAZ,Kazakhstan,2021,wb_capital_formation_pct_gdp,26.5334355873452
KAZ,Kazakhstan,2022,wb_capital_formation_pct_gdp,24.9759095791804
KAZ,Kazakhstan,2023,wb_capital_formation_pct_gdp,28.157135537565
KAZ,Kazakhstan,2024,wb_capital_formation_pct_gdp,27.2119249591734
KGZ,Kyrgyz Republic,1987,wb_capital_formation_pct_gdp,31.2703583061889
KGZ,Kyrgyz Republic,1988,wb_capital_formation_pct_gdp,31.0850439882698
KGZ,Kyrgyz Republic,1989,wb_capital_formation_pct_gdp,35.4666666666667
KGZ,Kyrgyz Republic,1990,wb_capital_formation_pct_gdp,24.0654205607477
KGZ,Kyrgyz Republic,1991,wb_capital_formation_pct_gdp,15.3513513513514
KGZ,Kyrgyz Republic,1992,wb_capital_formation_pct_gdp,19.9244570349386
KGZ,Kyrgyz Republic,1993,wb_capital_formation_pct_gdp,11.6663865389284
KGZ,Kyrgyz Republic,1994,wb_capital_formation_pct_gdp,9.01307907348243
KGZ,Kyrgyz Republic,1995,wb_capital_formation_pct_gdp,18.3405491449418
KGZ,Kyrgyz Republic,1996,wb_capital_formation_pct_gdp,25.1973349630117
KGZ,Kyrgyz Republic,1997,wb_capital_formation_pct_gdp,21.6801311360015
KGZ,Kyrgyz Republic,1998,wb_capital_formation_pct_gdp,15.4440719221565
KGZ,Kyrgyz Republic,1999,wb_capital_formation_pct_gdp,18.0262186115214
KGZ,Kyrgyz Republic,2000,wb_capital_formation_pct_gdp,20.010037072908
KGZ,Kyrgyz Republic,2001,wb_capital_formation_pct_gdp,17.9992826544492
KGZ,Kyrgyz Republic,2002,wb_capital_formation_pct_gdp,17.6066915405722
KGZ,Kyrgyz Republic,2003,wb_capital_formation_pct_gdp,11.8300159529947
KGZ,Kyrgyz Republic,2004,wb_capital_formation_pct_gdp,14.4883927729206
KGZ,Kyrgyz Republic,2005,wb_capital_formation_pct_gdp,16.4182074783546
KGZ,Kyrgyz Republic,2006,wb_capital_formation_pct_gdp,24.195760812161
KGZ,Kyrgyz Republic,2007,wb_capital_formation_pct_gdp,26.6429970323691
KGZ,Kyrgyz Republic,2008,wb_capital_formation_pct_gdp,28.9489600349802
KGZ,Kyrgyz Republic,2009,wb_capital_formation_pct_gdp,27.2703554118343
KGZ,Kyrgyz Republic,2010,wb_capital_formation_pct_gdp,27.4015935976563
KGZ,Kyrgyz Republic,2011,wb_capital_formation_pct_gdp,25.4729638297404
KGZ,Kyrgyz Republic,2012,wb_capital_formation_pct_gdp,34.961073696667
KGZ,Kyrgyz Republic,2013,wb_capital_formation_pct_gdp,33.8988355585277
KGZ,Kyrgyz Republic,2014,wb_capital_formation_pct_gdp,36.7567270785188
KGZ,Kyrgyz Republic,2015,wb_capital_formation_pct_gdp,34.6714692626578
KGZ,Kyrgyz Republic,2016,wb_capital_formation_pct_gdp,33.9391792937351
KGZ,Kyrgyz Republic,2017,wb_capital_formation_pct_gdp,32.9020914624365
KGZ,Kyrgyz Republic,2018,wb_capital_formation_pct_gdp,36.0166291525462
KGZ,Kyrgyz Republic,2019,wb_capital_formation_pct_gdp,34.4462636342397
KGZ,Kyrgyz Republic,2020,wb_capital_formation_pct_gdp,25.0304913984711
KGZ,Kyrgyz Republic,2021,wb_capital_formation_pct_gdp,26.4936655518147
KGZ,Kyrgyz Republic,2022,wb_capital_formation_pct_gdp,35.6406881799816
KGZ,Kyrgyz Republic,2023,wb_capital_formation_pct_gdp,34.4590059457311
KGZ,Kyrgyz Republic,2024,wb_capital_formation_pct_gdp,21.5271206231925
KGZ,Kyrgyz Republic,2025,wb_capital_formation_pct_gdp,27.9650862325005
MNG,Mongolia,1987,wb_capital_formation_pct_gdp,50.8314408909772
MNG,Mongolia,1988,wb_capital_formation_pct_gdp,46.8027904885571
MNG,Mongolia,1989,wb_capital_formation_pct_gdp,47.8010959825887
MNG,Mongolia,1990,wb_capital_formation_pct_gdp,29.0673253770095
MNG,Mongolia,1991,wb_capital_formation_pct_gdp,30.9643591559953
MNG,Mongolia,1992,wb_capital_formation_pct_gdp,25.6548697879487
MNG,Mongolia,1993,wb_capital_formation_pct_gdp,21.0659575413413
MNG,Mongolia,1994,wb_capital_formation_pct_gdp,19.0665976685934
MNG,Mongolia,1995,wb_capital_formation_pct_gdp,26.784995815134
MNG,Mongolia,1996,wb_capital_formation_pct_gdp,26.2010287581871
MNG,Mongolia,1997,wb_capital_formation_pct_gdp,25.0346861382196
MNG,Mongolia,1998,wb_capital_formation_pct_gdp,30.4655243154493
MNG,Mongolia,1999,wb_capital_formation_pct_gdp,31.6881228223749
MNG,Mongolia,2000,wb_capital_formation_pct_gdp,29.0107404848956
MNG,Mongolia,2001,wb_capital_formation_pct_gdp,25.173949785278
MNG,Mongolia,2002,wb_capital_formation_pct_gdp,24.6417075952243
MNG,Mongolia,2003,wb_capital_formation_pct_gdp,32.2627884248842
MNG,Mongolia,2004,wb_capital_formation_pct_gdp,31.1831570262103
MNG,Mongolia,2005,wb_capital_formation_pct_gdp,37.528559156119
MNG,Mongolia,2006,wb_capital_formation_pct_gdp,35.8851879544863
MNG,Mongolia,2007,wb_capital_formation_pct_gdp,38.7051385960366
MNG,Mongolia,2008,wb_capital_formation_pct_gdp,43.5661414829151
MNG,Mongolia,2009,wb_capital_formation_pct_gdp,34.3709459159075
MNG,Mongolia,2010,wb_capital_formation_pct_gdp,42.0869542882428
MNG,Mongolia,2011,wb_capital_formation_pct_gdp,58.1507247959228
MNG,Mongolia,2012,wb_capital_formation_pct_gdp,55.8986192180437
MNG,Mongolia,2013,wb_capital_formation_pct_gdp,53.2757084028233
MNG,Mongolia,2014,wb_capital_formation_pct_gdp,35.1752976434075
MNG,Mongolia,2015,wb_capital_formation_pct_gdp,24.5138485191018
MNG,Mongolia,2016,wb_capital_formation_pct_gdp,22.6294099437432
MNG,Mongolia,2017,wb_capital_formation_pct_gdp,27.4062542965908
MNG,Mongolia,2018,wb_capital_formation_pct_gdp,39.3779275132102
MNG,Mongolia,2019,wb_capital_formation_pct_gdp,35.591845156927
MNG,Mongolia,2020,wb_capital_formation_pct_gdp,22.3835976647751
MNG,Mongolia,2021,wb_capital_formation_pct_gdp,36.7190295728399
MNG,Mongolia,2022,wb_capital_formation_pct_gdp,42.3321000384678
MNG,Mongolia,2023,wb_capital_formation_pct_gdp,33.9003731595217
MNG,Mongolia,2024,wb_capital_formation_pct_gdp,35.5452639328236
MNG,Mongolia,2025,wb_capital_formation_pct_gdp,31.4134320394491
TJK,Tajikistan,1993,wb_capital_formation_pct_gdp,39.1579215342404
TJK,Tajikistan,1994,wb_capital_formation_pct_gdp,32.3193069306931
TJK,Tajikistan,1995,wb_capital_formation_pct_gdp,28.6683381088825
TJK,Tajikistan,1996,wb_capital_formation_pct_gdp,22.3203307392996
TJK,Tajikistan,1997,wb_capital_formation_pct_gdp,19.6888653029718
TJK,Tajikistan,1998,wb_capital_formation_pct_gdp,15.4240612503657
TJK,Tajikistan,1999,wb_capital_formation_pct_gdp,17.3349814126394
TJK,Tajikistan,2000,wb_capital_formation_pct_gdp,9.41400347008451
TJK,Tajikistan,2001,wb_capital_formation_pct_gdp,16.3827950698182
TJK,Tajikistan,2002,wb_capital_formation_pct_gdp,9.29571889906082
TJK,Tajikistan,2003,wb_capital_formation_pct_gdp,9.13672029235099
TJK,Tajikistan,2004,wb_capital_formation_pct_gdp,11.7772898999562
TJK,Tajikistan,2005,wb_capital_formation_pct_gdp,11.6476563150445
TJK,Tajikistan,2006,wb_capital_formation_pct_gdp,15.9664495672294
TJK,Tajikistan,2007,wb_capital_formation_pct_gdp,24.6329386773297
TJK,Tajikistan,2008,wb_capital_formation_pct_gdp,26.5087253628508
TJK,Tajikistan,2009,wb_capital_formation_pct_gdp,24.8447536175679
TJK,Tajikistan,2010,wb_capital_formation_pct_gdp,23.8461818667509
TJK,Tajikistan,2011,wb_capital_formation_pct_gdp,29.2094402931719
TJK,Tajikistan,2012,wb_capital_formation_pct_gdp,23.2673636939311
TJK,Tajikistan,2013,wb_capital_formation_pct_gdp,24.9057147542124
TJK,Tajikistan,2014,wb_capital_formation_pct_gdp,26.5156987249439
TJK,Tajikistan,2015,wb_capital_formation_pct_gdp,44.6894530560362
TJK,Tajikistan,2016,wb_capital_formation_pct_gdp,40.5223187316003
TJK,Tajikistan,2017,wb_capital_formation_pct_gdp,29.9295561525461
TJK,Tajikistan,2018,wb_capital_formation_pct_gdp,37.2634366837792
TJK,Tajikistan,2019,wb_capital_formation_pct_gdp,35.3886623401905
TJK,Tajikistan,2020,wb_capital_formation_pct_gdp,33.4749512555638
TJK,Tajikistan,2021,wb_capital_formation_pct_gdp,34.8738527231408
TJK,Tajikistan,2022,wb_capital_formation_pct_gdp,35.4675046982739
TJK,Tajikistan,2023,wb_capital_formation_pct_gdp,31.6513056719952
TJK,Tajikistan,2024,wb_capital_formation_pct_gdp,32.4253661642827
TKM,Turkmenistan,1987,wb_capital_formation_pct_gdp,36.0
TKM,Turkmenistan,1988,wb_capital_formation_pct_gdp,33.3333333333333
TKM,Turkmenistan,1989,wb_capital_formation_pct_gdp,35.7142857142857
TKM,Turkmenistan,1990,wb_capital_formation_pct_gdp,40.0
TKM,Turkmenistan,1991,wb_capital_formation_pct_gdp,45.7627118644068
TKM,Turkmenistan,1993,wb_capital_formation_pct_gdp,36.9261477045908
TKM,Turkmenistan,1996,wb_capital_formation_pct_gdp,49.4207741935484
TKM,Turkmenistan,1997,wb_capital_formation_pct_gdp,38.6768676867687
TKM,Turkmenistan,1998,wb_capital_formation_pct_gdp,45.4948195784209
TKM,Turkmenistan,1999,wb_capital_formation_pct_gdp,39.6709050112191
TKM,Turkmenistan,2000,wb_capital_formation_pct_gdp,34.7386559448593
TKM,Turkmenistan,2001,wb_capital_formation_pct_gdp,31.7126612120372
TKM,Turkmenistan,2002,wb_capital_formation_pct_gdp,27.5596816976127
TKM,Turkmenistan,2003,wb_capital_formation_pct_gdp,25.4187357966501
TKM,Turkmenistan,2004,wb_capital_formation_pct_gdp,23.0536196152804
TKM,Turkmenistan,2005,wb_capital_formation_pct_gdp,22.9195946475561
TKM,Turkmenistan,2006,wb_capital_formation_pct_gdp,19.5019564924266
TKM,Turkmenistan,2007,wb_capital_formation_pct_gdp,18.6
TKM,Turkmenistan,2008,wb_capital_formation_pct_gdp,31.7
TKM,Turkmenistan,2009,wb_capital_formation_pct_gdp,46.6
UZB,Uzbekistan,1992,wb_capital_formation_pct_gdp,43.9301488105631
UZB,Uzbekistan,1993,wb_capital_formation_pct_gdp,14.6502375108632
UZB,Uzbekistan,1994,wb_capital_formation_pct_gdp,18.2004266495678
UZB,Uzbekistan,1995,wb_capital_formation_pct_gdp,24.1998260825338
UZB,Uzbekistan,1996,wb_capital_formation_pct_gdp,23.000095157758
UZB,Uzbekistan,1997,wb_capital_formation_pct_gdp,18.8993990766049
UZB,Uzbekistan,1998,wb_capital_formation_pct_gdp,20.9006339688086
UZB,Uzbekistan,1999,wb_capital_formation_pct_gdp,17.1003354222844
UZB,Uzbekistan,2000,wb_capital_formation_pct_gdp,19.6000122865217
UZB,Uzbekistan,2001,wb_capital_formation_pct_gdp,21.0999939090005
UZB,Uzbekistan,2002,wb_capital_formation_pct_gdp,21.1999946310166
UZB,Uzbekistan,2003,wb_capital_formation_pct_gdp,20.8
UZB,Uzbekistan,2004,wb_capital_formation_pct_gdp,24.5
UZB,Uzbekistan,2005,wb_capital_formation_pct_gdp,28.0
UZB,Uzbekistan,2006,wb_capital_formation_pct_gdp,29.6100809944662
UZB,Uzbekistan,2007,wb_capital_formation_pct_gdp,28.2057467186946
UZB,Uzbekistan,2008,wb_capital_formation_pct_gdp,32.0363460936417
UZB,Uzbekistan,2009,wb_capital_formation_pct_gdp,29.9477879762474
UZB,Uzbekistan,2010,wb_capital_formation_pct_gdp,25.544196023924
UZB,Uzbekistan,2011,wb_capital_formation_pct_gdp,24.939068190188
UZB,Uzbekistan,2012,wb_capital_formation_pct_gdp,28.061546236388
UZB,Uzbekistan,2013,wb_capital_formation_pct_gdp,25.4549637024881
UZB,Uzbekistan,2014,wb_capital_formation_pct_gdp,25.9149119018393
UZB,Uzbekistan,2015,wb_capital_formation_pct_gdp,24.424590799647
UZB,Uzbekistan,2016,wb_capital_formation_pct_gdp,23.7962055076888
UZB,Uzbekistan,2017,wb_capital_formation_pct_gdp,26.2597739110439
UZB,Uzbekistan,2018,wb_capital_formation_pct_gdp,33.4959684906661
UZB,Uzbekistan,2019,wb_capital_formation_pct_gdp,37.5511039982581
UZB,Uzbekistan,2020,wb_capital_formation_pct_gdp,35.6185340527013
UZB,Uzbekistan,2021,wb_capital_formation_pct_gdp,35.9146303184061
UZB,Uzbekistan,2022,wb_capital_formation_pct_gdp,33.3171368327978
UZB,Uzbekistan,2023,wb_capital_formation_pct_gdp,33.0290737657093
UZB,Uzbekistan,2024,wb_capital_formation_pct_gdp,39.0472249923559
UZB,Uzbekistan,2025,wb_capital_formation_pct_gdp,33.277986337555
VNM,Viet Nam,1995,wb_capital_formation_pct_gdp,27.1442426996138
VNM,Viet Nam,1996,wb_capital_formation_pct_gdp,28.1028981458336
VNM,Viet Nam,1997,wb_capital_formation_pct_gdp,28.2995826198971
VNM,Viet Nam,1998,wb_capital_formation_pct_gdp,29.0498785375758
VNM,Viet Nam,1999,wb_capital_formation_pct_gdp,27.6297563146656
VNM,Viet Nam,2000,wb_capital_formation_pct_gdp,29.6099138223826
VNM,Viet Nam,2001,wb_capital_formation_pct_gdp,31.1727734549497
VNM,Viet Nam,2002,wb_capital_formation_pct_gdp,33.2205344910613
VNM,Viet Nam,2003,wb_capital_formation_pct_gdp,35.444857957463
VNM,Viet Nam,2004,wb_capital_formation_pct_gdp,35.46533166878
VNM,Viet Nam,2005,wb_capital_formation_pct_gdp,33.7574028912441
VNM,Viet Nam,2006,wb_capital_formation_pct_gdp,34.5366510764767
VNM,Viet Nam,2007,wb_capital_formation_pct_gdp,39.5662708970146
VNM,Viet Nam,2008,wb_capital_formation_pct_gdp,36.4931217965814
VNM,Viet Nam,2009,wb_capital_formation_pct_gdp,37.1625554335215
VNM,Viet Nam,2010,wb_capital_formation_pct_gdp,37.0990761715168
VNM,Viet Nam,2011,wb_capital_formation_pct_gdp,32.3711434429224
VNM,Viet Nam,2012,wb_capital_formation_pct_gdp,30.5592897696566
VNM,Viet Nam,2013,wb_capital_formation_pct_gdp,30.2129034609593
VNM,Viet Nam,2014,wb_capital_formation_pct_gdp,30.2890267860991
VNM,Viet Nam,2015,wb_capital_formation_pct_gdp,32.1089158178217
VNM,Viet Nam,2016,wb_capital_formation_pct_gdp,31.7245390951042
VNM,Viet Nam,2017,wb_capital_formation_pct_gdp,32.305300920099
VNM,Viet Nam,2018,wb_capital_formation_pct_gdp,32.019502902433
VNM,Viet Nam,2019,wb_capital_formation_pct_gdp,31.9799606565797
VNM,Viet Nam,2020,wb_capital_formation_pct_gdp,31.915688393806
VNM,Viet Nam,2021,wb_capital_formation_pct_gdp,32.8956023366901
VNM,Viet Nam,2022,wb_capital_formation_pct_gdp,32.3404994444961
VNM,Viet Nam,2023,wb_capital_formation_pct_gdp,31.6683495522758
VNM,Viet Nam,2024,wb_capital_formation_pct_gdp,30.5847264337631
VNM,Viet Nam,2025,wb_capital_formation_pct_gdp,30.7951346149846
XN,Lower middle income,1987,wb_capital_formation_pct_gdp,26.54895226333
XN,Lower middle income,1988,wb_capital_formation_pct_gdp,27.8433954239022
XN,Lower middle income,1989,wb_capital_formation_pct_gdp,26.9426373839437
XN,Lower middle income,1990,wb_capital_formation_pct_gdp,26.9255537329845
XN,Lower middle income,1991,wb_capital_formation_pct_gdp,23.9353930650812
XN,Lower middle income,1992,wb_capital_formation_pct_gdp,25.4817690905803
XN,Lower middle income,1993,wb_capital_formation_pct_gdp,22.2517230535169
XN,Lower middle income,1994,wb_capital_formation_pct_gdp,24.510031887733
XN,Lower middle income,1995,wb_capital_formation_pct_gdp,24.166828697334
XN,Lower middle income,1996,wb_capital_formation_pct_gdp,20.4314376876601
XN,Lower middle income,1997,wb_capital_formation_pct_gdp,21.3297408968226
XN,Lower middle income,1998,wb_capital_formation_pct_gdp,21.4543136810077
XN,Lower middle income,1999,wb_capital_formation_pct_gdp,27.533634850166
XN,Lower middle income,2000,wb_capital_formation_pct_gdp,23.7648351175585
XN,Lower middle income,2001,wb_capital_formation_pct_gdp,25.92591855823
XN,Lower middle income,2002,wb_capital_formation_pct_gdp,25.9595263457404
XN,Lower middle income,2003,wb_capital_formation_pct_gdp,27.2200516646111
XN,Lower middle income,2004,wb_capital_formation_pct_gdp,29.6366051524839
XN,Lower middle income,2005,wb_capital_formation_pct_gdp,30.5715808542344
XN,Lower middle income,2006,wb_capital_formation_pct_gdp,30.7839567298791
XN,Lower middle income,2007,wb_capital_formation_pct_gdp,33.5904251532925
XN,Lower middle income,2008,wb_capital_formation_pct_gdp,30.4689877823228
XN,Lower middle income,2009,wb_capital_formation_pct_gdp,31.620941920156
XN,Lower middle income,2010,wb_capital_formation_pct_gdp,31.7346309466974
XN,Lower middle income,2011,wb_capital_formation_pct_gdp,31.9898544178899
XN,Lower middle income,2012,wb_capital_formation_pct_gdp,30.5602497758106
XN,Lower middle income,2013,wb_capital_formation_pct_gdp,28.6784678707236
XN,Lower middle income,2014,wb_capital_formation_pct_gdp,28.1834057030811
XN,Lower middle income,2015,wb_capital_formation_pct_gdp,27.718529401094
XN,Lower middle income,2016,wb_capital_formation_pct_gdp,27.3339694736121
XN,Lower middle income,2017,wb_capital_formation_pct_gdp,28.7128885321559
XN,Lower middle income,2018,wb_capital_formation_pct_gdp,29.7002781806572
XN,Lower middle income,2019,wb_capital_formation_pct_gdp,27.1938450017742
XN,Lower middle income,2020,wb_capital_formation_pct_gdp,26.1739069495871
XN,Lower middle income,2021,wb_capital_formation_pct_gdp,28.5853349837945
XN,Lower middle income,2022,wb_capital_formation_pct_gdp,29.94382267359
XN,Lower middle income,2023,wb_capital_formation_pct_gdp,30.5110072463047
XN,Lower middle income,2024,wb_capital_formation_pct_gdp,31.2076772339869
XN,Lower middle income,2025,wb_capital_formation_pct_gdp,31.0601054657361
XT,Upper middle income,1987,wb_capital_formation_pct_gdp,23.7469784475991
XT,Upper middle income,1988,wb_capital_formation_pct_gdp,25.3826966678831
XT,Upper middle income,1989,wb_capital_formation_pct_gdp,25.9067040684047
XT,Upper middle income,1990,wb_capital_formation_pct_gdp,27.053969609831
XT,Upper middle income,1991,wb_capital_formation_pct_gdp,26.0436521095821
XT,Upper middle income,1992,wb_capital_formation_pct_gdp,26.657887729437
XT,Upper middle income,1993,wb_capital_formation_pct_gdp,27.2163076337366
XT,Upper middle income,1994,wb_capital_formation_pct_gdp,27.3980463910699
XT,Upper middle income,1995,wb_capital_formation_pct_gdp,26.4078957381523
XT,Upper middle income,1996,wb_capital_formation_pct_gdp,26.6398631800118
XT,Upper middle income,1997,wb_capital_formation_pct_gdp,25.6049527294763
XT,Upper middle income,1998,wb_capital_formation_pct_gdp,24.78529455816
XT,Upper middle income,1999,wb_capital_formation_pct_gdp,23.9990999992259
XT,Upper middle income,2000,wb_capital_formation_pct_gdp,24.530068169516
XT,Upper middle income,2001,wb_capital_formation_pct_gdp,25.1328185065998
XT,Upper middle income,2002,wb_capital_formation_pct_gdp,25.8684846022803
XT,Upper middle income,2003,wb_capital_formation_pct_gdp,27.5340875692762
XT,Upper middle income,2004,wb_capital_formation_pct_gdp,29.0883794116431
XT,Upper middle income,2005,wb_capital_formation_pct_gdp,28.4936657861451
XT,Upper middle income,2006,wb_capital_formation_pct_gdp,28.9264634176816
XT,Upper middle income,2007,wb_capital_formation_pct_gdp,29.8958655511892
XT,Upper middle income,2008,wb_capital_formation_pct_gdp,31.7072395774348
XT,Upper middle income,2009,wb_capital_formation_pct_gdp,32.4407631550813
XT,Upper middle income,2010,wb_capital_formation_pct_gdp,33.7418076714054
XT,Upper middle income,2011,wb_capital_formation_pct_gdp,34.2745131436916
XT,Upper middle income,2012,wb_capital_formation_pct_gdp,34.5106698001545
XT,Upper middle income,2013,wb_capital_formation_pct_gdp,35.0975302946263
XT,Upper middle income,2014,wb_capital_formation_pct_gdp,35.1181695042548
XT,Upper middle income,2015,wb_capital_formation_pct_gdp,34.4267856326681
XT,Upper middle income,2016,wb_capital_formation_pct_gdp,34.0581240415465
XT,Upper middle income,2017,wb_capital_formation_pct_gdp,34.275324793113
XT,Upper middle income,2018,wb_capital_formation_pct_gdp,35.3248038641793
XT,Upper middle income,2019,wb_capital_formation_pct_gdp,34.8346819475488
XT,Upper middle income,2020,wb_capital_formation_pct_gdp,35.3989948188907
XT,Upper middle income,2021,wb_capital_formation_pct_gdp,36.2405404942584
XT,Upper middle income,2022,wb_capital_formation_pct_gdp,35.6261851329301
XT,Upper middle income,2023,wb_capital_formation_pct_gdp,34.2103646160472
XT,Upper middle income,2024,wb_capital_formation_pct_gdp,33.722069345502
ARM,Armenia,1987,wb_dependency_ratio,54.5646327968531
ARM,Armenia,1988,wb_dependency_ratio,54.8419655474463
ARM,Armenia,1989,wb_dependency_ratio,54.6633485910906
ARM,Armenia,1990,wb_dependency_ratio,54.7782354435487
ARM,Armenia,1991,wb_dependency_ratio,55.6070325851032
ARM,Armenia,1992,wb_dependency_ratio,58.0371569902749
ARM,Armenia,1993,wb_dependency_ratio,61.4842213799892
ARM,Armenia,1994,wb_dependency_ratio,63.7380996295148
ARM,Armenia,1995,wb_dependency_ratio,64.6941692969785
ARM,Armenia,1996,wb_dependency_ratio,64.5626640928773
ARM,Armenia,1997,wb_dependency_ratio,64.1123326604617
ARM,Armenia,1998,wb_dependency_ratio,61.8430046181047
ARM,Armenia,1999,wb_dependency_ratio,58.1037949459291
ARM,Armenia,2000,wb_dependency_ratio,54.813388611356
ARM,Armenia,2001,wb_dependency_ratio,52.4889483731996
ARM,Armenia,2002,wb_dependency_ratio,51.0703531395798
ARM,Armenia,2003,wb_dependency_ratio,50.0136226039065
ARM,Armenia,2004,wb_dependency_ratio,48.9919306433595
ARM,Armenia,2005,wb_dependency_ratio,47.8193074702708
ARM,Armenia,2006,wb_dependency_ratio,46.4862231466127
ARM,Armenia,2007,wb_dependency_ratio,45.1305540220802
ARM,Armenia,2008,wb_dependency_ratio,44.0261431322025
ARM,Armenia,2009,wb_dependency_ratio,43.2941291937252
ARM,Armenia,2010,wb_dependency_ratio,42.9172236658305
ARM,Armenia,2011,wb_dependency_ratio,42.8588952887091
ARM,Armenia,2012,wb_dependency_ratio,43.1066653605776
ARM,Armenia,2013,wb_dependency_ratio,43.5955735295585
ARM,Armenia,2014,wb_dependency_ratio,44.220347328995
ARM,Armenia,2015,wb_dependency_ratio,45.0074829961521
ARM,Armenia,2016,wb_dependency_ratio,45.9130890185114
ARM,Armenia,2017,wb_dependency_ratio,46.8188831337656
ARM,Armenia,2018,wb_dependency_ratio,47.4127303230816
ARM,Armenia,2019,wb_dependency_ratio,47.8107543362811
ARM,Armenia,2020,wb_dependency_ratio,48.1754870679756
ARM,Armenia,2021,wb_dependency_ratio,48.4759951441955
ARM,Armenia,2022,wb_dependency_ratio,48.7601980797249
ARM,Armenia,2023,wb_dependency_ratio,48.7129653645231
ARM,Armenia,2024,wb_dependency_ratio,49.1198808417762
ARM,Armenia,2025,wb_dependency_ratio,50.2187800971675
AZE,Azerbaijan,1987,wb_dependency_ratio,58.2885083097812
AZE,Azerbaijan,1988,wb_dependency_ratio,58.4666498837617
AZE,Azerbaijan,1989,wb_dependency_ratio,59.5157643696168
AZE,Azerbaijan,1990,wb_dependency_ratio,60.7608042252363
AZE,Azerbaijan,1991,wb_dependency_ratio,61.6403223780662
AZE,Azerbaijan,1992,wb_dependency_ratio,62.2755975821056
AZE,Azerbaijan,1993,wb_dependency_ratio,62.8456271137093
AZE,Azerbaijan,1994,wb_dependency_ratio,63.0401091319686
AZE,Azerbaijan,1995,wb_dependency_ratio,62.7881655671631
AZE,Azerbaijan,1996,wb_dependency_ratio,62.1572070772658
AZE,Azerbaijan,1997,wb_dependency_ratio,61.1585362468694
AZE,Azerbaijan,1998,wb_dependency_ratio,59.776051037878
AZE,Azerbaijan,1999,wb_dependency_ratio,57.9315133943277
AZE,Azerbaijan,2000,wb_dependency_ratio,55.931513815901
AZE,Azerbaijan,2001,wb_dependency_ratio,53.8473400300442
AZE,Azerbaijan,2002,wb_dependency_ratio,51.7884755585068
AZE,Azerbaijan,2003,wb_dependency_ratio,49.8064583738137
AZE,Azerbaijan,2004,wb_dependency_ratio,48.0296012903785
AZE,Azerbaijan,2005,wb_dependency_ratio,46.4150522686018
AZE,Azerbaijan,2006,wb_dependency_ratio,44.8703115705014
AZE,Azerbaijan,2007,wb_dependency_ratio,43.3860991042067
AZE,Azerbaijan,2008,wb_dependency_ratio,41.8635190360907
AZE,Azerbaijan,2009,wb_dependency_ratio,40.3857954835192
AZE,Azerbaijan,2010,wb_dependency_ratio,39.274311233566
AZE,Azerbaijan,2011,wb_dependency_ratio,38.7078975091925
AZE,Azerbaijan,2012,wb_dependency_ratio,38.81041962457
AZE,Azerbaijan,2013,wb_dependency_ratio,39.5493100261129
AZE,Azerbaijan,2014,wb_dependency_ratio,40.4458230491559
AZE,Azerbaijan,2015,wb_dependency_ratio,41.3385630702997
AZE,Azerbaijan,2016,wb_dependency_ratio,42.2694499411257
AZE,Azerbaijan,2017,wb_dependency_ratio,42.9697743409433
AZE,Azerbaijan,2018,wb_dependency_ratio,43.1245500256305
AZE,Azerbaijan,2019,wb_dependency_ratio,43.2140002863056
AZE,Azerbaijan,2020,wb_dependency_ratio,43.4171493479948
AZE,Azerbaijan,2021,wb_dependency_ratio,43.4555527993272
AZE,Azerbaijan,2022,wb_dependency_ratio,43.5216840131791
AZE,Azerbaijan,2023,wb_dependency_ratio,43.5853062725148
AZE,Azerbaijan,2024,wb_dependency_ratio,43.6108909062656
AZE,Azerbaijan,2025,wb_dependency_ratio,43.6138885770503
ECS,Europe & Central Asia,1987,wb_dependency_ratio,52.3899515497738
ECS,Europe & Central Asia,1988,wb_dependency_ratio,52.3939784236471
ECS,Europe & Central Asia,1989,wb_dependency_ratio,52.4416442295993
ECS,Europe & Central Asia,1990,wb_dependency_ratio,52.4712498162173
ECS,Europe & Central Asia,1991,wb_dependency_ratio,52.4954330860668
ECS,Europe & Central Asia,1992,wb_dependency_ratio,52.5222866634859
ECS,Europe & Central Asia,1993,wb_dependency_ratio,52.5447471928036
ECS,Europe & Central Asia,1994,wb_dependency_ratio,52.5339402407046
ECS,Europe & Central Asia,1995,wb_dependency_ratio,52.3416368044613
ECS,Europe & Central Asia,1996,wb_dependency_ratio,51.9939157528023
ECS,Europe & Central Asia,1997,wb_dependency_ratio,51.6012123430402
ECS,Europe & Central Asia,1998,wb_dependency_ratio,51.0345848539091
ECS,Europe & Central Asia,1999,wb_dependency_ratio,50.3753474651734
ECS,Europe & Central Asia,2000,wb_dependency_ratio,49.7852430659559
ECS,Europe & Central Asia,2001,wb_dependency_ratio,49.2641428472549
ECS,Europe & Central Asia,2002,wb_dependency_ratio,48.8358342146989
ECS,Europe & Central Asia,2003,wb_dependency_ratio,48.5199003073709
ECS,Europe & Central Asia,2004,wb_dependency_ratio,48.2916643763423
ECS,Europe & Central Asia,2005,wb_dependency_ratio,48.0964623596277
ECS,Europe & Central Asia,2006,wb_dependency_ratio,47.910802065594
ECS,Europe & Central Asia,2007,wb_dependency_ratio,47.7086946163764
ECS,Europe & Central Asia,2008,wb_dependency_ratio,47.5053003765297
ECS,Europe & Central Asia,2009,wb_dependency_ratio,47.3953003499059
ECS,Europe & Central Asia,2010,wb_dependency_ratio,47.3572779319405
ECS,Europe & Central Asia,2011,wb_dependency_ratio,47.5221766067783
ECS,Europe & Central Asia,2012,wb_dependency_ratio,47.9957387794128
ECS,Europe & Central Asia,2013,wb_dependency_ratio,48.5708950057181
ECS,Europe & Central Asia,2014,wb_dependency_ratio,49.2420903373868
ECS,Europe & Central Asia,2015,wb_dependency_ratio,49.9676301148477
ECS,Europe & Central Asia,2016,wb_dependency_ratio,50.6827495333945
ECS,Europe & Central Asia,2017,wb_dependency_ratio,51.4116357425629
ECS,Europe & Central Asia,2018,wb_dependency_ratio,52.0803445377119
ECS,Europe & Central Asia,2019,wb_dependency_ratio,52.7514075523511
ECS,Europe & Central Asia,2020,wb_dependency_ratio,53.388061755026
ECS,Europe & Central Asia,2021,wb_dependency_ratio,53.9045591989627
ECS,Europe & Central Asia,2022,wb_dependency_ratio,54.3716990269456
ECS,Europe & Central Asia,2023,wb_dependency_ratio,54.8264696030143
ECS,Europe & Central Asia,2024,wb_dependency_ratio,55.2545664198078
ECS,Europe & Central Asia,2025,wb_dependency_ratio,55.6765455478551
GEO,Georgia,1987,wb_dependency_ratio,51.608808045063
GEO,Georgia,1988,wb_dependency_ratio,51.768638283003
GEO,Georgia,1989,wb_dependency_ratio,52.011422137084
GEO,Georgia,1990,wb_dependency_ratio,52.5260655302916
GEO,Georgia,1991,wb_dependency_ratio,53.2630556772206
GEO,Georgia,1992,wb_dependency_ratio,53.9970505622859
GEO,Georgia,1993,wb_dependency_ratio,54.7118908048005
GEO,Georgia,1994,wb_dependency_ratio,55.2550737209234
GEO,Georgia,1995,wb_dependency_ratio,55.5163346972709
GEO,Georgia,1996,wb_dependency_ratio,55.5255432851883
GEO,Georgia,1997,wb_dependency_ratio,55.3042274299171
GEO,Georgia,1998,wb_dependency_ratio,54.8723808578403
GEO,Georgia,1999,wb_dependency_ratio,54.1958853817776
GEO,Georgia,2000,wb_dependency_ratio,53.3929528793645
GEO,Georgia,2001,wb_dependency_ratio,52.6532541516572
GEO,Georgia,2002,wb_dependency_ratio,52.0905345263517
GEO,Georgia,2003,wb_dependency_ratio,51.8912336913573
GEO,Georgia,2004,wb_dependency_ratio,51.6511823672057
GEO,Georgia,2005,wb_dependency_ratio,51.1318422314324
GEO,Georgia,2006,wb_dependency_ratio,50.5376973981808
GEO,Georgia,2007,wb_dependency_ratio,49.7798016624101
GEO,Georgia,2008,wb_dependency_ratio,48.9161113273738
GEO,Georgia,2009,wb_dependency_ratio,48.1706968890291
GEO,Georgia,2010,wb_dependency_ratio,47.7221569874268
GEO,Georgia,2011,wb_dependency_ratio,47.6237559950389
GEO,Georgia,2012,wb_dependency_ratio,47.8575206844895
GEO,Georgia,2013,wb_dependency_ratio,48.3975588463877
GEO,Georgia,2014,wb_dependency_ratio,49.325960072298
GEO,Georgia,2015,wb_dependency_ratio,50.5208240737897
GEO,Georgia,2016,wb_dependency_ratio,51.7515422454964
GEO,Georgia,2017,wb_dependency_ratio,52.905572681768
GEO,Georgia,2018,wb_dependency_ratio,53.9980916306557
GEO,Georgia,2019,wb_dependency_ratio,55.0571018914481
GEO,Georgia,2020,wb_dependency_ratio,55.9766272791797
GEO,Georgia,2021,wb_dependency_ratio,56.6470045343285
GEO,Georgia,2022,wb_dependency_ratio,56.9467002951653
GEO,Georgia,2023,wb_dependency_ratio,57.1296262620538
GEO,Georgia,2024,wb_dependency_ratio,57.3228955356421
GEO,Georgia,2025,wb_dependency_ratio,57.4292946222073
KAZ,Kazakhstan,1987,wb_dependency_ratio,62.0840933607924
KAZ,Kazakhstan,1988,wb_dependency_ratio,60.8320668769478
KAZ,Kazakhstan,1989,wb_dependency_ratio,60.0943366192346
KAZ,Kazakhstan,1990,wb_dependency_ratio,59.8838110461526
KAZ,Kazakhstan,1991,wb_dependency_ratio,59.7496165652325
KAZ,Kazakhstan,1992,wb_dependency_ratio,59.6406850965247
KAZ,Kazakhstan,1993,wb_dependency_ratio,59.5152641942098
KAZ,Kazakhstan,1994,wb_dependency_ratio,59.3053616735701
KAZ,Kazakhstan,1995,wb_dependency_ratio,58.8590865430448
KAZ,Kazakhstan,1996,wb_dependency_ratio,58.0818642381778
KAZ,Kazakhstan,1997,wb_dependency_ratio,56.9602663792123
KAZ,Kazakhstan,1998,wb_dependency_ratio,55.5286022816941
KAZ,Kazakhstan,1999,wb_dependency_ratio,53.8809153440923
KAZ,Kazakhstan,2000,wb_dependency_ratio,52.2757413139262
KAZ,Kazakhstan,2001,wb_dependency_ratio,50.8892902127798
KAZ,Kazakhstan,2002,wb_dependency_ratio,49.7152750119888
KAZ,Kazakhstan,2003,wb_dependency_ratio,48.7928716446465
KAZ,Kazakhstan,2004,wb_dependency_ratio,48.1439017104514
KAZ,Kazakhstan,2005,wb_dependency_ratio,47.6883857087747
KAZ,Kazakhstan,2006,wb_dependency_ratio,47.3570026780758
KAZ,Kazakhstan,2007,wb_dependency_ratio,47.1117272482949
KAZ,Kazakhstan,2008,wb_dependency_ratio,46.935658443208
KAZ,Kazakhstan,2009,wb_dependency_ratio,46.7707877522094
KAZ,Kazakhstan,2010,wb_dependency_ratio,46.7914967905944
KAZ,Kazakhstan,2011,wb_dependency_ratio,47.2918702077932
KAZ,Kazakhstan,2012,wb_dependency_ratio,48.2666123385578
KAZ,Kazakhstan,2013,wb_dependency_ratio,49.5309872731953
KAZ,Kazakhstan,2014,wb_dependency_ratio,50.9797084009508
KAZ,Kazakhstan,2015,wb_dependency_ratio,52.5207605589946
KAZ,Kazakhstan,2016,wb_dependency_ratio,54.0318746567256
KAZ,Kazakhstan,2017,wb_dependency_ratio,55.4148033056512
KAZ,Kazakhstan,2018,wb_dependency_ratio,56.5235626212407
KAZ,Kazakhstan,2019,wb_dependency_ratio,57.4655912088719
KAZ,Kazakhstan,2020,wb_dependency_ratio,58.3765163228774
KAZ,Kazakhstan,2021,wb_dependency_ratio,59.3848303180197
KAZ,Kazakhstan,2022,wb_dependency_ratio,60.2870919049799
KAZ,Kazakhstan,2023,wb_dependency_ratio,60.893935746271
KAZ,Kazakhstan,2024,wb_dependency_ratio,61.3593284528818
KAZ,Kazakhstan,2025,wb_dependency_ratio,61.6556043520026
KGZ,Kyrgyz Republic,1987,wb_dependency_ratio,72.198390028564
KGZ,Kyrgyz Republic,1988,wb_dependency_ratio,72.7068355632707
KGZ,Kyrgyz Republic,1989,wb_dependency_ratio,73.1434162090375
KGZ,Kyrgyz Republic,1990,wb_dependency_ratio,73.5339912332699
KGZ,Kyrgyz Republic,1991,wb_dependency_ratio,74.0165157672479
KGZ,Kyrgyz Republic,1992,wb_dependency_ratio,74.5636006632443
KGZ,Kyrgyz Republic,1993,wb_dependency_ratio,76.059449211143
KGZ,Kyrgyz Republic,1994,wb_dependency_ratio,77.3693173448042
KGZ,Kyrgyz Republic,1995,wb_dependency_ratio,77.0348145453783
KGZ,Kyrgyz Republic,1996,wb_dependency_ratio,75.8297272275894
KGZ,Kyrgyz Republic,1997,wb_dependency_ratio,74.1332310973412
KGZ,Kyrgyz Republic,1998,wb_dependency_ratio,72.042326103057
KGZ,Kyrgyz Republic,1999,wb_dependency_ratio,69.9851030146554
KGZ,Kyrgyz Republic,2000,wb_dependency_ratio,68.2006776290059
KGZ,Kyrgyz Republic,2001,wb_dependency_ratio,66.4224942005393
KGZ,Kyrgyz Republic,2002,wb_dependency_ratio,64.629398596988
KGZ,Kyrgyz Republic,2003,wb_dependency_ratio,62.9832482972312
KGZ,Kyrgyz Republic,2004,wb_dependency_ratio,61.5008687685001
KGZ,Kyrgyz Republic,2005,wb_dependency_ratio,60.1019662934415
KGZ,Kyrgyz Republic,2006,wb_dependency_ratio,58.648586037128
KGZ,Kyrgyz Republic,2007,wb_dependency_ratio,57.0648841045437
KGZ,Kyrgyz Republic,2008,wb_dependency_ratio,55.3380271036174
KGZ,Kyrgyz Republic,2009,wb_dependency_ratio,53.8306951096295
KGZ,Kyrgyz Republic,2010,wb_dependency_ratio,53.1417387548341
KGZ,Kyrgyz Republic,2011,wb_dependency_ratio,53.4057245301169
KGZ,Kyrgyz Republic,2012,wb_dependency_ratio,54.4404735783782
KGZ,Kyrgyz Republic,2013,wb_dependency_ratio,55.6741442388454
KGZ,Kyrgyz Republic,2014,wb_dependency_ratio,56.9069668645722
KGZ,Kyrgyz Republic,2015,wb_dependency_ratio,58.150156918583
KGZ,Kyrgyz Republic,2016,wb_dependency_ratio,59.0639463884673
KGZ,Kyrgyz Republic,2017,wb_dependency_ratio,59.488277666114
KGZ,Kyrgyz Republic,2018,wb_dependency_ratio,59.9520249168602
KGZ,Kyrgyz Republic,2019,wb_dependency_ratio,60.7277440086941
KGZ,Kyrgyz Republic,2020,wb_dependency_ratio,61.3520516472714
KGZ,Kyrgyz Republic,2021,wb_dependency_ratio,61.5982158967749
KGZ,Kyrgyz Republic,2022,wb_dependency_ratio,61.6068894493144
KGZ,Kyrgyz Republic,2023,wb_dependency_ratio,61.5475158691892
KGZ,Kyrgyz Republic,2024,wb_dependency_ratio,61.3514807542057
KGZ,Kyrgyz Republic,2025,wb_dependency_ratio,60.9626371776391
MNG,Mongolia,1987,wb_dependency_ratio,85.523607748184
MNG,Mongolia,1988,wb_dependency_ratio,84.7671770703652
MNG,Mongolia,1989,wb_dependency_ratio,83.779172632772
MNG,Mongolia,1990,wb_dependency_ratio,82.4360798726683
MNG,Mongolia,1991,wb_dependency_ratio,80.8558601824978
MNG,Mongolia,1992,wb_dependency_ratio,79.1347317883394
MNG,Mongolia,1993,wb_dependency_ratio,77.3488713835084
MNG,Mongolia,1994,wb_dependency_ratio,75.5588164541737
MNG,Mongolia,1995,wb_dependency_ratio,73.7854052580562
MNG,Mongolia,1996,wb_dependency_ratio,71.9917334612135
MNG,Mongolia,1997,wb_dependency_ratio,70.0998889627817
MNG,Mongolia,1998,wb_dependency_ratio,68.011666352161
MNG,Mongolia,1999,wb_dependency_ratio,65.5992152911426
MNG,Mongolia,2000,wb_dependency_ratio,62.8796894489998
MNG,Mongolia,2001,wb_dependency_ratio,60.0556081479177
MNG,Mongolia,2002,wb_dependency_ratio,57.2868846352447
MNG,Mongolia,2003,wb_dependency_ratio,54.6740050910007
MNG,Mongolia,2004,wb_dependency_ratio,52.3149219210631
MNG,Mongolia,2005,wb_dependency_ratio,50.301413827289
MNG,Mongolia,2006,wb_dependency_ratio,48.6916914180332
MNG,Mongolia,2007,wb_dependency_ratio,47.5020153723875
MNG,Mongolia,2008,wb_dependency_ratio,46.7362412620023
MNG,Mongolia,2009,wb_dependency_ratio,46.4101397882339
MNG,Mongolia,2010,wb_dependency_ratio,46.4948711694247
MNG,Mongolia,2011,wb_dependency_ratio,46.6487262591356
MNG,Mongolia,2012,wb_dependency_ratio,46.8940830192974
MNG,Mongolia,2013,wb_dependency_ratio,47.5860682131157
MNG,Mongolia,2014,wb_dependency_ratio,48.6804175336851
MNG,Mongolia,2015,wb_dependency_ratio,50.0825069416898
MNG,Mongolia,2016,wb_dependency_ratio,51.7262924597998
MNG,Mongolia,2017,wb_dependency_ratio,53.5127010854887
MNG,Mongolia,2018,wb_dependency_ratio,55.4120963362594
MNG,Mongolia,2019,wb_dependency_ratio,57.4288259442459
MNG,Mongolia,2020,wb_dependency_ratio,58.9121466009596
MNG,Mongolia,2021,wb_dependency_ratio,59.6313854511985
MNG,Mongolia,2022,wb_dependency_ratio,60.0028703844358
MNG,Mongolia,2023,wb_dependency_ratio,60.0027669535657
MNG,Mongolia,2024,wb_dependency_ratio,59.5684105260823
MNG,Mongolia,2025,wb_dependency_ratio,58.7082165471123
TJK,Tajikistan,1987,wb_dependency_ratio,87.1568532717948
TJK,Tajikistan,1988,wb_dependency_ratio,87.5258238045709
TJK,Tajikistan,1989,wb_dependency_ratio,88.3804411191422
TJK,Tajikistan,1990,wb_dependency_ratio,89.4998415209496
TJK,Tajikistan,1991,wb_dependency_ratio,90.4215752274854
TJK,Tajikistan,1992,wb_dependency_ratio,91.5701536589716
TJK,Tajikistan,1993,wb_dependency_ratio,93.069878903726
TJK,Tajikistan,1994,wb_dependency_ratio,94.0557079587795
TJK,Tajikistan,1995,wb_dependency_ratio,94.3929280326475
TJK,Tajikistan,1996,wb_dependency_ratio,93.8707792959
TJK,Tajikistan,1997,wb_dependency_ratio,92.3026087479438
TJK,Tajikistan,1998,wb_dependency_ratio,90.1370893660617
TJK,Tajikistan,1999,wb_dependency_ratio,87.5243339703586
TJK,Tajikistan,2000,wb_dependency_ratio,84.8141091599029
TJK,Tajikistan,2001,wb_dependency_ratio,82.1958494099529
TJK,Tajikistan,2002,wb_dependency_ratio,79.6141838620057
TJK,Tajikistan,2003,wb_dependency_ratio,77.2114992826189
TJK,Tajikistan,2004,wb_dependency_ratio,75.0763673677751
TJK,Tajikistan,2005,wb_dependency_ratio,73.0961466114903
TJK,Tajikistan,2006,wb_dependency_ratio,71.2602403323497
TJK,Tajikistan,2007,wb_dependency_ratio,69.7592546755616
TJK,Tajikistan,2008,wb_dependency_ratio,68.5822066610905
TJK,Tajikistan,2009,wb_dependency_ratio,67.5572053751767
TJK,Tajikistan,2010,wb_dependency_ratio,66.671879604656
TJK,Tajikistan,2011,wb_dependency_ratio,66.1456733097743
TJK,Tajikistan,2012,wb_dependency_ratio,65.7413184753698
TJK,Tajikistan,2013,wb_dependency_ratio,65.215142797166
TJK,Tajikistan,2014,wb_dependency_ratio,64.7981575112711
TJK,Tajikistan,2015,wb_dependency_ratio,64.6546579324183
TJK,Tajikistan,2016,wb_dependency_ratio,64.6316867686227
TJK,Tajikistan,2017,wb_dependency_ratio,64.645778430695
TJK,Tajikistan,2018,wb_dependency_ratio,64.8775137072655
TJK,Tajikistan,2019,wb_dependency_ratio,65.3067752248518
TJK,Tajikistan,2020,wb_dependency_ratio,65.849974933617
TJK,Tajikistan,2021,wb_dependency_ratio,66.3779272694554
TJK,Tajikistan,2022,wb_dependency_ratio,66.8418998393555
TJK,Tajikistan,2023,wb_dependency_ratio,67.1019442904471
TJK,Tajikistan,2024,wb_dependency_ratio,66.9813440301354
TJK,Tajikistan,2025,wb_dependency_ratio,66.4860952051687
TKM,Turkmenistan,1987,wb_dependency_ratio,80.2615744692626
TKM,Turkmenistan,1988,wb_dependency_ratio,80.6730972758656
TKM,Turkmenistan,1989,wb_dependency_ratio,80.9478661746476
TKM,Turkmenistan,1990,wb_dependency_ratio,81.0873827923354
TKM,Turkmenistan,1991,wb_dependency_ratio,81.1081530969594
TKM,Turkmenistan,1992,wb_dependency_ratio,81.1573676700683
TKM,Turkmenistan,1993,wb_dependency_ratio,80.9949769088622
TKM,Turkmenistan,1994,wb_dependency_ratio,80.5567409932442
TKM,Turkmenistan,1995,wb_dependency_ratio,79.9615963121468
TKM,Turkmenistan,1996,wb_dependency_ratio,78.8962341256455
TKM,Turkmenistan,1997,wb_dependency_ratio,77.2715325561024
TKM,Turkmenistan,1998,wb_dependency_ratio,75.186516402282
TKM,Turkmenistan,1999,wb_dependency_ratio,72.8179102134905
TKM,Turkmenistan,2000,wb_dependency_ratio,70.3890407943669
TKM,Turkmenistan,2001,wb_dependency_ratio,68.0355363171198
TKM,Turkmenistan,2002,wb_dependency_ratio,65.8206662149256
TKM,Turkmenistan,2003,wb_dependency_ratio,63.7820708168489
TKM,Turkmenistan,2004,wb_dependency_ratio,61.8357532074403
TKM,Turkmenistan,2005,wb_dependency_ratio,59.9336113140604
TKM,Turkmenistan,2006,wb_dependency_ratio,58.0961095389874
TKM,Turkmenistan,2007,wb_dependency_ratio,56.2962342587438
TKM,Turkmenistan,2008,wb_dependency_ratio,54.5793253554075
TKM,Turkmenistan,2009,wb_dependency_ratio,53.0188969464663
TKM,Turkmenistan,2010,wb_dependency_ratio,51.6877450217362
TKM,Turkmenistan,2011,wb_dependency_ratio,50.66872067968
TKM,Turkmenistan,2012,wb_dependency_ratio,49.9899680397498
TKM,Turkmenistan,2013,wb_dependency_ratio,49.6527243219463
TKM,Turkmenistan,2014,wb_dependency_ratio,49.6360012127956
TKM,Turkmenistan,2015,wb_dependency_ratio,49.8828092786115
TKM,Turkmenistan,2016,wb_dependency_ratio,50.362522707908
TKM,Turkmenistan,2017,wb_dependency_ratio,51.0505542299452
TKM,Turkmenistan,2018,wb_dependency_ratio,51.9153750883916
TKM,Turkmenistan,2019,wb_dependency_ratio,52.9006878790807
TKM,Turkmenistan,2020,wb_dependency_ratio,53.9054052049039
TKM,Turkmenistan,2021,wb_dependency_ratio,54.8331023876948
TKM,Turkmenistan,2022,wb_dependency_ratio,55.6044069090817
TKM,Turkmenistan,2023,wb_dependency_ratio,56.11056820952
TKM,Turkmenistan,2024,wb_dependency_ratio,56.3406372282943
TKM,Turkmenistan,2025,wb_dependency_ratio,56.3142778182528
UZB,Uzbekistan,1987,wb_dependency_ratio,76.9161524232238
UZB,Uzbekistan,1988,wb_dependency_ratio,76.7338817960995
UZB,Uzbekistan,1989,wb_dependency_ratio,76.5311041209389
UZB,Uzbekistan,1990,wb_dependency_ratio,76.6016505407828
UZB,Uzbekistan,1991,wb_dependency_ratio,76.9292635236091
UZB,Uzbekistan,1992,wb_dependency_ratio,77.2832853868679
UZB,Uzbekistan,1993,wb_dependency_ratio,77.5811998724592
UZB,Uzbekistan,1994,wb_dependency_ratio,77.6190343652758
UZB,Uzbekistan,1995,wb_dependency_ratio,77.3436588329064
UZB,Uzbekistan,1996,wb_dependency_ratio,76.7869581513787
UZB,Uzbekistan,1997,wb_dependency_ratio,75.8326662845938
UZB,Uzbekistan,1998,wb_dependency_ratio,74.4279490840898
UZB,Uzbekistan,1999,wb_dependency_ratio,72.6291482627593
UZB,Uzbekistan,2000,wb_dependency_ratio,70.5343533403284
UZB,Uzbekistan,2001,wb_dependency_ratio,68.206878584831
UZB,Uzbekistan,2002,wb_dependency_ratio,65.8327687506574
UZB,Uzbekistan,2003,wb_dependency_ratio,63.6048706178502
UZB,Uzbekistan,2004,wb_dependency_ratio,61.5072809151456
UZB,Uzbekistan,2005,wb_dependency_ratio,59.3766906615768
UZB,Uzbekistan,2006,wb_dependency_ratio,57.1652563080568
UZB,Uzbekistan,2007,wb_dependency_ratio,55.1243231431766
UZB,Uzbekistan,2008,wb_dependency_ratio,53.4488462806641
UZB,Uzbekistan,2009,wb_dependency_ratio,52.0994530058547
UZB,Uzbekistan,2010,wb_dependency_ratio,50.9135971391737
UZB,Uzbekistan,2011,wb_dependency_ratio,49.8601391184231
UZB,Uzbekistan,2012,wb_dependency_ratio,49.0804585754969
UZB,Uzbekistan,2013,wb_dependency_ratio,48.7263222498675
UZB,Uzbekistan,2014,wb_dependency_ratio,48.8305476003008
UZB,Uzbekistan,2015,wb_dependency_ratio,49.3359508232811
UZB,Uzbekistan,2016,wb_dependency_ratio,50.0611692979578
UZB,Uzbekistan,2017,wb_dependency_ratio,50.8221131406473
UZB,Uzbekistan,2018,wb_dependency_ratio,51.7097466682868
UZB,Uzbekistan,2019,wb_dependency_ratio,52.7698563917884
UZB,Uzbekistan,2020,wb_dependency_ratio,53.9511270861508
UZB,Uzbekistan,2021,wb_dependency_ratio,55.2497682839009
UZB,Uzbekistan,2022,wb_dependency_ratio,56.5268870521244
UZB,Uzbekistan,2023,wb_dependency_ratio,57.6444238962333
UZB,Uzbekistan,2024,wb_dependency_ratio,58.6494292141216
UZB,Uzbekistan,2025,wb_dependency_ratio,59.6418459559503
VNM,Viet Nam,1987,wb_dependency_ratio,81.9069324197675
VNM,Viet Nam,1988,wb_dependency_ratio,80.7004520240934
VNM,Viet Nam,1989,wb_dependency_ratio,79.4957541833473
VNM,Viet Nam,1990,wb_dependency_ratio,78.4115751269167
VNM,Viet Nam,1991,wb_dependency_ratio,77.2792802328883
VNM,Viet Nam,1992,wb_dependency_ratio,76.0376881780341
VNM,Viet Nam,1993,wb_dependency_ratio,74.6398709319425
VNM,Viet Nam,1994,wb_dependency_ratio,73.0807619791337
VNM,Viet Nam,1995,wb_dependency_ratio,71.3536222057356
VNM,Viet Nam,1996,wb_dependency_ratio,69.4481556458288
VNM,Viet Nam,1997,wb_dependency_ratio,67.2698496428235
VNM,Viet Nam,1998,wb_dependency_ratio,64.8052526056802
VNM,Viet Nam,1999,wb_dependency_ratio,62.261940609126
VNM,Viet Nam,2000,wb_dependency_ratio,59.9498221104256
VNM,Viet Nam,2001,wb_dependency_ratio,57.9648902578706
VNM,Viet Nam,2002,wb_dependency_ratio,56.2346454755768
VNM,Viet Nam,2003,wb_dependency_ratio,54.6563872611096
VNM,Viet Nam,2004,wb_dependency_ratio,53.0547414323825
VNM,Viet Nam,2005,wb_dependency_ratio,51.3412154712425
VNM,Viet Nam,2006,wb_dependency_ratio,49.5460786338393
VNM,Viet Nam,2007,wb_dependency_ratio,47.8798783604028
VNM,Viet Nam,2008,wb_dependency_ratio,46.4294210539472
VNM,Viet Nam,2009,wb_dependency_ratio,45.1710967600072
VNM,Viet Nam,2010,wb_dependency_ratio,44.1553936894184
VNM,Viet Nam,2011,wb_dependency_ratio,43.429509513285
VNM,Viet Nam,2012,wb_dependency_ratio,43.0574599485855
VNM,Viet Nam,2013,wb_dependency_ratio,43.0653799174176
VNM,Viet Nam,2014,wb_dependency_ratio,43.3734893031827
VNM,Viet Nam,2015,wb_dependency_ratio,43.7681325303024
VNM,Viet Nam,2016,wb_dependency_ratio,44.38523018963
VNM,Viet Nam,2017,wb_dependency_ratio,45.3221818606231
VNM,Viet Nam,2018,wb_dependency_ratio,46.123352133928
VNM,Viet Nam,2019,wb_dependency_ratio,46.6054316189935
VNM,Viet Nam,2020,wb_dependency_ratio,46.9641361395404
VNM,Viet Nam,2021,wb_dependency_ratio,47.2392982614886
VNM,Viet Nam,2022,wb_dependency_ratio,47.4163647594031
VNM,Viet Nam,2023,wb_dependency_ratio,47.5514131558407
VNM,Viet Nam,2024,wb_dependency_ratio,47.6476510341859
VNM,Viet Nam,2025,wb_dependency_ratio,47.8208691230641
XN,Lower middle income,1987,wb_dependency_ratio,81.6133239352421
XN,Lower middle income,1988,wb_dependency_ratio,81.2427600342535
XN,Lower middle income,1989,wb_dependency_ratio,80.8066925291814
XN,Lower middle income,1990,wb_dependency_ratio,80.3188564783976
XN,Lower middle income,1991,wb_dependency_ratio,79.7653902643379
XN,Lower middle income,1992,wb_dependency_ratio,79.2312294566141
XN,Lower middle income,1993,wb_dependency_ratio,78.6459423191564
XN,Lower middle income,1994,wb_dependency_ratio,77.9704831746876
XN,Lower middle income,1995,wb_dependency_ratio,77.2181587346218
XN,Lower middle income,1996,wb_dependency_ratio,76.3923263661499
XN,Lower middle income,1997,wb_dependency_ratio,75.5052416786612
XN,Lower middle income,1998,wb_dependency_ratio,74.5610589130856
XN,Lower middle income,1999,wb_dependency_ratio,73.5954305060537
XN,Lower middle income,2000,wb_dependency_ratio,72.6417124971918
XN,Lower middle income,2001,wb_dependency_ratio,71.7371652366488
XN,Lower middle income,2002,wb_dependency_ratio,70.90774898319
XN,Lower middle income,2003,wb_dependency_ratio,70.0976216280043
XN,Lower middle income,2004,wb_dependency_ratio,69.2487464993743
XN,Lower middle income,2005,wb_dependency_ratio,68.4016319276061
XN,Lower middle income,2006,wb_dependency_ratio,67.5741457861258
XN,Lower middle income,2007,wb_dependency_ratio,66.7632978834743
XN,Lower middle income,2008,wb_dependency_ratio,66.0015482641387
XN,Lower middle income,2009,wb_dependency_ratio,65.2884059051388
XN,Lower middle income,2010,wb_dependency_ratio,64.6071462025581
XN,Lower middle income,2011,wb_dependency_ratio,63.9558375118723
XN,Lower middle income,2012,wb_dependency_ratio,63.3391064875699
XN,Lower middle income,2013,wb_dependency_ratio,62.7307863630523
XN,Lower middle income,2014,wb_dependency_ratio,62.1339675344056
XN,Lower middle income,2015,wb_dependency_ratio,61.5674857759238
XN,Lower middle income,2016,wb_dependency_ratio,60.995111562884
XN,Lower middle income,2017,wb_dependency_ratio,60.4249246113683
XN,Lower middle income,2018,wb_dependency_ratio,59.9052779021468
XN,Lower middle income,2019,wb_dependency_ratio,59.4158356059453
XN,Lower middle income,2020,wb_dependency_ratio,58.8736548449681
XN,Lower middle income,2021,wb_dependency_ratio,58.2741810188431
XN,Lower middle income,2022,wb_dependency_ratio,57.7189166816091
XN,Lower middle income,2023,wb_dependency_ratio,57.2100902791274
XN,Lower middle income,2024,wb_dependency_ratio,56.6670213002294
XN,Lower middle income,2025,wb_dependency_ratio,56.1037412214829
XT,Upper middle income,1987,wb_dependency_ratio,62.4664593723378
XT,Upper middle income,1988,wb_dependency_ratio,61.6082254021043
XT,Upper middle income,1989,wb_dependency_ratio,60.9324862196415
XT,Upper middle income,1990,wb_dependency_ratio,60.496503256386
XT,Upper middle income,1991,wb_dependency_ratio,60.0488209017294
XT,Upper middle income,1992,wb_dependency_ratio,59.5351228380562
XT,Upper middle income,1993,wb_dependency_ratio,59.0403096134813
XT,Upper middle income,1994,wb_dependency_ratio,58.4552766551674
XT,Upper middle income,1995,wb_dependency_ratio,57.7269390183674
XT,Upper middle income,1996,wb_dependency_ratio,56.8533880590406
XT,Upper middle income,1997,wb_dependency_ratio,55.7962108412629
XT,Upper middle income,1998,wb_dependency_ratio,54.7188054530858
XT,Upper middle income,1999,wb_dependency_ratio,53.683742420709
XT,Upper middle income,2000,wb_dependency_ratio,52.6051555283553
XT,Upper middle income,2001,wb_dependency_ratio,51.4645138466289
XT,Upper middle income,2002,wb_dependency_ratio,50.2454153876765
XT,Upper middle income,2003,wb_dependency_ratio,49.0669191417367
XT,Upper middle income,2004,wb_dependency_ratio,47.9381830873231
XT,Upper middle income,2005,wb_dependency_ratio,46.8179712355817
XT,Upper middle income,2006,wb_dependency_ratio,45.9267768139897
XT,Upper middle income,2007,wb_dependency_ratio,45.3233244646096
XT,Upper middle income,2008,wb_dependency_ratio,44.8501158364858
XT,Upper middle income,2009,wb_dependency_ratio,44.4837626493563
XT,Upper middle income,2010,wb_dependency_ratio,44.2090867126002
XT,Upper middle income,2011,wb_dependency_ratio,44.0528555653561
XT,Upper middle income,2012,wb_dependency_ratio,44.0672125731257
XT,Upper middle income,2013,wb_dependency_ratio,44.2083819862321
XT,Upper middle income,2014,wb_dependency_ratio,44.4542064287521
XT,Upper middle income,2015,wb_dependency_ratio,44.7659453761806
XT,Upper middle income,2016,wb_dependency_ratio,45.143106634385
XT,Upper middle income,2017,wb_dependency_ratio,45.6453896121778
XT,Upper middle income,2018,wb_dependency_ratio,46.1164055141863
XT,Upper middle income,2019,wb_dependency_ratio,46.4974283033452
XT,Upper middle income,2020,wb_dependency_ratio,46.7749363461314
XT,Upper middle income,2021,wb_dependency_ratio,46.8501956535242
XT,Upper middle income,2022,wb_dependency_ratio,46.8509489161709
XT,Upper middle income,2023,wb_dependency_ratio,46.7597112263914
XT,Upper middle income,2024,wb_dependency_ratio,46.4509726708672
XT,Upper middle income,2025,wb_dependency_ratio,46.0321341914989
ARM,Armenia,1991,wb_employment_agriculture_pct,46.1474086290078
ARM,Armenia,1992,wb_employment_agriculture_pct,47.4278992015999
ARM,Armenia,1993,wb_employment_agriculture_pct,48.2178547061565
ARM,Armenia,1994,wb_employment_agriculture_pct,48.4006353486327
ARM,Armenia,1995,wb_employment_agriculture_pct,48.4271144539469
ARM,Armenia,1996,wb_employment_agriculture_pct,48.4044876080647
ARM,Armenia,1997,wb_employment_agriculture_pct,48.3791515074569
ARM,Armenia,1998,wb_employment_agriculture_pct,48.2669762678206
ARM,Armenia,1999,wb_employment_agriculture_pct,48.1112276604588
ARM,Armenia,2000,wb_employment_agriculture_pct,48.0114205373308
ARM,Armenia,2001,wb_employment_agriculture_pct,47.7251146961492
ARM,Armenia,2002,wb_employment_agriculture_pct,47.1561114299742
ARM,Armenia,2003,wb_employment_agriculture_pct,45.5743137930469
ARM,Armenia,2004,wb_employment_agriculture_pct,43.9950226530101
ARM,Armenia,2005,wb_employment_agriculture_pct,42.1542141856782
ARM,Armenia,2006,wb_employment_agriculture_pct,40.3833161139036
ARM,Armenia,2007,wb_employment_agriculture_pct,38.5220285622751
ARM,Armenia,2008,wb_employment_agriculture_pct,38.0129464946826
ARM,Armenia,2009,wb_employment_agriculture_pct,38.3211469823833
ARM,Armenia,2010,wb_employment_agriculture_pct,38.1977112932821
ARM,Armenia,2011,wb_employment_agriculture_pct,37.7896534775337
ARM,Armenia,2012,wb_employment_agriculture_pct,36.6331223494522
ARM,Armenia,2013,wb_employment_agriculture_pct,35.0431093835284
ARM,Armenia,2014,wb_employment_agriculture_pct,34.825817482368
ARM,Armenia,2015,wb_employment_agriculture_pct,35.3288010836507
ARM,Armenia,2016,wb_employment_agriculture_pct,33.5987515971242
ARM,Armenia,2017,wb_employment_agriculture_pct,31.34359798323
ARM,Armenia,2018,wb_employment_agriculture_pct,32.786395040351
ARM,Armenia,2019,wb_employment_agriculture_pct,30.5863217690375
ARM,Armenia,2020,wb_employment_agriculture_pct,29.386695527918
ARM,Armenia,2021,wb_employment_agriculture_pct,28.3441639766894
ARM,Armenia,2022,wb_employment_agriculture_pct,29.2443534553178
ARM,Armenia,2023,wb_employment_agriculture_pct,28.0666154479176
ARM,Armenia,2024,wb_employment_agriculture_pct,27.4809687153923
ARM,Armenia,2025,wb_employment_agriculture_pct,26.9715605307322
AZE,Azerbaijan,1991,wb_employment_agriculture_pct,44.9207261022523
AZE,Azerbaijan,1992,wb_employment_agriculture_pct,48.01201256646
AZE,Azerbaijan,1993,wb_employment_agriculture_pct,45.3116043416892
AZE,Azerbaijan,1994,wb_employment_agriculture_pct,44.1226008659617
AZE,Azerbaijan,1995,wb_employment_agriculture_pct,43.7211669849441
AZE,Azerbaijan,1996,wb_employment_agriculture_pct,44.3773902180231
AZE,Azerbaijan,1997,wb_employment_agriculture_pct,43.8591647777776
AZE,Azerbaijan,1998,wb_employment_agriculture_pct,42.9112553692415
AZE,Azerbaijan,1999,wb_employment_agriculture_pct,42.3139223789166
AZE,Azerbaijan,2000,wb_employment_agriculture_pct,41.0095774443475
AZE,Azerbaijan,2001,wb_employment_agriculture_pct,39.9542490900051
AZE,Azerbaijan,2002,wb_employment_agriculture_pct,40.1851753217022
AZE,Azerbaijan,2003,wb_employment_agriculture_pct,38.2023923807663
AZE,Azerbaijan,2004,wb_employment_agriculture_pct,39.5368921171508
AZE,Azerbaijan,2005,wb_employment_agriculture_pct,39.3174470129369
AZE,Azerbaijan,2006,wb_employment_agriculture_pct,39.5468870973488
AZE,Azerbaijan,2007,wb_employment_agriculture_pct,38.5491240620543
AZE,Azerbaijan,2008,wb_employment_agriculture_pct,39.5932069811489
AZE,Azerbaijan,2009,wb_employment_agriculture_pct,38.1247907893081
AZE,Azerbaijan,2010,wb_employment_agriculture_pct,38.2299818205873
AZE,Azerbaijan,2011,wb_employment_agriculture_pct,37.8827760060802
AZE,Azerbaijan,2012,wb_employment_agriculture_pct,37.6533372185107
AZE,Azerbaijan,2013,wb_employment_agriculture_pct,37.1005480477893
AZE,Azerbaijan,2014,wb_employment_agriculture_pct,36.7534573432793
AZE,Azerbaijan,2015,wb_employment_agriculture_pct,36.3558524226085
AZE,Azerbaijan,2016,wb_employment_agriculture_pct,36.3368932341397
AZE,Azerbaijan,2017,wb_employment_agriculture_pct,36.3506388833822
AZE,Azerbaijan,2018,wb_employment_agriculture_pct,36.2613565467275
AZE,Azerbaijan,2019,wb_employment_agriculture_pct,35.9495205782749
AZE,Azerbaijan,2020,wb_employment_agriculture_pct,35.9329033223703
AZE,Azerbaijan,2021,wb_employment_agriculture_pct,35.8696760423606
AZE,Azerbaijan,2022,wb_employment_agriculture_pct,35.7692962489406
AZE,Azerbaijan,2023,wb_employment_agriculture_pct,35.1385583811186
AZE,Azerbaijan,2024,wb_employment_agriculture_pct,34.691677509122
AZE,Azerbaijan,2025,wb_employment_agriculture_pct,34.2268398727574
ECS,Europe & Central Asia,1991,wb_employment_agriculture_pct,15.4942099362654
ECS,Europe & Central Asia,1992,wb_employment_agriculture_pct,15.6688289190901
ECS,Europe & Central Asia,1993,wb_employment_agriculture_pct,15.3959853967285
ECS,Europe & Central Asia,1994,wb_employment_agriculture_pct,15.5936636230834
ECS,Europe & Central Asia,1995,wb_employment_agriculture_pct,15.5212066152663
ECS,Europe & Central Asia,1996,wb_employment_agriculture_pct,15.1784699923704
ECS,Europe & Central Asia,1997,wb_employment_agriculture_pct,14.3632703137643
ECS,Europe & Central Asia,1998,wb_employment_agriculture_pct,14.0990890979064
ECS,Europe & Central Asia,1999,wb_employment_agriculture_pct,14.4454201908084
ECS,Europe & Central Asia,2000,wb_employment_agriculture_pct,13.8970446532608
ECS,Europe & Central Asia,2001,wb_employment_agriculture_pct,13.293432632438
ECS,Europe & Central Asia,2002,wb_employment_agriculture_pct,12.669140476393
ECS,Europe & Central Asia,2003,wb_employment_agriculture_pct,12.3159369815561
ECS,Europe & Central Asia,2004,wb_employment_agriculture_pct,11.4658544195929
ECS,Europe & Central Asia,2005,wb_employment_agriculture_pct,11.1041607932189
ECS,Europe & Central Asia,2006,wb_employment_agriculture_pct,10.6838145449785
ECS,Europe & Central Asia,2007,wb_employment_agriculture_pct,10.1514618426537
ECS,Europe & Central Asia,2008,wb_employment_agriculture_pct,9.78390909888776
ECS,Europe & Central Asia,2009,wb_employment_agriculture_pct,9.6314771726026
ECS,Europe & Central Asia,2010,wb_employment_agriculture_pct,9.66819155889711
ECS,Europe & Central Asia,2011,wb_employment_agriculture_pct,9.64443922420972
ECS,Europe & Central Asia,2012,wb_employment_agriculture_pct,9.47921404702118
ECS,Europe & Central Asia,2013,wb_employment_agriculture_pct,9.30600771451117
ECS,Europe & Central Asia,2014,wb_employment_agriculture_pct,9.12782718622094
ECS,Europe & Central Asia,2015,wb_employment_agriculture_pct,8.88949070629167
ECS,Europe & Central Asia,2016,wb_employment_agriculture_pct,8.66772611105401
ECS,Europe & Central Asia,2017,wb_employment_agriculture_pct,8.39117535473097
ECS,Europe & Central Asia,2018,wb_employment_agriculture_pct,8.13903676533894
ECS,Europe & Central Asia,2019,wb_employment_agriculture_pct,7.9096889512149
ECS,Europe & Central Asia,2020,wb_employment_agriculture_pct,7.86657250659468
ECS,Europe & Central Asia,2021,wb_employment_agriculture_pct,7.81256310281536
ECS,Europe & Central Asia,2022,wb_employment_agriculture_pct,7.30448507749928
ECS,Europe & Central Asia,2023,wb_employment_agriculture_pct,7.0353298955197
ECS,Europe & Central Asia,2024,wb_employment_agriculture_pct,6.80302635045232
ECS,Europe & Central Asia,2025,wb_employment_agriculture_pct,6.67280311801961
GEO,Georgia,1991,wb_employment_agriculture_pct,47.6433589529047
GEO,Georgia,1992,wb_employment_agriculture_pct,48.5121145994577
GEO,Georgia,1993,wb_employment_agriculture_pct,49.1929590343183
GEO,Georgia,1994,wb_employment_agriculture_pct,49.2756738292346
GEO,Georgia,1995,wb_employment_agriculture_pct,49.0633626035217
GEO,Georgia,1996,wb_employment_agriculture_pct,48.4155674368487
GEO,Georgia,1997,wb_employment_agriculture_pct,47.9147461962115
GEO,Georgia,1998,wb_employment_agriculture_pct,47.6311004923449
GEO,Georgia,1999,wb_employment_agriculture_pct,51.1421595496446
GEO,Georgia,2000,wb_employment_agriculture_pct,51.0870384028111
GEO,Georgia,2001,wb_employment_agriculture_pct,51.7302869984026
GEO,Georgia,2002,wb_employment_agriculture_pct,52.7814296599184
GEO,Georgia,2003,wb_employment_agriculture_pct,54.061933672943
GEO,Georgia,2004,wb_employment_agriculture_pct,53.166676033348
GEO,Georgia,2005,wb_employment_agriculture_pct,53.4606333233234
GEO,Georgia,2006,wb_employment_agriculture_pct,54.6300054827757
GEO,Georgia,2007,wb_employment_agriculture_pct,52.9201523139399
GEO,Georgia,2008,wb_employment_agriculture_pct,52.4184575239942
GEO,Georgia,2009,wb_employment_agriculture_pct,52.0772455997621
GEO,Georgia,2010,wb_employment_agriculture_pct,50.8223833892206
GEO,Georgia,2011,wb_employment_agriculture_pct,51.3277758679959
GEO,Georgia,2012,wb_employment_agriculture_pct,49.8845351119585
GEO,Georgia,2013,wb_employment_agriculture_pct,50.0884520202827
GEO,Georgia,2014,wb_employment_agriculture_pct,48.8735263071823
GEO,Georgia,2015,wb_employment_agriculture_pct,46.8993943013845
GEO,Georgia,2016,wb_employment_agriculture_pct,46.7033383983026
GEO,Georgia,2017,wb_employment_agriculture_pct,46.0174642277338
GEO,Georgia,2018,wb_employment_agriculture_pct,41.8700517419472
GEO,Georgia,2019,wb_employment_agriculture_pct,41.1418446285733
GEO,Georgia,2020,wb_employment_agriculture_pct,41.054721790325
GEO,Georgia,2021,wb_employment_agriculture_pct,39.7474595687038
GEO,Georgia,2022,wb_employment_agriculture_pct,36.9449892255144
GEO,Georgia,2023,wb_employment_agriculture_pct,35.6338894910963
GEO,Georgia,2024,wb_employment_agriculture_pct,34.7666736005864
GEO,Georgia,2025,wb_employment_agriculture_pct,33.9512428320628
KAZ,Kazakhstan,1991,wb_employment_agriculture_pct,37.9980422570247
KAZ,Kazakhstan,1992,wb_employment_agriculture_pct,38.114529354644
KAZ,Kazakhstan,1993,wb_employment_agriculture_pct,38.4070999180885
KAZ,Kazakhstan,1994,wb_employment_agriculture_pct,38.6727066777067
KAZ,Kazakhstan,1995,wb_employment_agriculture_pct,38.7425862186133
KAZ,Kazakhstan,1996,wb_employment_agriculture_pct,38.396852311834
KAZ,Kazakhstan,1997,wb_employment_agriculture_pct,37.9799318797435
KAZ,Kazakhstan,1998,wb_employment_agriculture_pct,37.8082234181529
KAZ,Kazakhstan,1999,wb_employment_agriculture_pct,37.2479782311272
KAZ,Kazakhstan,2000,wb_employment_agriculture_pct,36.5881878095628
KAZ,Kazakhstan,2001,wb_employment_agriculture_pct,35.5177706536488
KAZ,Kazakhstan,2002,wb_employment_agriculture_pct,35.4782401276311
KAZ,Kazakhstan,2003,wb_employment_agriculture_pct,35.2540306549935
KAZ,Kazakhstan,2004,wb_employment_agriculture_pct,33.5013479307042
KAZ,Kazakhstan,2005,wb_employment_agriculture_pct,32.4052464964521
KAZ,Kazakhstan,2006,wb_employment_agriculture_pct,31.5350852661228
KAZ,Kazakhstan,2007,wb_employment_agriculture_pct,31.2245243364866
KAZ,Kazakhstan,2008,wb_employment_agriculture_pct,30.1601585235058
KAZ,Kazakhstan,2009,wb_employment_agriculture_pct,29.0166252437857
KAZ,Kazakhstan,2010,wb_employment_agriculture_pct,28.2828628055327
KAZ,Kazakhstan,2011,wb_employment_agriculture_pct,26.4539322900539
KAZ,Kazakhstan,2012,wb_employment_agriculture_pct,25.5395338375296
KAZ,Kazakhstan,2013,wb_employment_agriculture_pct,24.1943279939116
KAZ,Kazakhstan,2014,wb_employment_agriculture_pct,21.8961884828685
KAZ,Kazakhstan,2015,wb_employment_agriculture_pct,18.0128552002403
KAZ,Kazakhstan,2016,wb_employment_agriculture_pct,16.3281046197709
KAZ,Kazakhstan,2017,wb_employment_agriculture_pct,15.3632871855099
KAZ,Kazakhstan,2018,wb_employment_agriculture_pct,14.3163639032135
KAZ,Kazakhstan,2019,wb_employment_agriculture_pct,13.7617849437852
KAZ,Kazakhstan,2020,wb_employment_agriculture_pct,13.457537388077
KAZ,Kazakhstan,2021,wb_employment_agriculture_pct,12.8283435948531
KAZ,Kazakhstan,2022,wb_employment_agriculture_pct,12.3601974435315
KAZ,Kazakhstan,2023,wb_employment_agriculture_pct,12.0248423569605
KAZ,Kazakhstan,2024,wb_employment_agriculture_pct,11.6472432672662
KAZ,Kazakhstan,2025,wb_employment_agriculture_pct,11.3195866944431
KGZ,Kyrgyz Republic,1991,wb_employment_agriculture_pct,24.7869961040439
KGZ,Kyrgyz Republic,1992,wb_employment_agriculture_pct,27.0828021908751
KGZ,Kyrgyz Republic,1993,wb_employment_agriculture_pct,27.7834067733408
KGZ,Kyrgyz Republic,1994,wb_employment_agriculture_pct,30.5830613867012
KGZ,Kyrgyz Republic,1995,wb_employment_agriculture_pct,35.7971297548484
KGZ,Kyrgyz Republic,1996,wb_employment_agriculture_pct,35.7837648722533
KGZ,Kyrgyz Republic,1997,wb_employment_agriculture_pct,37.0077772708672
KGZ,Kyrgyz Republic,1998,wb_employment_agriculture_pct,37.7162991772281
KGZ,Kyrgyz Republic,1999,wb_employment_agriculture_pct,41.4407233713231
KGZ,Kyrgyz Republic,2000,wb_employment_agriculture_pct,42.306092723296
KGZ,Kyrgyz Republic,2001,wb_employment_agriculture_pct,42.1513128342768
KGZ,Kyrgyz Republic,2002,wb_employment_agriculture_pct,38.0249770567229
KGZ,Kyrgyz Republic,2003,wb_employment_agriculture_pct,32.2233402416014
KGZ,Kyrgyz Republic,2004,wb_employment_agriculture_pct,28.1372436830088
KGZ,Kyrgyz Republic,2005,wb_employment_agriculture_pct,27.7656638797762
KGZ,Kyrgyz Republic,2006,wb_employment_agriculture_pct,25.7381233874334
KGZ,Kyrgyz Republic,2007,wb_employment_agriculture_pct,24.1896903323095
KGZ,Kyrgyz Republic,2008,wb_employment_agriculture_pct,23.8194364185801
KGZ,Kyrgyz Republic,2009,wb_employment_agriculture_pct,23.4562483071318
KGZ,Kyrgyz Republic,2010,wb_employment_agriculture_pct,23.2254699098023
KGZ,Kyrgyz Republic,2011,wb_employment_agriculture_pct,23.7614889086548
KGZ,Kyrgyz Republic,2012,wb_employment_agriculture_pct,22.9582295265984
KGZ,Kyrgyz Republic,2013,wb_employment_agriculture_pct,23.1706496788957
KGZ,Kyrgyz Republic,2014,wb_employment_agriculture_pct,24.0687553030422
KGZ,Kyrgyz Republic,2015,wb_employment_agriculture_pct,22.5052332074851
KGZ,Kyrgyz Republic,2016,wb_employment_agriculture_pct,20.6950983201358
KGZ,Kyrgyz Republic,2017,wb_employment_agriculture_pct,20.349770609691
KGZ,Kyrgyz Republic,2018,wb_employment_agriculture_pct,19.9967173788479
KGZ,Kyrgyz Republic,2019,wb_employment_agriculture_pct,16.356757524542
KGZ,Kyrgyz Republic,2020,wb_employment_agriculture_pct,17.671644415543
KGZ,Kyrgyz Republic,2021,wb_employment_agriculture_pct,16.8140070793762
KGZ,Kyrgyz Republic,2022,wb_employment_agriculture_pct,17.0122098692006
KGZ,Kyrgyz Republic,2023,wb_employment_agriculture_pct,16.7709655704674
KGZ,Kyrgyz Republic,2024,wb_employment_agriculture_pct,16.0073167575328
KGZ,Kyrgyz Republic,2025,wb_employment_agriculture_pct,15.4453856526596
MNG,Mongolia,1991,wb_employment_agriculture_pct,48.0902398493559
MNG,Mongolia,1992,wb_employment_agriculture_pct,50.0533241933436
MNG,Mongolia,1993,wb_employment_agriculture_pct,50.2425280781823
MNG,Mongolia,1994,wb_employment_agriculture_pct,50.4372966832142
MNG,Mongolia,1995,wb_employment_agriculture_pct,51.6589938516522
MNG,Mongolia,1996,wb_employment_agriculture_pct,52.1004570712923
MNG,Mongolia,1997,wb_employment_agriculture_pct,54.3118690675769
MNG,Mongolia,1998,wb_employment_agriculture_pct,55.1303290971952
MNG,Mongolia,1999,wb_employment_agriculture_pct,54.9858630240565
MNG,Mongolia,2000,wb_employment_agriculture_pct,54.5746175697214
MNG,Mongolia,2001,wb_employment_agriculture_pct,53.8827818388111
MNG,Mongolia,2002,wb_employment_agriculture_pct,50.7906749440339
MNG,Mongolia,2003,wb_employment_agriculture_pct,52.3724152536598
MNG,Mongolia,2004,wb_employment_agriculture_pct,50.9609630606046
MNG,Mongolia,2005,wb_employment_agriculture_pct,49.5423938047782
MNG,Mongolia,2006,wb_employment_agriculture_pct,47.912534526237
MNG,Mongolia,2007,wb_employment_agriculture_pct,47.8964951519966
MNG,Mongolia,2008,wb_employment_agriculture_pct,44.9458789283081
MNG,Mongolia,2009,wb_employment_agriculture_pct,42.7066099350652
MNG,Mongolia,2010,wb_employment_agriculture_pct,39.9223335451793
MNG,Mongolia,2011,wb_employment_agriculture_pct,39.4661693416545
MNG,Mongolia,2012,wb_employment_agriculture_pct,37.7133052457547
MNG,Mongolia,2013,wb_employment_agriculture_pct,36.1044478943136
MNG,Mongolia,2014,wb_employment_agriculture_pct,34.2900723615594
MNG,Mongolia,2015,wb_employment_agriculture_pct,34.8259880467816
MNG,Mongolia,2016,wb_employment_agriculture_pct,36.7430120171734
MNG,Mongolia,2017,wb_employment_agriculture_pct,35.0813284987755
MNG,Mongolia,2018,wb_employment_agriculture_pct,32.8251535520469
MNG,Mongolia,2019,wb_employment_agriculture_pct,32.2994495143044
MNG,Mongolia,2020,wb_employment_agriculture_pct,29.5268324697018
MNG,Mongolia,2021,wb_employment_agriculture_pct,29.6458744199708
MNG,Mongolia,2022,wb_employment_agriculture_pct,28.8276904130636
MNG,Mongolia,2023,wb_employment_agriculture_pct,28.3916817018137
MNG,Mongolia,2024,wb_employment_agriculture_pct,27.2597520518923
MNG,Mongolia,2025,wb_employment_agriculture_pct,27.0038543570098
TJK,Tajikistan,1991,wb_employment_agriculture_pct,51.4655833644479
TJK,Tajikistan,1992,wb_employment_agriculture_pct,53.0317425673493
TJK,Tajikistan,1993,wb_employment_agriculture_pct,54.4438147372687
TJK,Tajikistan,1994,wb_employment_agriculture_pct,56.0126243933333
TJK,Tajikistan,1995,wb_employment_agriculture_pct,57.4791818069531
TJK,Tajikistan,1996,wb_employment_agriculture_pct,58.768484294885
TJK,Tajikistan,1997,wb_employment_agriculture_pct,59.263634235088
TJK,Tajikistan,1998,wb_employment_agriculture_pct,59.3674617476563
TJK,Tajikistan,1999,wb_employment_agriculture_pct,59.5132748123966
TJK,Tajikistan,2000,wb_employment_agriculture_pct,59.2695463247295
TJK,Tajikistan,2001,wb_employment_agriculture_pct,58.5727803328644
TJK,Tajikistan,2002,wb_employment_agriculture_pct,57.7067277854068
TJK,Tajikistan,2003,wb_employment_agriculture_pct,56.8108443943457
TJK,Tajikistan,2004,wb_employment_agriculture_pct,55.6858438043367
TJK,Tajikistan,2005,wb_employment_agriculture_pct,55.2349691992968
TJK,Tajikistan,2006,wb_employment_agriculture_pct,54.8658399427428
TJK,Tajikistan,2007,wb_employment_agriculture_pct,54.3323068515448
TJK,Tajikistan,2008,wb_employment_agriculture_pct,53.7324413378292
TJK,Tajikistan,2009,wb_employment_agriculture_pct,53.128667265944
TJK,Tajikistan,2010,wb_employment_agriculture_pct,52.4308935099027
TJK,Tajikistan,2011,wb_employment_agriculture_pct,51.7355656941247
TJK,Tajikistan,2012,wb_employment_agriculture_pct,50.9094695632905
TJK,Tajikistan,2013,wb_employment_agriculture_pct,49.9710186418176
TJK,Tajikistan,2014,wb_employment_agriculture_pct,49.2044291614532
TJK,Tajikistan,2015,wb_employment_agriculture_pct,48.4380161504229
TJK,Tajikistan,2016,wb_employment_agriculture_pct,47.4951809193176
TJK,Tajikistan,2017,wb_employment_agriculture_pct,46.6144804932171
TJK,Tajikistan,2018,wb_employment_agriculture_pct,45.7589738474469
TJK,Tajikistan,2019,wb_employment_agriculture_pct,45.0248100946878
TJK,Tajikistan,2020,wb_employment_agriculture_pct,46.69021699402
TJK,Tajikistan,2021,wb_employment_agriculture_pct,46.7764735457474
TJK,Tajikistan,2022,wb_employment_agriculture_pct,45.927873583851
TJK,Tajikistan,2023,wb_employment_agriculture_pct,45.0625065545736
TJK,Tajikistan,2024,wb_employment_agriculture_pct,44.1181384030014
TJK,Tajikistan,2025,wb_employment_agriculture_pct,43.2727474884624
TKM,Turkmenistan,1991,wb_employment_agriculture_pct,40.0314808937178
TKM,Turkmenistan,1992,wb_employment_agriculture_pct,40.6825148420537
TKM,Turkmenistan,1993,wb_employment_agriculture_pct,40.5176262470293
TKM,Turkmenistan,1994,wb_employment_agriculture_pct,41.3820793272976
TKM,Turkmenistan,1995,wb_employment_agriculture_pct,41.7316297314842
TKM,Turkmenistan,1996,wb_employment_agriculture_pct,41.0739514269271
TKM,Turkmenistan,1997,wb_employment_agriculture_pct,41.6402473452356
TKM,Turkmenistan,1998,wb_employment_agriculture_pct,40.9452185381639
TKM,Turkmenistan,1999,wb_employment_agriculture_pct,39.7345243855383
TKM,Turkmenistan,2000,wb_employment_agriculture_pct,39.1005411862631
TKM,Turkmenistan,2001,wb_employment_agriculture_pct,38.5428915542443
TKM,Turkmenistan,2002,wb_employment_agriculture_pct,38.2445689186551
TKM,Turkmenistan,2003,wb_employment_agriculture_pct,37.7163729071806
TKM,Turkmenistan,2004,wb_employment_agriculture_pct,37.0537118590752
TKM,Turkmenistan,2005,wb_employment_agriculture_pct,35.854446341578
TKM,Turkmenistan,2006,wb_employment_agriculture_pct,34.7627883987839
TKM,Turkmenistan,2007,wb_employment_agriculture_pct,33.6772980270884
TKM,Turkmenistan,2008,wb_employment_agriculture_pct,32.3889718048895
TKM,Turkmenistan,2009,wb_employment_agriculture_pct,31.6453033651144
TKM,Turkmenistan,2010,wb_employment_agriculture_pct,30.7151813385696
TKM,Turkmenistan,2011,wb_employment_agriculture_pct,29.497187873517
TKM,Turkmenistan,2012,wb_employment_agriculture_pct,28.4803979061646
TKM,Turkmenistan,2013,wb_employment_agriculture_pct,27.5487296660748
TKM,Turkmenistan,2014,wb_employment_agriculture_pct,26.6353317242918
TKM,Turkmenistan,2015,wb_employment_agriculture_pct,25.9941277006004
TKM,Turkmenistan,2016,wb_employment_agriculture_pct,25.3910173626058
TKM,Turkmenistan,2017,wb_employment_agriculture_pct,24.7810807374985
TKM,Turkmenistan,2018,wb_employment_agriculture_pct,24.2000173170623
TKM,Turkmenistan,2019,wb_employment_agriculture_pct,23.6233446792679
TKM,Turkmenistan,2020,wb_employment_agriculture_pct,23.8504857778113
TKM,Turkmenistan,2021,wb_employment_agriculture_pct,23.3792405513415
TKM,Turkmenistan,2022,wb_employment_agriculture_pct,22.8195611805488
TKM,Turkmenistan,2023,wb_employment_agriculture_pct,22.2639025833169
TKM,Turkmenistan,2024,wb_employment_agriculture_pct,22.2215537100341
TKM,Turkmenistan,2025,wb_employment_agriculture_pct,21.9331854636199
UZB,Uzbekistan,1991,wb_employment_agriculture_pct,38.7673883094858
UZB,Uzbekistan,1992,wb_employment_agriculture_pct,39.0275801128894
UZB,Uzbekistan,1993,wb_employment_agriculture_pct,39.079919849079
UZB,Uzbekistan,1994,wb_employment_agriculture_pct,39.5347691393009
UZB,Uzbekistan,1995,wb_employment_agriculture_pct,39.3909225468746
UZB,Uzbekistan,1996,wb_employment_agriculture_pct,39.1551857867856
UZB,Uzbekistan,1997,wb_employment_agriculture_pct,38.9458386820337
UZB,Uzbekistan,1998,wb_employment_agriculture_pct,38.2168853127924
UZB,Uzbekistan,1999,wb_employment_agriculture_pct,37.4199904119504
UZB,Uzbekistan,2000,wb_employment_agriculture_pct,36.7892194210918
UZB,Uzbekistan,2001,wb_employment_agriculture_pct,36.024472133399
UZB,Uzbekistan,2002,wb_employment_agriculture_pct,35.2582905545618
UZB,Uzbekistan,2003,wb_employment_agriculture_pct,34.4227446011705
UZB,Uzbekistan,2004,wb_employment_agriculture_pct,33.4116704565652
UZB,Uzbekistan,2005,wb_employment_agriculture_pct,32.3936803534658
UZB,Uzbekistan,2006,wb_employment_agriculture_pct,31.3322878537804
UZB,Uzbekistan,2007,wb_employment_agriculture_pct,30.1376511720839
UZB,Uzbekistan,2008,wb_employment_agriculture_pct,28.9317165337553
UZB,Uzbekistan,2009,wb_employment_agriculture_pct,27.8584255886288
UZB,Uzbekistan,2010,wb_employment_agriculture_pct,26.9604574395174
UZB,Uzbekistan,2011,wb_employment_agriculture_pct,27.2340544475864
UZB,Uzbekistan,2012,wb_employment_agriculture_pct,26.7419149978203
UZB,Uzbekistan,2013,wb_employment_agriculture_pct,27.2993593375509
UZB,Uzbekistan,2014,wb_employment_agriculture_pct,27.6562830050207
UZB,Uzbekistan,2015,wb_employment_agriculture_pct,27.5816950924486
UZB,Uzbekistan,2016,wb_employment_agriculture_pct,27.4220937139458
UZB,Uzbekistan,2017,wb_employment_agriculture_pct,27.1539848581967
UZB,Uzbekistan,2018,wb_employment_agriculture_pct,26.6493914736113
UZB,Uzbekistan,2019,wb_employment_agriculture_pct,26.1766052839745
UZB,Uzbekistan,2020,wb_employment_agriculture_pct,27.1860834171962
UZB,Uzbekistan,2021,wb_employment_agriculture_pct,26.9945200455118
UZB,Uzbekistan,2022,wb_employment_agriculture_pct,26.5612109703802
UZB,Uzbekistan,2023,wb_employment_agriculture_pct,26.1279176228967
UZB,Uzbekistan,2024,wb_employment_agriculture_pct,25.6474629581127
UZB,Uzbekistan,2025,wb_employment_agriculture_pct,25.1978529929594
VNM,Viet Nam,1991,wb_employment_agriculture_pct,73.9942675327389
VNM,Viet Nam,1992,wb_employment_agriculture_pct,73.0390297362794
VNM,Viet Nam,1993,wb_employment_agriculture_pct,72.0678409679883
VNM,Viet Nam,1994,wb_employment_agriculture_pct,70.9756690120277
VNM,Viet Nam,1995,wb_employment_agriculture_pct,69.8798599146647
VNM,Viet Nam,1996,wb_employment_agriculture_pct,68.8158556148821
VNM,Viet Nam,1997,wb_employment_agriculture_pct,64.2522198359702
VNM,Viet Nam,1998,wb_employment_agriculture_pct,63.6380879452189
VNM,Viet Nam,1999,wb_employment_agriculture_pct,63.8986920500782
VNM,Viet Nam,2000,wb_employment_agriculture_pct,64.2067524636564
VNM,Viet Nam,2001,wb_employment_agriculture_pct,62.9605481381699
VNM,Viet Nam,2002,wb_employment_agriculture_pct,60.9875981634439
VNM,Viet Nam,2003,wb_employment_agriculture_pct,58.611476135845
VNM,Viet Nam,2004,wb_employment_agriculture_pct,56.8148843283668
VNM,Viet Nam,2005,wb_employment_agriculture_pct,53.7047452068858
VNM,Viet Nam,2006,wb_employment_agriculture_pct,50.5289801091515
VNM,Viet Nam,2007,wb_employment_agriculture_pct,49.2835644508915
VNM,Viet Nam,2008,wb_employment_agriculture_pct,48.5137210815112
VNM,Viet Nam,2009,wb_employment_agriculture_pct,47.5525771385783
VNM,Viet Nam,2010,wb_employment_agriculture_pct,48.7073170030533
VNM,Viet Nam,2011,wb_employment_agriculture_pct,48.3142512169317
VNM,Viet Nam,2012,wb_employment_agriculture_pct,47.3667761338807
VNM,Viet Nam,2013,wb_employment_agriculture_pct,46.813420117302
VNM,Viet Nam,2014,wb_employment_agriculture_pct,46.3357632626857
VNM,Viet Nam,2015,wb_employment_agriculture_pct,44.0184515218041
VNM,Viet Nam,2016,wb_employment_agriculture_pct,41.8649072066788
VNM,Viet Nam,2017,wb_employment_agriculture_pct,40.1554391261382
VNM,Viet Nam,2018,wb_employment_agriculture_pct,37.7241139171479
VNM,Viet Nam,2019,wb_employment_agriculture_pct,34.5351601063592
VNM,Viet Nam,2020,wb_employment_agriculture_pct,32.6123879661738
VNM,Viet Nam,2021,wb_employment_agriculture_pct,29.0283266030004
VNM,Viet Nam,2022,wb_employment_agriculture_pct,33.4623722339218
VNM,Viet Nam,2023,wb_employment_agriculture_pct,26.9827056291982
VNM,Viet Nam,2024,wb_employment_agriculture_pct,25.8741334316538
VNM,Viet Nam,2025,wb_employment_agriculture_pct,25.0433926775449
XN,Lower middle income,1991,wb_employment_agriculture_pct,58.6587019216145
XN,Lower middle income,1992,wb_employment_agriculture_pct,58.4515214864769
XN,Lower middle income,1993,wb_employment_agriculture_pct,58.1706157546895
XN,Lower middle income,1994,wb_employment_agriculture_pct,58.1743201833912
XN,Lower middle income,1995,wb_employment_agriculture_pct,57.6605996093631
XN,Lower middle income,1996,wb_employment_agriculture_pct,57.1653200994087
XN,Lower middle income,1997,wb_employment_agriculture_pct,56.5768144975273
XN,Lower middle income,1998,wb_employment_agriculture_pct,56.4281146033572
XN,Lower middle income,1999,wb_employment_agriculture_pct,55.9398730373829
XN,Lower middle income,2000,wb_employment_agriculture_pct,55.7800713080748
XN,Lower middle income,2001,wb_employment_agriculture_pct,54.9813736552067
XN,Lower middle income,2002,wb_employment_agriculture_pct,54.2182913813989
XN,Lower middle income,2003,wb_employment_agriculture_pct,53.1939584106846
XN,Lower middle income,2004,wb_employment_agriculture_pct,52.3346595382004
XN,Lower middle income,2005,wb_employment_agriculture_pct,51.4544520428342
XN,Lower middle income,2006,wb_employment_agriculture_pct,50.7838907982235
XN,Lower middle income,2007,wb_employment_agriculture_pct,49.9917697087226
XN,Lower middle income,2008,wb_employment_agriculture_pct,49.4767077256282
XN,Lower middle income,2009,wb_employment_agriculture_pct,48.5628809296028
XN,Lower middle income,2010,wb_employment_agriculture_pct,47.6972071840564
XN,Lower middle income,2011,wb_employment_agriculture_pct,46.5376851867365
XN,Lower middle income,2012,wb_employment_agriculture_pct,45.1525434068977
XN,Lower middle income,2013,wb_employment_agriculture_pct,44.4356821135468
XN,Lower middle income,2014,wb_employment_agriculture_pct,43.6722300828631
XN,Lower middle income,2015,wb_employment_agriculture_pct,42.8508511694796
XN,Lower middle income,2016,wb_employment_agriculture_pct,42.2371714582756
XN,Lower middle income,2017,wb_employment_agriculture_pct,41.3857291316324
XN,Lower middle income,2018,wb_employment_agriculture_pct,40.470120488553
XN,Lower middle income,2019,wb_employment_agriculture_pct,40.0588021347096
XN,Lower middle income,2020,wb_employment_agriculture_pct,42.3682462553312
XN,Lower middle income,2021,wb_employment_agriculture_pct,41.8428070190718
XN,Lower middle income,2022,wb_employment_agriculture_pct,40.7941150544607
XN,Lower middle income,2023,wb_employment_agriculture_pct,41.131585528241
XN,Lower middle income,2024,wb_employment_agriculture_pct,40.3758209921574
XN,Lower middle income,2025,wb_employment_agriculture_pct,39.7662314223418
XT,Upper middle income,1991,wb_employment_agriculture_pct,49.8196729680408
XT,Upper middle income,1992,wb_employment_agriculture_pct,49.0301857328674
XT,Upper middle income,1993,wb_employment_agriculture_pct,47.3790717594564
XT,Upper middle income,1994,wb_employment_agriculture_pct,45.8944121941611
XT,Upper middle income,1995,wb_employment_agriculture_pct,44.3877788275361
XT,Upper middle income,1996,wb_employment_agriculture_pct,43.0413069453172
XT,Upper middle income,1997,wb_employment_agriculture_pct,42.3621337184429
XT,Upper middle income,1998,wb_employment_agriculture_pct,42.2948573194259
XT,Upper middle income,1999,wb_employment_agriculture_pct,42.4281354349389
XT,Upper middle income,2000,wb_employment_agriculture_pct,42.1534232569314
XT,Upper middle income,2001,wb_employment_agriculture_pct,41.8403714978407
XT,Upper middle income,2002,wb_employment_agriculture_pct,41.6750519365651
XT,Upper middle income,2003,wb_employment_agriculture_pct,41.0306672254596
XT,Upper middle income,2004,wb_employment_agriculture_pct,39.2108447010003
XT,Upper middle income,2005,wb_employment_agriculture_pct,37.68405945304
XT,Upper middle income,2006,wb_employment_agriculture_pct,35.8998164145814
XT,Upper middle income,2007,wb_employment_agriculture_pct,34.5724163385116
XT,Upper middle income,2008,wb_employment_agriculture_pct,33.6452261386621
XT,Upper middle income,2009,wb_employment_agriculture_pct,32.6574860906992
XT,Upper middle income,2010,wb_employment_agriculture_pct,31.647916465491
XT,Upper middle income,2011,wb_employment_agriculture_pct,30.407922803963
XT,Upper middle income,2012,wb_employment_agriculture_pct,29.5373745323898
XT,Upper middle income,2013,wb_employment_agriculture_pct,28.0157126082183
XT,Upper middle income,2014,wb_employment_agriculture_pct,26.6088886675542
XT,Upper middle income,2015,wb_employment_agriculture_pct,25.6409681808959
XT,Upper middle income,2016,wb_employment_agriculture_pct,24.8765734269664
XT,Upper middle income,2017,wb_employment_agriculture_pct,24.2390780799804
XT,Upper middle income,2018,wb_employment_agriculture_pct,23.4509634987901
XT,Upper middle income,2019,wb_employment_agriculture_pct,22.514206398893
XT,Upper middle income,2020,wb_employment_agriculture_pct,22.2471290218516
XT,Upper middle income,2021,wb_employment_agriculture_pct,21.5315338552922
XT,Upper middle income,2022,wb_employment_agriculture_pct,22.095220253668
XT,Upper middle income,2023,wb_employment_agriculture_pct,20.9183024606992
XT,Upper middle income,2024,wb_employment_agriculture_pct,20.3206155564617
XT,Upper middle income,2025,wb_employment_agriculture_pct,19.8398751642787
ARM,Armenia,1992,wb_gni_per_capita_atlas,300.0
ARM,Armenia,1993,wb_gni_per_capita_atlas,350.0
ARM,Armenia,1994,wb_gni_per_capita_atlas,390.0
ARM,Armenia,1995,wb_gni_per_capita_atlas,460.0
ARM,Armenia,1996,wb_gni_per_capita_atlas,500.0
ARM,Armenia,1997,wb_gni_per_capita_atlas,540.0
ARM,Armenia,1998,wb_gni_per_capita_atlas,570.0
ARM,Armenia,1999,wb_gni_per_capita_atlas,600.0
ARM,Armenia,2000,wb_gni_per_capita_atlas,630.0
ARM,Armenia,2001,wb_gni_per_capita_atlas,680.0
ARM,Armenia,2002,wb_gni_per_capita_atlas,760.0
ARM,Armenia,2003,wb_gni_per_capita_atlas,910.0
ARM,Armenia,2004,wb_gni_per_capita_atlas,1120.0
ARM,Armenia,2005,wb_gni_per_capita_atlas,1460.0
ARM,Armenia,2006,wb_gni_per_capita_atlas,1910.0
ARM,Armenia,2007,wb_gni_per_capita_atlas,2600.0
ARM,Armenia,2008,wb_gni_per_capita_atlas,3390.0
ARM,Armenia,2009,wb_gni_per_capita_atlas,3140.0
ARM,Armenia,2010,wb_gni_per_capita_atlas,3280.0
ARM,Armenia,2011,wb_gni_per_capita_atlas,3360.0
ARM,Armenia,2012,wb_gni_per_capita_atlas,3700.0
ARM,Armenia,2013,wb_gni_per_capita_atlas,3940.0
ARM,Armenia,2014,wb_gni_per_capita_atlas,4000.0
ARM,Armenia,2015,wb_gni_per_capita_atlas,3910.0
ARM,Armenia,2016,wb_gni_per_capita_atlas,3690.0
ARM,Armenia,2017,wb_gni_per_capita_atlas,3900.0
ARM,Armenia,2018,wb_gni_per_capita_atlas,4220.0
ARM,Armenia,2019,wb_gni_per_capita_atlas,4650.0
ARM,Armenia,2020,wb_gni_per_capita_atlas,4230.0
ARM,Armenia,2021,wb_gni_per_capita_atlas,4580.0
ARM,Armenia,2022,wb_gni_per_capita_atlas,5690.0
ARM,Armenia,2023,wb_gni_per_capita_atlas,6850.0
ARM,Armenia,2024,wb_gni_per_capita_atlas,7810.0
ARM,Armenia,2025,wb_gni_per_capita_atlas,9020.0
AZE,Azerbaijan,1992,wb_gni_per_capita_atlas,160.0
AZE,Azerbaijan,1993,wb_gni_per_capita_atlas,110.0
AZE,Azerbaijan,1994,wb_gni_per_capita_atlas,80.0
AZE,Azerbaijan,1995,wb_gni_per_capita_atlas,180.0
AZE,Azerbaijan,1996,wb_gni_per_capita_atlas,240.0
AZE,Azerbaijan,1997,wb_gni_per_capita_atlas,410.0
AZE,Azerbaijan,1998,wb_gni_per_capita_atlas,510.0
AZE,Azerbaijan,1999,wb_gni_per_capita_atlas,600.0
AZE,Azerbaijan,2000,wb_gni_per_capita_atlas,630.0
AZE,Azerbaijan,2001,wb_gni_per_capita_atlas,680.0
AZE,Azerbaijan,2002,wb_gni_per_capita_atlas,740.0
AZE,Azerbaijan,2003,wb_gni_per_capita_atlas,840.0
AZE,Azerbaijan,2004,wb_gni_per_capita_atlas,960.0
AZE,Azerbaijan,2005,wb_gni_per_capita_atlas,1290.0
AZE,Azerbaijan,2006,wb_gni_per_capita_atlas,1920.0
AZE,Azerbaijan,2007,wb_gni_per_capita_atlas,2740.0
AZE,Azerbaijan,2008,wb_gni_per_capita_atlas,3900.0
AZE,Azerbaijan,2009,wb_gni_per_capita_atlas,4820.0
AZE,Azerbaijan,2010,wb_gni_per_capita_atlas,5400.0
AZE,Azerbaijan,2011,wb_gni_per_capita_atlas,5490.0
AZE,Azerbaijan,2012,wb_gni_per_capita_atlas,6440.0
AZE,Azerbaijan,2013,wb_gni_per_capita_atlas,7450.0
AZE,Azerbaijan,2014,wb_gni_per_capita_atlas,7740.0
AZE,Azerbaijan,2015,wb_gni_per_capita_atlas,6610.0
AZE,Azerbaijan,2016,wb_gni_per_capita_atlas,4790.0
AZE,Azerbaijan,2017,wb_gni_per_capita_atlas,4110.0
AZE,Azerbaijan,2018,wb_gni_per_capita_atlas,4080.0
AZE,Azerbaijan,2019,wb_gni_per_capita_atlas,4510.0
AZE,Azerbaijan,2020,wb_gni_per_capita_atlas,4480.0
AZE,Azerbaijan,2021,wb_gni_per_capita_atlas,4910.0
AZE,Azerbaijan,2022,wb_gni_per_capita_atlas,5670.0
AZE,Azerbaijan,2023,wb_gni_per_capita_atlas,6680.0
AZE,Azerbaijan,2024,wb_gni_per_capita_atlas,7340.0
AZE,Azerbaijan,2025,wb_gni_per_capita_atlas,7360.0
ECS,Europe & Central Asia,1987,wb_gni_per_capita_atlas,6656.52755762708
ECS,Europe & Central Asia,1988,wb_gni_per_capita_atlas,8519.78954820245
ECS,Europe & Central Asia,1989,wb_gni_per_capita_atlas,9093.69471673445
ECS,Europe & Central Asia,1990,wb_gni_per_capita_atlas,9759.19169034011
ECS,Europe & Central Asia,1991,wb_gni_per_capita_atlas,10360.8158604281
ECS,Europe & Central Asia,1992,wb_gni_per_capita_atlas,11429.0583888616
ECS,Europe & Central Asia,1993,wb_gni_per_capita_atlas,11270.5076285191
ECS,Europe & Central Asia,1994,wb_gni_per_capita_atlas,11474.3541706655
ECS,Europe & Central Asia,1995,wb_gni_per_capita_atlas,11995.8597058777
ECS,Europe & Central Asia,1996,wb_gni_per_capita_atlas,12723.7497853694
ECS,Europe & Central Asia,1997,wb_gni_per_capita_atlas,13018.7608424482
ECS,Europe & Central Asia,1998,wb_gni_per_capita_atlas,12602.2921878924
ECS,Europe & Central Asia,1999,wb_gni_per_capita_atlas,12448.6595517231
ECS,Europe & Central Asia,2000,wb_gni_per_capita_atlas,12515.1129952248
ECS,Europe & Central Asia,2001,wb_gni_per_capita_atlas,12109.3736611352
ECS,Europe & Central Asia,2002,wb_gni_per_capita_atlas,12032.6210838882
ECS,Europe & Central Asia,2003,wb_gni_per_capita_atlas,13615.2645343703
ECS,Europe & Central Asia,2004,wb_gni_per_capita_atlas,16567.4015222735
ECS,Europe & Central Asia,2005,wb_gni_per_capita_atlas,19214.1281526195
ECS,Europe & Central Asia,2006,wb_gni_per_capita_atlas,20804.5199673531
ECS,Europe & Central Asia,2007,wb_gni_per_capita_atlas,22561.7600067555
ECS,Europe & Central Asia,2008,wb_gni_per_capita_atlas,24583.0855802477
ECS,Europe & Central Asia,2009,wb_gni_per_capita_atlas,24376.7087573314
ECS,Europe & Central Asia,2010,wb_gni_per_capita_atlas,24628.2425220223
ECS,Europe & Central Asia,2011,wb_gni_per_capita_atlas,25112.8051516543
ECS,Europe & Central Asia,2012,wb_gni_per_capita_atlas,25417.0101218217
ECS,Europe & Central Asia,2013,wb_gni_per_capita_atlas,26140.7763609274
ECS,Europe & Central Asia,2014,wb_gni_per_capita_atlas,26211.0810971608
ECS,Europe & Central Asia,2015,wb_gni_per_capita_atlas,24805.6596706664
ECS,Europe & Central Asia,2016,wb_gni_per_capita_atlas,23505.9667663501
ECS,Europe & Central Asia,2017,wb_gni_per_capita_atlas,23014.516657119
ECS,Europe & Central Asia,2018,wb_gni_per_capita_atlas,24613.0396682223
ECS,Europe & Central Asia,2019,wb_gni_per_capita_atlas,25509.995754957
ECS,Europe & Central Asia,2020,wb_gni_per_capita_atlas,24201.0282325003
ECS,Europe & Central Asia,2021,wb_gni_per_capita_atlas,26970.5502064422
ECS,Europe & Central Asia,2022,wb_gni_per_capita_atlas,28775.2816896222
ECS,Europe & Central Asia,2023,wb_gni_per_capita_atlas,29462.2295399831
ECS,Europe & Central Asia,2024,wb_gni_per_capita_atlas,29967.3855709798
ECS,Europe & Central Asia,2025,wb_gni_per_capita_atlas,32821.7594894453
GEO,Georgia,1990,wb_gni_per_capita_atlas,1640.0
GEO,Georgia,1991,wb_gni_per_capita_atlas,1330.0
GEO,Georgia,1992,wb_gni_per_capita_atlas,750.0
GEO,Georgia,1993,wb_gni_per_capita_atlas,540.0
GEO,Georgia,1994,wb_gni_per_capita_atlas,510.0
GEO,Georgia,1995,wb_gni_per_capita_atlas,550.0
GEO,Georgia,1996,wb_gni_per_capita_atlas,670.0
GEO,Georgia,1997,wb_gni_per_capita_atlas,820.0
GEO,Georgia,1998,wb_gni_per_capita_atlas,870.0
GEO,Georgia,1999,wb_gni_per_capita_atlas,840.0
GEO,Georgia,2000,wb_gni_per_capita_atlas,790.0
GEO,Georgia,2001,wb_gni_per_capita_atlas,780.0
GEO,Georgia,2002,wb_gni_per_capita_atlas,840.0
GEO,Georgia,2003,wb_gni_per_capita_atlas,990.0
GEO,Georgia,2004,wb_gni_per_capita_atlas,1210.0
GEO,Georgia,2005,wb_gni_per_capita_atlas,1520.0
GEO,Georgia,2006,wb_gni_per_capita_atlas,1910.0
GEO,Georgia,2007,wb_gni_per_capita_atlas,2380.0
GEO,Georgia,2008,wb_gni_per_capita_atlas,2820.0
GEO,Georgia,2009,wb_gni_per_capita_atlas,2950.0
GEO,Georgia,2010,wb_gni_per_capita_atlas,3220.0
GEO,Georgia,2011,wb_gni_per_capita_atlas,3580.0
GEO,Georgia,2012,wb_gni_per_capita_atlas,4250.0
GEO,Georgia,2013,wb_gni_per_capita_atlas,4680.0
GEO,Georgia,2014,wb_gni_per_capita_atlas,4850.0
GEO,Georgia,2015,wb_gni_per_capita_atlas,4500.0
GEO,Georgia,2016,wb_gni_per_capita_atlas,4180.0
GEO,Georgia,2017,wb_gni_per_capita_atlas,4130.0
GEO,Georgia,2018,wb_gni_per_capita_atlas,4580.0
GEO,Georgia,2019,wb_gni_per_capita_atlas,4780.0
GEO,Georgia,2020,wb_gni_per_capita_atlas,4330.0
GEO,Georgia,2021,wb_gni_per_capita_atlas,4760.0
GEO,Georgia,2022,wb_gni_per_capita_atlas,5690.0
GEO,Georgia,2023,wb_gni_per_capita_atlas,6710.0
GEO,Georgia,2024,wb_gni_per_capita_atlas,7870.0
GEO,Georgia,2025,wb_gni_per_capita_atlas,8990.0
KAZ,Kazakhstan,1993,wb_gni_per_capita_atlas,1350.0
KAZ,Kazakhstan,1994,wb_gni_per_capita_atlas,1240.0
KAZ,Kazakhstan,1995,wb_gni_per_capita_atlas,1210.0
KAZ,Kazakhstan,1996,wb_gni_per_capita_atlas,1270.0
KAZ,Kazakhstan,1997,wb_gni_per_capita_atlas,1330.0
KAZ,Kazakhstan,1998,wb_gni_per_capita_atlas,1340.0
KAZ,Kazakhstan,1999,wb_gni_per_capita_atlas,1250.0
KAZ,Kazakhstan,2000,wb_gni_per_capita_atlas,1220.0
KAZ,Kazakhstan,2001,wb_gni_per_capita_atlas,1290.0
KAZ,Kazakhstan,2002,wb_gni_per_capita_atlas,1450.0
KAZ,Kazakhstan,2003,wb_gni_per_capita_atlas,1720.0
KAZ,Kazakhstan,2004,wb_gni_per_capita_atlas,2180.0
KAZ,Kazakhstan,2005,wb_gni_per_capita_atlas,2780.0
KAZ,Kazakhstan,2006,wb_gni_per_capita_atlas,3670.0
KAZ,Kazakhstan,2007,wb_gni_per_capita_atlas,4740.0
KAZ,Kazakhstan,2008,wb_gni_per_capita_atlas,5870.0
KAZ,Kazakhstan,2009,wb_gni_per_capita_atlas,6580.0
KAZ,Kazakhstan,2010,wb_gni_per_capita_atlas,7210.0
KAZ,Kazakhstan,2011,wb_gni_per_capita_atlas,8030.0
KAZ,Kazakhstan,2012,wb_gni_per_capita_atlas,9640.0
KAZ,Kazakhstan,2013,wb_gni_per_capita_atlas,11490.0
KAZ,Kazakhstan,2014,wb_gni_per_capita_atlas,11720.0
KAZ,Kazakhstan,2015,wb_gni_per_capita_atlas,11040.0
KAZ,Kazakhstan,2016,wb_gni_per_capita_atlas,8500.0
KAZ,Kazakhstan,2017,wb_gni_per_capita_atlas,7780.0
KAZ,Kazakhstan,2018,wb_gni_per_capita_atlas,7800.0
KAZ,Kazakhstan,2019,wb_gni_per_capita_atlas,8500.0
KAZ,Kazakhstan,2020,wb_gni_per_capita_atlas,8380.0
KAZ,Kazakhstan,2021,wb_gni_per_capita_atlas,8540.0
KAZ,Kazakhstan,2022,wb_gni_per_capita_atlas,9400.0
KAZ,Kazakhstan,2023,wb_gni_per_capita_atlas,10710.0
KAZ,Kazakhstan,2024,wb_gni_per_capita_atlas,12100.0
KAZ,Kazakhstan,2025,wb_gni_per_capita_atlas,13740.0
KGZ,Kyrgyz Republic,1992,wb_gni_per_capita_atlas,510.0
KGZ,Kyrgyz Republic,1993,wb_gni_per_capita_atlas,450.0
KGZ,Kyrgyz Republic,1994,wb_gni_per_capita_atlas,370.0
KGZ,Kyrgyz Republic,1995,wb_gni_per_capita_atlas,360.0
KGZ,Kyrgyz Republic,1996,wb_gni_per_capita_atlas,390.0
KGZ,Kyrgyz Republic,1997,wb_gni_per_capita_atlas,390.0
KGZ,Kyrgyz Republic,1998,wb_gni_per_capita_atlas,360.0
KGZ,Kyrgyz Republic,1999,wb_gni_per_capita_atlas,300.0
KGZ,Kyrgyz Republic,2000,wb_gni_per_capita_atlas,280.0
KGZ,Kyrgyz Republic,2001,wb_gni_per_capita_atlas,280.0
KGZ,Kyrgyz Republic,2002,wb_gni_per_capita_atlas,290.0
KGZ,Kyrgyz Republic,2003,wb_gni_per_capita_atlas,340.0
KGZ,Kyrgyz Republic,2004,wb_gni_per_capita_atlas,400.0
KGZ,Kyrgyz Republic,2005,wb_gni_per_capita_atlas,450.0
KGZ,Kyrgyz Republic,2006,wb_gni_per_capita_atlas,500.0
KGZ,Kyrgyz Republic,2007,wb_gni_per_capita_atlas,610.0
KGZ,Kyrgyz Republic,2008,wb_gni_per_capita_atlas,760.0
KGZ,Kyrgyz Republic,2009,wb_gni_per_capita_atlas,860.0
KGZ,Kyrgyz Republic,2010,wb_gni_per_capita_atlas,850.0
KGZ,Kyrgyz Republic,2011,wb_gni_per_capita_atlas,870.0
KGZ,Kyrgyz Republic,2012,wb_gni_per_capita_atlas,1030.0
KGZ,Kyrgyz Republic,2013,wb_gni_per_capita_atlas,1180.0
KGZ,Kyrgyz Republic,2014,wb_gni_per_capita_atlas,1230.0
KGZ,Kyrgyz Republic,2015,wb_gni_per_capita_atlas,1160.0
KGZ,Kyrgyz Republic,2016,wb_gni_per_capita_atlas,1090.0
KGZ,Kyrgyz Republic,2017,wb_gni_per_capita_atlas,1090.0
KGZ,Kyrgyz Republic,2018,wb_gni_per_capita_atlas,1200.0
KGZ,Kyrgyz Republic,2019,wb_gni_per_capita_atlas,1240.0
KGZ,Kyrgyz Republic,2020,wb_gni_per_capita_atlas,1210.0
KGZ,Kyrgyz Republic,2021,wb_gni_per_capita_atlas,1270.0
KGZ,Kyrgyz Republic,2022,wb_gni_per_capita_atlas,1540.0
KGZ,Kyrgyz Republic,2023,wb_gni_per_capita_atlas,1840.0
KGZ,Kyrgyz Republic,2024,wb_gni_per_capita_atlas,2260.0
KGZ,Kyrgyz Republic,2025,wb_gni_per_capita_atlas,2800.0
MNG,Mongolia,1987,wb_gni_per_capita_atlas,1520.0
MNG,Mongolia,1988,wb_gni_per_capita_atlas,1700.0
MNG,Mongolia,1989,wb_gni_per_capita_atlas,1600.0
MNG,Mongolia,1990,wb_gni_per_capita_atlas,1490.0
MNG,Mongolia,1991,wb_gni_per_capita_atlas,1230.0
MNG,Mongolia,1992,wb_gni_per_capita_atlas,830.0
MNG,Mongolia,1993,wb_gni_per_capita_atlas,540.0
MNG,Mongolia,1994,wb_gni_per_capita_atlas,440.0
MNG,Mongolia,1995,wb_gni_per_capita_atlas,480.0
MNG,Mongolia,1996,wb_gni_per_capita_atlas,570.0
MNG,Mongolia,1997,wb_gni_per_capita_atlas,590.0
MNG,Mongolia,1998,wb_gni_per_capita_atlas,530.0
MNG,Mongolia,1999,wb_gni_per_capita_atlas,480.0
MNG,Mongolia,2000,wb_gni_per_capita_atlas,470.0
MNG,Mongolia,2001,wb_gni_per_capita_atlas,480.0
MNG,Mongolia,2002,wb_gni_per_capita_atlas,530.0
MNG,Mongolia,2003,wb_gni_per_capita_atlas,610.0
MNG,Mongolia,2004,wb_gni_per_capita_atlas,760.0
MNG,Mongolia,2005,wb_gni_per_capita_atlas,890.0
MNG,Mongolia,2006,wb_gni_per_capita_atlas,1110.0
MNG,Mongolia,2007,wb_gni_per_capita_atlas,1400.0
MNG,Mongolia,2008,wb_gni_per_capita_atlas,1790.0
MNG,Mongolia,2009,wb_gni_per_capita_atlas,1780.0
MNG,Mongolia,2010,wb_gni_per_capita_atlas,1990.0
MNG,Mongolia,2011,wb_gni_per_capita_atlas,2570.0
MNG,Mongolia,2012,wb_gni_per_capita_atlas,3630.0
MNG,Mongolia,2013,wb_gni_per_capita_atlas,4310.0
MNG,Mongolia,2014,wb_gni_per_capita_atlas,4180.0
MNG,Mongolia,2015,wb_gni_per_capita_atlas,3770.0
MNG,Mongolia,2016,wb_gni_per_capita_atlas,3460.0
MNG,Mongolia,2017,wb_gni_per_capita_atlas,3200.0
MNG,Mongolia,2018,wb_gni_per_capita_atlas,3650.0
MNG,Mongolia,2019,wb_gni_per_capita_atlas,3800.0
MNG,Mongolia,2020,wb_gni_per_capita_atlas,3690.0
MNG,Mongolia,2021,wb_gni_per_capita_atlas,3690.0
MNG,Mongolia,2022,wb_gni_per_capita_atlas,4340.0
MNG,Mongolia,2023,wb_gni_per_capita_atlas,4870.0
MNG,Mongolia,2024,wb_gni_per_capita_atlas,5380.0
MNG,Mongolia,2025,wb_gni_per_capita_atlas,6210.0
TJK,Tajikistan,1992,wb_gni_per_capita_atlas,340.0
TJK,Tajikistan,1993,wb_gni_per_capita_atlas,290.0
TJK,Tajikistan,1994,wb_gni_per_capita_atlas,210.0
TJK,Tajikistan,1995,wb_gni_per_capita_atlas,210.0
TJK,Tajikistan,1996,wb_gni_per_capita_atlas,170.0
TJK,Tajikistan,1997,wb_gni_per_capita_atlas,160.0
TJK,Tajikistan,1998,wb_gni_per_capita_atlas,170.0
TJK,Tajikistan,1999,wb_gni_per_capita_atlas,170.0
TJK,Tajikistan,2000,wb_gni_per_capita_atlas,170.0
TJK,Tajikistan,2001,wb_gni_per_capita_atlas,160.0
TJK,Tajikistan,2002,wb_gni_per_capita_atlas,170.0
TJK,Tajikistan,2003,wb_gni_per_capita_atlas,210.0
TJK,Tajikistan,2004,wb_gni_per_capita_atlas,260.0
TJK,Tajikistan,2005,wb_gni_per_capita_atlas,370.0
TJK,Tajikistan,2006,wb_gni_per_capita_atlas,460.0
TJK,Tajikistan,2007,wb_gni_per_capita_atlas,570.0
TJK,Tajikistan,2008,wb_gni_per_capita_atlas,730.0
TJK,Tajikistan,2009,wb_gni_per_capita_atlas,790.0
TJK,Tajikistan,2010,wb_gni_per_capita_atlas,910.0
TJK,Tajikistan,2011,wb_gni_per_capita_atlas,1000.0
TJK,Tajikistan,2012,wb_gni_per_capita_atlas,1130.0
TJK,Tajikistan,2013,wb_gni_per_capita_atlas,1300.0
TJK,Tajikistan,2014,wb_gni_per_capita_atlas,1320.0
TJK,Tajikistan,2015,wb_gni_per_capita_atlas,1230.0
TJK,Tajikistan,2016,wb_gni_per_capita_atlas,1090.0
TJK,Tajikistan,2017,wb_gni_per_capita_atlas,1000.0
TJK,Tajikistan,2018,wb_gni_per_capita_atlas,1000.0
TJK,Tajikistan,2019,wb_gni_per_capita_atlas,1050.0
TJK,Tajikistan,2020,wb_gni_per_capita_atlas,1030.0
TJK,Tajikistan,2021,wb_gni_per_capita_atlas,1130.0
TJK,Tajikistan,2022,wb_gni_per_capita_atlas,1360.0
TJK,Tajikistan,2023,wb_gni_per_capita_atlas,1400.0
TJK,Tajikistan,2024,wb_gni_per_capita_atlas,1650.0
TJK,Tajikistan,2025,wb_gni_per_capita_atlas,2080.0
TKM,Turkmenistan,1990,wb_gni_per_capita_atlas,1040.0
TKM,Turkmenistan,1991,wb_gni_per_capita_atlas,900.0
TKM,Turkmenistan,1992,wb_gni_per_capita_atlas,750.0
TKM,Turkmenistan,1993,wb_gni_per_capita_atlas,800.0
TKM,Turkmenistan,1994,wb_gni_per_capita_atlas,680.0
TKM,Turkmenistan,1995,wb_gni_per_capita_atlas,610.0
TKM,Turkmenistan,1996,wb_gni_per_capita_atlas,610.0
TKM,Turkmenistan,1997,wb_gni_per_capita_atlas,550.0
TKM,Turkmenistan,1998,wb_gni_per_capita_atlas,560.0
TKM,Turkmenistan,1999,wb_gni_per_capita_atlas,620.0
TKM,Turkmenistan,2000,wb_gni_per_capita_atlas,590.0
TKM,Turkmenistan,2001,wb_gni_per_capita_atlas,630.0
TKM,Turkmenistan,2002,wb_gni_per_capita_atlas,720.0
TKM,Turkmenistan,2003,wb_gni_per_capita_atlas,940.0
TKM,Turkmenistan,2004,wb_gni_per_capita_atlas,1240.0
TKM,Turkmenistan,2005,wb_gni_per_capita_atlas,1500.0
TKM,Turkmenistan,2006,wb_gni_per_capita_atlas,1770.0
TKM,Turkmenistan,2007,wb_gni_per_capita_atlas,2160.0
TKM,Turkmenistan,2008,wb_gni_per_capita_atlas,2800.0
TKM,Turkmenistan,2009,wb_gni_per_capita_atlas,3260.0
TKM,Turkmenistan,2010,wb_gni_per_capita_atlas,3720.0
TKM,Turkmenistan,2011,wb_gni_per_capita_atlas,4300.0
TKM,Turkmenistan,2012,wb_gni_per_capita_atlas,5040.0
TKM,Turkmenistan,2013,wb_gni_per_capita_atlas,5880.0
TKM,Turkmenistan,2014,wb_gni_per_capita_atlas,6480.0
TKM,Turkmenistan,2015,wb_gni_per_capita_atlas,6300.0
TKM,Turkmenistan,2016,wb_gni_per_capita_atlas,5890.0
TKM,Turkmenistan,2017,wb_gni_per_capita_atlas,5250.0
TKM,Turkmenistan,2018,wb_gni_per_capita_atlas,4690.0
TKM,Turkmenistan,2019,wb_gni_per_capita_atlas,4350.0
TKM,Turkmenistan,2020,wb_gni_per_capita_atlas,4180.0
TKM,Turkmenistan,2021,wb_gni_per_capita_atlas,4160.0
TKM,Turkmenistan,2022,wb_gni_per_capita_atlas,4490.0
TKM,Turkmenistan,2023,wb_gni_per_capita_atlas,4830.0
TKM,Turkmenistan,2024,wb_gni_per_capita_atlas,5640.0
TKM,Turkmenistan,2025,wb_gni_per_capita_atlas,6340.0
UZB,Uzbekistan,1990,wb_gni_per_capita_atlas,630.0
UZB,Uzbekistan,1991,wb_gni_per_capita_atlas,650.0
UZB,Uzbekistan,1992,wb_gni_per_capita_atlas,600.0
UZB,Uzbekistan,1993,wb_gni_per_capita_atlas,590.0
UZB,Uzbekistan,1994,wb_gni_per_capita_atlas,570.0
UZB,Uzbekistan,1995,wb_gni_per_capita_atlas,580.0
UZB,Uzbekistan,1996,wb_gni_per_capita_atlas,590.0
UZB,Uzbekistan,1997,wb_gni_per_capita_atlas,610.0
UZB,Uzbekistan,1998,wb_gni_per_capita_atlas,610.0
UZB,Uzbekistan,1999,wb_gni_per_capita_atlas,650.0
UZB,Uzbekistan,2000,wb_gni_per_capita_atlas,620.0
UZB,Uzbekistan,2001,wb_gni_per_capita_atlas,550.0
UZB,Uzbekistan,2002,wb_gni_per_capita_atlas,450.0
UZB,Uzbekistan,2003,wb_gni_per_capita_atlas,420.0
UZB,Uzbekistan,2004,wb_gni_per_capita_atlas,460.0
UZB,Uzbekistan,2005,wb_gni_per_capita_atlas,520.0
UZB,Uzbekistan,2006,wb_gni_per_capita_atlas,600.0
UZB,Uzbekistan,2007,wb_gni_per_capita_atlas,760.0
UZB,Uzbekistan,2008,wb_gni_per_capita_atlas,970.0
UZB,Uzbekistan,2009,wb_gni_per_capita_atlas,1150.0
UZB,Uzbekistan,2010,wb_gni_per_capita_atlas,1460.0
UZB,Uzbekistan,2011,wb_gni_per_capita_atlas,1880.0
UZB,Uzbekistan,2012,wb_gni_per_capita_atlas,2460.0
UZB,Uzbekistan,2013,wb_gni_per_capita_atlas,2780.0
UZB,Uzbekistan,2014,wb_gni_per_capita_atlas,3000.0
UZB,Uzbekistan,2015,wb_gni_per_capita_atlas,3170.0
UZB,Uzbekistan,2016,wb_gni_per_capita_atlas,3230.0
UZB,Uzbekistan,2017,wb_gni_per_capita_atlas,2890.0
UZB,Uzbekistan,2018,wb_gni_per_capita_atlas,2490.0
UZB,Uzbekistan,2019,wb_gni_per_capita_atlas,2240.0
UZB,Uzbekistan,2020,wb_gni_per_capita_atlas,2090.0
UZB,Uzbekistan,2021,wb_gni_per_capita_atlas,2360.0
UZB,Uzbekistan,2022,wb_gni_per_capita_atlas,2620.0
UZB,Uzbekistan,2023,wb_gni_per_capita_atlas,2880.0
UZB,Uzbekistan,2024,wb_gni_per_capita_atlas,3170.0
UZB,Uzbekistan,2025,wb_gni_per_capita_atlas,3670.0
VNM,Viet Nam,1989,wb_gni_per_capita_atlas,220.0
VNM,Viet Nam,1990,wb_gni_per_capita_atlas,130.0
VNM,Viet Nam,1991,wb_gni_per_capita_atlas,110.0
VNM,Viet Nam,1992,wb_gni_per_capita_atlas,140.0
VNM,Viet Nam,1993,wb_gni_per_capita_atlas,170.0
VNM,Viet Nam,1994,wb_gni_per_capita_atlas,200.0
VNM,Viet Nam,1995,wb_gni_per_capita_atlas,260.0
VNM,Viet Nam,1996,wb_gni_per_capita_atlas,310.0
VNM,Viet Nam,1997,wb_gni_per_capita_atlas,350.0
VNM,Viet Nam,1998,wb_gni_per_capita_atlas,360.0
VNM,Viet Nam,1999,wb_gni_per_capita_atlas,370.0
VNM,Viet Nam,2000,wb_gni_per_capita_atlas,390.0
VNM,Viet Nam,2001,wb_gni_per_capita_atlas,410.0
VNM,Viet Nam,2002,wb_gni_per_capita_atlas,430.0
VNM,Viet Nam,2003,wb_gni_per_capita_atlas,480.0
VNM,Viet Nam,2004,wb_gni_per_capita_atlas,550.0
VNM,Viet Nam,2005,wb_gni_per_capita_atlas,650.0
VNM,Viet Nam,2006,wb_gni_per_capita_atlas,740.0
VNM,Viet Nam,2007,wb_gni_per_capita_atlas,860.0
VNM,Viet Nam,2008,wb_gni_per_capita_atlas,1000.0
VNM,Viet Nam,2009,wb_gni_per_capita_atlas,1120.0
VNM,Viet Nam,2010,wb_gni_per_capita_atlas,1370.0
VNM,Viet Nam,2011,wb_gni_per_capita_atlas,1630.0
VNM,Viet Nam,2012,wb_gni_per_capita_atlas,1980.0
VNM,Viet Nam,2013,wb_gni_per_capita_atlas,2200.0
VNM,Viet Nam,2014,wb_gni_per_capita_atlas,2390.0
VNM,Viet Nam,2015,wb_gni_per_capita_atlas,2460.0
VNM,Viet Nam,2016,wb_gni_per_capita_atlas,2560.0
VNM,Viet Nam,2017,wb_gni_per_capita_atlas,2680.0
VNM,Viet Nam,2018,wb_gni_per_capita_atlas,3020.0
VNM,Viet Nam,2019,wb_gni_per_capita_atlas,3290.0
VNM,Viet Nam,2020,wb_gni_per_capita_atlas,3400.0
VNM,Viet Nam,2021,wb_gni_per_capita_atlas,3540.0
VNM,Viet Nam,2022,wb_gni_per_capita_atlas,3980.0
VNM,Viet Nam,2023,wb_gni_per_capita_atlas,4140.0
VNM,Viet Nam,2024,wb_gni_per_capita_atlas,4490.0
VNM,Viet Nam,2025,wb_gni_per_capita_atlas,4970.0
XN,Lower middle income,1987,wb_gni_per_capita_atlas,468.856134372751
XN,Lower middle income,1988,wb_gni_per_capita_atlas,505.47749731879
XN,Lower middle income,1989,wb_gni_per_capita_atlas,485.201707644922
XN,Lower middle income,1990,wb_gni_per_capita_atlas,480.668833779135
XN,Lower middle income,1991,wb_gni_per_capita_atlas,461.408879637511
XN,Lower middle income,1992,wb_gni_per_capita_atlas,462.183897141644
XN,Lower middle income,1993,wb_gni_per_capita_atlas,447.939948217466
XN,Lower middle income,1994,wb_gni_per_capita_atlas,457.906363250333
XN,Lower middle income,1995,wb_gni_per_capita_atlas,490.103970697898
XN,Lower middle income,1996,wb_gni_per_capita_atlas,527.621947323941
XN,Lower middle income,1997,wb_gni_per_capita_atlas,547.078310012469
XN,Lower middle income,1998,wb_gni_per_capita_atlas,550.816317869269
XN,Lower middle income,1999,wb_gni_per_capita_atlas,573.159979674517
XN,Lower middle income,2000,wb_gni_per_capita_atlas,593.026651711944
XN,Lower middle income,2001,wb_gni_per_capita_atlas,607.756677492517
XN,Lower middle income,2002,wb_gni_per_capita_atlas,602.593444202013
XN,Lower middle income,2003,wb_gni_per_capita_atlas,643.471584123532
XN,Lower middle income,2004,wb_gni_per_capita_atlas,743.051630481406
XN,Lower middle income,2005,wb_gni_per_capita_atlas,847.785457311552
XN,Lower middle income,2006,wb_gni_per_capita_atlas,942.751379753511
XN,Lower middle income,2007,wb_gni_per_capita_atlas,1081.41590203007
XN,Lower middle income,2008,wb_gni_per_capita_atlas,1217.45897051399
XN,Lower middle income,2009,wb_gni_per_capita_atlas,1336.19373575971
XN,Lower middle income,2010,wb_gni_per_capita_atlas,1448.36351056445
XN,Lower middle income,2011,wb_gni_per_capita_atlas,1566.34726257699
XN,Lower middle income,2012,wb_gni_per_capita_atlas,1710.17825200388
XN,Lower middle income,2013,wb_gni_per_capita_atlas,1770.71277466377
XN,Lower middle income,2014,wb_gni_per_capita_atlas,1825.45126263702
XN,Lower middle income,2015,wb_gni_per_capita_atlas,1804.35276872893
XN,Lower middle income,2016,wb_gni_per_capita_atlas,1806.72978318351
XN,Lower middle income,2017,wb_gni_per_capita_atlas,1839.54564946914
XN,Lower middle income,2018,wb_gni_per_capita_atlas,1970.99105970164
XN,Lower middle income,2019,wb_gni_per_capita_atlas,2061.44517711163
XN,Lower middle income,2020,wb_gni_per_capita_atlas,1956.68904787261
XN,Lower middle income,2021,wb_gni_per_capita_atlas,2189.527400083
XN,Lower middle income,2022,wb_gni_per_capita_atlas,2372.47740416607
XN,Lower middle income,2023,wb_gni_per_capita_atlas,2414.12608325925
XN,Lower middle income,2024,wb_gni_per_capita_atlas,2370.03619244397
XN,Lower middle income,2025,wb_gni_per_capita_atlas,2488.13876636699
XT,Upper middle income,1987,wb_gni_per_capita_atlas,906.192357314436
XT,Upper middle income,1988,wb_gni_per_capita_atlas,952.862962879834
XT,Upper middle income,1989,wb_gni_per_capita_atlas,964.506329473043
XT,Upper middle income,1990,wb_gni_per_capita_atlas,1020.51120930516
XT,Upper middle income,1991,wb_gni_per_capita_atlas,1027.66561863367
XT,Upper middle income,1992,wb_gni_per_capita_atlas,1117.41408692989
XT,Upper middle income,1993,wb_gni_per_capita_atlas,1181.43351301889
XT,Upper middle income,1994,wb_gni_per_capita_atlas,1276.40380497559
XT,Upper middle income,1995,wb_gni_per_capita_atlas,1403.5213025019
XT,Upper middle income,1996,wb_gni_per_capita_atlas,1582.04303669504
XT,Upper middle income,1997,wb_gni_per_capita_atlas,1723.89752174418
XT,Upper middle income,1998,wb_gni_per_capita_atlas,1680.06667830487
XT,Upper middle income,1999,wb_gni_per_capita_atlas,1645.65912125299
XT,Upper middle income,2000,wb_gni_per_capita_atlas,1702.44845760978
XT,Upper middle income,2001,wb_gni_per_capita_atlas,1713.04894619689
XT,Upper middle income,2002,wb_gni_per_capita_atlas,1731.87072307709
XT,Upper middle income,2003,wb_gni_per_capita_atlas,1873.73886276721
XT,Upper middle income,2004,wb_gni_per_capita_atlas,2164.25398089374
XT,Upper middle income,2005,wb_gni_per_capita_atlas,2512.32645922639
XT,Upper middle income,2006,wb_gni_per_capita_atlas,2910.41831083812
XT,Upper middle income,2007,wb_gni_per_capita_atlas,3440.31950028384
XT,Upper middle income,2008,wb_gni_per_capita_atlas,4062.47975667882
XT,Upper middle income,2009,wb_gni_per_capita_atlas,4426.06890051357
XT,Upper middle income,2010,wb_gni_per_capita_atlas,5029.65739418119
XT,Upper middle income,2011,wb_gni_per_capita_atlas,5673.78657909116
XT,Upper middle income,2012,wb_gni_per_capita_atlas,6478.5248661875
XT,Upper middle income,2013,wb_gni_per_capita_atlas,7060.09967399316
XT,Upper middle income,2014,wb_gni_per_capita_atlas,7346.60718100805
XT,Upper middle income,2015,wb_gni_per_capita_atlas,7255.51349291019
XT,Upper middle income,2016,wb_gni_per_capita_atlas,7183.2148387849
XT,Upper middle income,2017,wb_gni_per_capita_atlas,7378.30867056292
XT,Upper middle income,2018,wb_gni_per_capita_atlas,7926.7654053225
XT,Upper middle income,2019,wb_gni_per_capita_atlas,8351.77243434123
XT,Upper middle income,2020,wb_gni_per_capita_atlas,8136.76766031958
XT,Upper middle income,2021,wb_gni_per_capita_atlas,9003.86135581247
XT,Upper middle income,2022,wb_gni_per_capita_atlas,9687.99302734866
XT,Upper middle income,2023,wb_gni_per_capita_atlas,10232.9395877543
XT,Upper middle income,2024,wb_gni_per_capita_atlas,10373.3764753093
XT,Upper middle income,2025,wb_gni_per_capita_atlas,10938.138934823
ARM,Armenia,2012,wb_industry_pct_gdp,27.8270946139077
ARM,Armenia,2013,wb_industry_pct_gdp,26.7090481417071
ARM,Armenia,2014,wb_industry_pct_gdp,25.2705329463993
ARM,Armenia,2015,wb_industry_pct_gdp,25.7086994351611
ARM,Armenia,2016,wb_industry_pct_gdp,25.5771330395605
ARM,Armenia,2017,wb_industry_pct_gdp,25.8095323791656
ARM,Armenia,2018,wb_industry_pct_gdp,24.7565578476257
ARM,Armenia,2019,wb_industry_pct_gdp,24.9716084573435
ARM,Armenia,2020,wb_industry_pct_gdp,26.8172956979296
ARM,Armenia,2021,wb_industry_pct_gdp,26.3643404113901
ARM,Armenia,2022,wb_industry_pct_gdp,25.4370966437794
ARM,Armenia,2023,wb_industry_pct_gdp,22.8800961616671
ARM,Armenia,2024,wb_industry_pct_gdp,22.8570663651858
ARM,Armenia,2025,wb_industry_pct_gdp,23.0669528886689
AZE,Azerbaijan,1990,wb_industry_pct_gdp,30.0477489768076
AZE,Azerbaijan,1991,wb_industry_pct_gdp,29.6032934131737
AZE,Azerbaijan,1992,wb_industry_pct_gdp,36.536586377876
AZE,Azerbaijan,1993,wb_industry_pct_gdp,32.1487261146497
AZE,Azerbaijan,1994,wb_industry_pct_gdp,27.6519081932212
AZE,Azerbaijan,1995,wb_industry_pct_gdp,30.9963445496298
AZE,Azerbaijan,1996,wb_industry_pct_gdp,35.1496743028617
AZE,Azerbaijan,1997,wb_industry_pct_gdp,36.9914194345059
AZE,Azerbaijan,1998,wb_industry_pct_gdp,34.9561123059931
AZE,Azerbaijan,1999,wb_industry_pct_gdp,39.1035999046383
AZE,Azerbaijan,2000,wb_industry_pct_gdp,42.5383099128887
AZE,Azerbaijan,2001,wb_industry_pct_gdp,43.4626382722552
AZE,Azerbaijan,2002,wb_industry_pct_gdp,46.1542268041237
AZE,Azerbaijan,2003,wb_industry_pct_gdp,48.5398446792136
AZE,Azerbaijan,2004,wb_industry_pct_gdp,50.7690323790767
AZE,Azerbaijan,2005,wb_industry_pct_gdp,58.7877819924137
AZE,Azerbaijan,2006,wb_industry_pct_gdp,64.9582315349244
AZE,Azerbaijan,2007,wb_industry_pct_gdp,66.160328626082
AZE,Azerbaijan,2008,wb_industry_pct_gdp,65.5185214713533
AZE,Azerbaijan,2009,wb_industry_pct_gdp,56.2619552546943
AZE,Azerbaijan,2010,wb_industry_pct_gdp,59.9948192629224
AZE,Azerbaijan,2011,wb_industry_pct_gdp,61.7339963903076
AZE,Azerbaijan,2012,wb_industry_pct_gdp,59.5173508549842
AZE,Azerbaijan,2013,wb_industry_pct_gdp,57.0544154549517
AZE,Azerbaijan,2014,wb_industry_pct_gdp,53.5868546669355
AZE,Azerbaijan,2015,wb_industry_pct_gdp,44.8913203383597
AZE,Azerbaijan,2016,wb_industry_pct_gdp,47.5578070076723
AZE,Azerbaijan,2017,wb_industry_pct_gdp,49.7017251037138
AZE,Azerbaijan,2018,wb_industry_pct_gdp,52.2509114518304
AZE,Azerbaijan,2019,wb_industry_pct_gdp,48.8232665251868
AZE,Azerbaijan,2020,wb_industry_pct_gdp,41.9563201571824
AZE,Azerbaijan,2021,wb_industry_pct_gdp,48.8181736249399
AZE,Azerbaijan,2022,wb_industry_pct_gdp,56.1467373576856
AZE,Azerbaijan,2023,wb_industry_pct_gdp,45.8408458162374
AZE,Azerbaijan,2024,wb_industry_pct_gdp,42.4573322731936
AZE,Azerbaijan,2025,wb_industry_pct_gdp,39.5149271073791
ECS,Europe & Central Asia,1991,wb_industry_pct_gdp,30.0417954726106
ECS,Europe & Central Asia,1992,wb_industry_pct_gdp,28.9607229392893
ECS,Europe & Central Asia,1993,wb_industry_pct_gdp,27.9493061285921
ECS,Europe & Central Asia,1994,wb_industry_pct_gdp,27.7138418814682
ECS,Europe & Central Asia,1995,wb_industry_pct_gdp,26.9418717364416
ECS,Europe & Central Asia,1996,wb_industry_pct_gdp,26.4832973999687
ECS,Europe & Central Asia,1997,wb_industry_pct_gdp,26.1717026329751
ECS,Europe & Central Asia,1998,wb_industry_pct_gdp,25.678302178107
ECS,Europe & Central Asia,1999,wb_industry_pct_gdp,25.131886730676
ECS,Europe & Central Asia,2000,wb_industry_pct_gdp,25.2750774779331
ECS,Europe & Central Asia,2001,wb_industry_pct_gdp,24.8577569994559
ECS,Europe & Central Asia,2002,wb_industry_pct_gdp,24.3379993200833
ECS,Europe & Central Asia,2003,wb_industry_pct_gdp,24.0319666510376
ECS,Europe & Central Asia,2004,wb_industry_pct_gdp,24.0813996025236
ECS,Europe & Central Asia,2005,wb_industry_pct_gdp,24.2418406253807
ECS,Europe & Central Asia,2006,wb_industry_pct_gdp,24.5456802661908
ECS,Europe & Central Asia,2007,wb_industry_pct_gdp,24.5131760278732
ECS,Europe & Central Asia,2008,wb_industry_pct_gdp,24.6174955076518
ECS,Europe & Central Asia,2009,wb_industry_pct_gdp,22.9613631125749
ECS,Europe & Central Asia,2010,wb_industry_pct_gdp,23.3734421568231
ECS,Europe & Central Asia,2011,wb_industry_pct_gdp,23.6526890997535
ECS,Europe & Central Asia,2012,wb_industry_pct_gdp,23.5223068928908
ECS,Europe & Central Asia,2013,wb_industry_pct_gdp,23.1894238287597
ECS,Europe & Central Asia,2014,wb_industry_pct_gdp,22.9109799850585
ECS,Europe & Central Asia,2015,wb_industry_pct_gdp,22.9182520524771
ECS,Europe & Central Asia,2016,wb_industry_pct_gdp,22.7361324517457
ECS,Europe & Central Asia,2017,wb_industry_pct_gdp,22.9428530854046
ECS,Europe & Central Asia,2018,wb_industry_pct_gdp,23.1705639709214
ECS,Europe & Central Asia,2019,wb_industry_pct_gdp,22.9996373778277
ECS,Europe & Central Asia,2020,wb_industry_pct_gdp,22.5841431306321
ECS,Europe & Central Asia,2021,wb_industry_pct_gdp,23.2115714549378
ECS,Europe & Central Asia,2022,wb_industry_pct_gdp,24.2053189787622
ECS,Europe & Central Asia,2023,wb_industry_pct_gdp,23.8566506703133
ECS,Europe & Central Asia,2024,wb_industry_pct_gdp,23.0308962432252
ECS,Europe & Central Asia,2025,wb_industry_pct_gdp,22.6655362879457
GEO,Georgia,1987,wb_industry_pct_gdp,35.1691636772877
GEO,Georgia,1988,wb_industry_pct_gdp,34.7600872410033
GEO,Georgia,1989,wb_industry_pct_gdp,36.2268357252334
GEO,Georgia,1990,wb_industry_pct_gdp,31.4045169049846
GEO,Georgia,1991,wb_industry_pct_gdp,34.5549738219895
GEO,Georgia,1992,wb_industry_pct_gdp,23.6595174262735
GEO,Georgia,1996,wb_industry_pct_gdp,23.0399379604498
GEO,Georgia,1997,wb_industry_pct_gdp,22.2200267843421
GEO,Georgia,1998,wb_industry_pct_gdp,21.7996455665956
GEO,Georgia,1999,wb_industry_pct_gdp,21.2306172491047
GEO,Georgia,2000,wb_industry_pct_gdp,20.9975012824544
GEO,Georgia,2001,wb_industry_pct_gdp,20.536409949056
GEO,Georgia,2002,wb_industry_pct_gdp,22.7373927038627
GEO,Georgia,2003,wb_industry_pct_gdp,24.0854263728821
GEO,Georgia,2004,wb_industry_pct_gdp,24.1757682481195
GEO,Georgia,2005,wb_industry_pct_gdp,23.7580566049101
GEO,Georgia,2006,wb_industry_pct_gdp,21.7144431794284
GEO,Georgia,2007,wb_industry_pct_gdp,20.9005637350092
GEO,Georgia,2008,wb_industry_pct_gdp,18.9437428243398
GEO,Georgia,2009,wb_industry_pct_gdp,18.9263871900367
GEO,Georgia,2010,wb_industry_pct_gdp,16.8779105151474
GEO,Georgia,2011,wb_industry_pct_gdp,17.6800367830185
GEO,Georgia,2012,wb_industry_pct_gdp,18.8467444528085
GEO,Georgia,2013,wb_industry_pct_gdp,18.03372091427
GEO,Georgia,2014,wb_industry_pct_gdp,18.1712886955425
GEO,Georgia,2015,wb_industry_pct_gdp,19.7698929026282
GEO,Georgia,2016,wb_industry_pct_gdp,19.1221601510136
GEO,Georgia,2017,wb_industry_pct_gdp,21.2674893565554
GEO,Georgia,2018,wb_industry_pct_gdp,20.9042764578834
GEO,Georgia,2019,wb_industry_pct_gdp,20.0073713952459
GEO,Georgia,2020,wb_industry_pct_gdp,21.0709552310751
GEO,Georgia,2021,wb_industry_pct_gdp,21.0675612607865
GEO,Georgia,2022,wb_industry_pct_gdp,21.329779714521
GEO,Georgia,2023,wb_industry_pct_gdp,18.8799548618776
GEO,Georgia,2024,wb_industry_pct_gdp,19.5837680181964
GEO,Georgia,2025,wb_industry_pct_gdp,18.6038324568714
KAZ,Kazakhstan,1992,wb_industry_pct_gdp,38.971807628524
KAZ,Kazakhstan,1993,wb_industry_pct_gdp,36.9896441911287
KAZ,Kazakhstan,1994,wb_industry_pct_gdp,38.6987187721976
KAZ,Kazakhstan,1995,wb_industry_pct_gdp,29.9976927400191
KAZ,Kazakhstan,1996,wb_industry_pct_gdp,25.5877645603598
KAZ,Kazakhstan,1997,wb_industry_pct_gdp,25.6063822311795
KAZ,Kazakhstan,1998,wb_industry_pct_gdp,29.3146310413852
KAZ,Kazakhstan,1999,wb_industry_pct_gdp,32.9666653326432
KAZ,Kazakhstan,2000,wb_industry_pct_gdp,37.7758296698614
KAZ,Kazakhstan,2001,wb_industry_pct_gdp,36.1418298622593
KAZ,Kazakhstan,2002,wb_industry_pct_gdp,35.8109321050125
KAZ,Kazakhstan,2003,wb_industry_pct_gdp,35.0752659061292
KAZ,Kazakhstan,2004,wb_industry_pct_gdp,35.3518419501918
KAZ,Kazakhstan,2005,wb_industry_pct_gdp,37.6280181516768
KAZ,Kazakhstan,2006,wb_industry_pct_gdp,39.3564557485124
KAZ,Kazakhstan,2007,wb_industry_pct_gdp,37.7308974758662
KAZ,Kazakhstan,2008,wb_industry_pct_gdp,40.2502455752721
KAZ,Kazakhstan,2009,wb_industry_pct_gdp,38.4314808509372
KAZ,Kazakhstan,2010,wb_industry_pct_gdp,40.6024221199984
KAZ,Kazakhstan,2011,wb_industry_pct_gdp,37.2660880953566
KAZ,Kazakhstan,2012,wb_industry_pct_gdp,36.3028533254093
KAZ,Kazakhstan,2013,wb_industry_pct_gdp,33.6988156382046
KAZ,Kazakhstan,2014,wb_industry_pct_gdp,33.2094258316125
KAZ,Kazakhstan,2015,wb_industry_pct_gdp,30.8547873936113
KAZ,Kazakhstan,2016,wb_industry_pct_gdp,31.9797903606788
KAZ,Kazakhstan,2017,wb_industry_pct_gdp,32.3252253010728
KAZ,Kazakhstan,2018,wb_industry_pct_gdp,33.4962004017876
KAZ,Kazakhstan,2019,wb_industry_pct_gdp,33.028795913527
KAZ,Kazakhstan,2020,wb_industry_pct_gdp,33.0977971542858
KAZ,Kazakhstan,2021,wb_industry_pct_gdp,35.2669295966944
KAZ,Kazakhstan,2022,wb_industry_pct_gdp,34.9793974237581
KAZ,Kazakhstan,2023,wb_industry_pct_gdp,32.4284843310401
KAZ,Kazakhstan,2024,wb_industry_pct_gdp,32.112807813811
KAZ,Kazakhstan,2025,wb_industry_pct_gdp,32.3471668419725
KGZ,Kyrgyz Republic,1990,wb_industry_pct_gdp,34.1098130841121
KGZ,Kyrgyz Republic,1991,wb_industry_pct_gdp,33.8248648648649
KGZ,Kyrgyz Republic,1992,wb_industry_pct_gdp,36.0628625387832
KGZ,Kyrgyz Republic,1993,wb_industry_pct_gdp,30.517115804807
KGZ,Kyrgyz Republic,1994,wb_industry_pct_gdp,23.88345314164
KGZ,Kyrgyz Republic,1995,wb_industry_pct_gdp,18.1095192968765
KGZ,Kyrgyz Republic,1996,wb_industry_pct_gdp,17.0282871709837
KGZ,Kyrgyz Republic,1997,wb_industry_pct_gdp,21.0592588730255
KGZ,Kyrgyz Republic,1998,wb_industry_pct_gdp,20.7612912285629
KGZ,Kyrgyz Republic,1999,wb_industry_pct_gdp,23.1250231823404
KGZ,Kyrgyz Republic,2000,wb_industry_pct_gdp,29.1996199376661
KGZ,Kyrgyz Republic,2001,wb_industry_pct_gdp,26.8324889860388
KGZ,Kyrgyz Republic,2002,wb_industry_pct_gdp,21.3137031159609
KGZ,Kyrgyz Republic,2003,wb_industry_pct_gdp,20.2432676693128
KGZ,Kyrgyz Republic,2004,wb_industry_pct_gdp,21.6893695542269
KGZ,Kyrgyz Republic,2005,wb_industry_pct_gdp,19.9674526656306
KGZ,Kyrgyz Republic,2006,wb_industry_pct_gdp,17.5544661208558
KGZ,Kyrgyz Republic,2007,wb_industry_pct_gdp,16.6822999949964
KGZ,Kyrgyz Republic,2008,wb_industry_pct_gdp,20.4289120967446
KGZ,Kyrgyz Republic,2009,wb_industry_pct_gdp,23.6357293329934
KGZ,Kyrgyz Republic,2010,wb_industry_pct_gdp,26.2652737926744
KGZ,Kyrgyz Republic,2011,wb_industry_pct_gdp,27.4490880946162
KGZ,Kyrgyz Republic,2012,wb_industry_pct_gdp,22.2571297250342
KGZ,Kyrgyz Republic,2013,wb_industry_pct_gdp,24.843594671242
KGZ,Kyrgyz Republic,2014,wb_industry_pct_gdp,23.8882289228189
KGZ,Kyrgyz Republic,2015,wb_industry_pct_gdp,25.0780623169816
KGZ,Kyrgyz Republic,2016,wb_industry_pct_gdp,26.5464240007793
KGZ,Kyrgyz Republic,2017,wb_industry_pct_gdp,27.3080934715766
KGZ,Kyrgyz Republic,2018,wb_industry_pct_gdp,27.4785136821163
KGZ,Kyrgyz Republic,2019,wb_industry_pct_gdp,26.5803149529246
KGZ,Kyrgyz Republic,2020,wb_industry_pct_gdp,26.9042468476068
KGZ,Kyrgyz Republic,2021,wb_industry_pct_gdp,23.7483015677374
KGZ,Kyrgyz Republic,2022,wb_industry_pct_gdp,24.1941421977643
KGZ,Kyrgyz Republic,2023,wb_industry_pct_gdp,23.5839337797005
KGZ,Kyrgyz Republic,2024,wb_industry_pct_gdp,24.7001721894187
KGZ,Kyrgyz Republic,2025,wb_industry_pct_gdp,26.4574430524673
MNG,Mongolia,1987,wb_industry_pct_gdp,28.3930954027103
MNG,Mongolia,1988,wb_industry_pct_gdp,28.8172697385136
MNG,Mongolia,1989,wb_industry_pct_gdp,38.7945078681375
MNG,Mongolia,1990,wb_industry_pct_gdp,41.214220170227
MNG,Mongolia,1991,wb_industry_pct_gdp,34.3366921962739
MNG,Mongolia,1992,wb_industry_pct_gdp,34.6914746638629
MNG,Mongolia,1993,wb_industry_pct_gdp,30.0421311198347
MNG,Mongolia,1994,wb_industry_pct_gdp,31.4217694536983
MNG,Mongolia,1995,wb_industry_pct_gdp,32.8445985623923
MNG,Mongolia,1996,wb_industry_pct_gdp,23.6539827816913
MNG,Mongolia,1997,wb_industry_pct_gdp,28.5247780897138
MNG,Mongolia,1998,wb_industry_pct_gdp,22.6048360041451
MNG,Mongolia,1999,wb_industry_pct_gdp,22.3042457388502
MNG,Mongolia,2000,wb_industry_pct_gdp,22.1961421557269
MNG,Mongolia,2001,wb_industry_pct_gdp,21.9418832214059
MNG,Mongolia,2002,wb_industry_pct_gdp,22.4846271364412
MNG,Mongolia,2003,wb_industry_pct_gdp,25.2199551531292
MNG,Mongolia,2004,wb_industry_pct_gdp,28.3334403733025
MNG,Mongolia,2005,wb_industry_pct_gdp,32.496500599666
MNG,Mongolia,2006,wb_industry_pct_gdp,38.6926063353314
MNG,Mongolia,2007,wb_industry_pct_gdp,37.7347758580465
MNG,Mongolia,2008,wb_industry_pct_gdp,30.8510356631246
MNG,Mongolia,2009,wb_industry_pct_gdp,30.0565585316106
MNG,Mongolia,2010,wb_industry_pct_gdp,33.1942474892146
MNG,Mongolia,2011,wb_industry_pct_gdp,31.3337485626924
MNG,Mongolia,2012,wb_industry_pct_gdp,30.7715931133163
MNG,Mongolia,2013,wb_industry_pct_gdp,30.5068923847448
MNG,Mongolia,2014,wb_industry_pct_gdp,31.4976232744188
MNG,Mongolia,2015,wb_industry_pct_gdp,31.5158775834209
MNG,Mongolia,2016,wb_industry_pct_gdp,33.1780715301999
MNG,Mongolia,2017,wb_industry_pct_gdp,37.4184116118863
MNG,Mongolia,2018,wb_industry_pct_gdp,37.975670332755
MNG,Mongolia,2019,wb_industry_pct_gdp,38.0926977643653
MNG,Mongolia,2020,wb_industry_pct_gdp,37.0496708511527
MNG,Mongolia,2021,wb_industry_pct_gdp,37.0755721187771
MNG,Mongolia,2022,wb_industry_pct_gdp,35.3122175669446
MNG,Mongolia,2023,wb_industry_pct_gdp,39.5354090088486
MNG,Mongolia,2024,wb_industry_pct_gdp,38.1408816723984
MNG,Mongolia,2025,wb_industry_pct_gdp,37.2499276108469
TJK,Tajikistan,1987,wb_industry_pct_gdp,42.741935483871
TJK,Tajikistan,1988,wb_industry_pct_gdp,39.2441860465116
TJK,Tajikistan,1989,wb_industry_pct_gdp,36.231884057971
TJK,Tajikistan,1990,wb_industry_pct_gdp,37.5857338820302
TJK,Tajikistan,1991,wb_industry_pct_gdp,36.3905325443787
TJK,Tajikistan,1992,wb_industry_pct_gdp,49.613601236476
TJK,Tajikistan,1993,wb_industry_pct_gdp,41.9214776680904
TJK,Tajikistan,1994,wb_industry_pct_gdp,33.6089108910891
TJK,Tajikistan,1995,wb_industry_pct_gdp,37.5606017191977
TJK,Tajikistan,1996,wb_industry_pct_gdp,29.1754539559014
TJK,Tajikistan,1997,wb_industry_pct_gdp,25.9240061752219
TJK,Tajikistan,1998,wb_industry_pct_gdp,24.9536038232712
TJK,Tajikistan,1999,wb_industry_pct_gdp,27.4599628252788
TJK,Tajikistan,2000,wb_industry_pct_gdp,35.2773269155426
TJK,Tajikistan,2001,wb_industry_pct_gdp,36.1845697792339
TJK,Tajikistan,2002,wb_industry_pct_gdp,35.140580096584
TJK,Tajikistan,2003,wb_industry_pct_gdp,33.1163103288949
TJK,Tajikistan,2004,wb_industry_pct_gdp,30.916284273507
TJK,Tajikistan,2005,wb_industry_pct_gdp,27.3665806344184
TJK,Tajikistan,2006,wb_industry_pct_gdp,27.3641700231382
TJK,Tajikistan,2007,wb_industry_pct_gdp,26.4284152322639
TJK,Tajikistan,2008,wb_industry_pct_gdp,24.5575196250071
TJK,Tajikistan,2009,wb_industry_pct_gdp,24.5088106260756
TJK,Tajikistan,2010,wb_industry_pct_gdp,24.9766261519968
TJK,Tajikistan,2011,wb_industry_pct_gdp,22.4687490647166
TJK,Tajikistan,2012,wb_industry_pct_gdp,22.0426346192666
TJK,Tajikistan,2013,wb_industry_pct_gdp,23.1151646451446
TJK,Tajikistan,2014,wb_industry_pct_gdp,22.6047415105536
TJK,Tajikistan,2015,wb_industry_pct_gdp,30.220213504702
TJK,Tajikistan,2016,wb_industry_pct_gdp,32.2133662345342
TJK,Tajikistan,2017,wb_industry_pct_gdp,31.8468579622965
TJK,Tajikistan,2018,wb_industry_pct_gdp,34.3983608033865
TJK,Tajikistan,2019,wb_industry_pct_gdp,33.0621490637064
TJK,Tajikistan,2020,wb_industry_pct_gdp,33.7965394725715
TJK,Tajikistan,2021,wb_industry_pct_gdp,35.177682602153
TJK,Tajikistan,2022,wb_industry_pct_gdp,34.702580856427
TJK,Tajikistan,2023,wb_industry_pct_gdp,33.6387708593471
TJK,Tajikistan,2024,wb_industry_pct_gdp,32.4423769080117
TKM,Turkmenistan,1987,wb_industry_pct_gdp,40.0
TKM,Turkmenistan,1988,wb_industry_pct_gdp,37.037037037037
TKM,Turkmenistan,1989,wb_industry_pct_gdp,35.7142857142857
TKM,Turkmenistan,1990,wb_industry_pct_gdp,30.0
TKM,Turkmenistan,1991,wb_industry_pct_gdp,30.5084745762712
TKM,Turkmenistan,1992,wb_industry_pct_gdp,12.1875
TKM,Turkmenistan,1993,wb_industry_pct_gdp,59.7804391217565
TKM,Turkmenistan,1994,wb_industry_pct_gdp,44.8394495412844
TKM,Turkmenistan,1995,wb_industry_pct_gdp,59.0950920245399
TKM,Turkmenistan,1996,wb_industry_pct_gdp,65.2141935483871
TKM,Turkmenistan,1997,wb_industry_pct_gdp,45.027902790279
TKM,Turkmenistan,1998,wb_industry_pct_gdp,40.5716327259736
TKM,Turkmenistan,1999,wb_industry_pct_gdp,43.6499626028422
TKM,Turkmenistan,2000,wb_industry_pct_gdp,41.0606930882634
TKM,Turkmenistan,2001,wb_industry_pct_gdp,41.971987241714
TKM,Turkmenistan,2002,wb_industry_pct_gdp,40.2984084880637
TKM,Turkmenistan,2003,wb_industry_pct_gdp,38.8856156889151
TKM,Turkmenistan,2004,wb_industry_pct_gdp,37.8718504470333
TKM,Turkmenistan,2005,wb_industry_pct_gdp,37.0639941772577
TKM,Turkmenistan,2006,wb_industry_pct_gdp,35.7901703447346
TKM,Turkmenistan,2007,wb_industry_pct_gdp,37.7096296296296
TKM,Turkmenistan,2008,wb_industry_pct_gdp,60.5457853244391
TKM,Turkmenistan,2009,wb_industry_pct_gdp,60.9102428355696
TKM,Turkmenistan,2010,wb_industry_pct_gdp,59.1311643516361
TKM,Turkmenistan,2011,wb_industry_pct_gdp,65.8692912440737
TKM,Turkmenistan,2012,wb_industry_pct_gdp,66.5798559141072
TKM,Turkmenistan,2013,wb_industry_pct_gdp,63.4277120836429
TKM,Turkmenistan,2014,wb_industry_pct_gdp,60.6696011092838
TKM,Turkmenistan,2015,wb_industry_pct_gdp,54.2933303537937
TKM,Turkmenistan,2016,wb_industry_pct_gdp,51.4325436635517
TKM,Turkmenistan,2017,wb_industry_pct_gdp,47.0438896506004
TKM,Turkmenistan,2018,wb_industry_pct_gdp,44.9063982786535
TKM,Turkmenistan,2019,wb_industry_pct_gdp,42.0811892510006
TKM,Turkmenistan,2020,wb_industry_pct_gdp,36.882432806175
TKM,Turkmenistan,2021,wb_industry_pct_gdp,36.4497314777386
TKM,Turkmenistan,2022,wb_industry_pct_gdp,39.7309104816447
TKM,Turkmenistan,2023,wb_industry_pct_gdp,38.0998941918906
TKM,Turkmenistan,2024,wb_industry_pct_gdp,37.4828904615103
TKM,Turkmenistan,2025,wb_industry_pct_gdp,35.9733149546334
UZB,Uzbekistan,1987,wb_industry_pct_gdp,35.3404965345264
UZB,Uzbekistan,1988,wb_industry_pct_gdp,34.2945662535748
UZB,Uzbekistan,1989,wb_industry_pct_gdp,32.5623819141312
UZB,Uzbekistan,1990,wb_industry_pct_gdp,33.3141126843949
UZB,Uzbekistan,1991,wb_industry_pct_gdp,36.6821393582055
UZB,Uzbekistan,1992,wb_industry_pct_gdp,36.126464760699
UZB,Uzbekistan,1993,wb_industry_pct_gdp,31.2326868275451
UZB,Uzbekistan,1994,wb_industry_pct_gdp,24.2530549835382
UZB,Uzbekistan,1995,wb_industry_pct_gdp,24.1434498738884
UZB,Uzbekistan,1996,wb_industry_pct_gdp,26.0832065159454
UZB,Uzbekistan,1997,wb_industry_pct_gdp,22.8733761248119
UZB,Uzbekistan,1998,wb_industry_pct_gdp,22.4
UZB,Uzbekistan,1999,wb_industry_pct_gdp,21.0461041218419
UZB,Uzbekistan,2000,wb_industry_pct_gdp,20.2297579555228
UZB,Uzbekistan,2001,wb_industry_pct_gdp,19.9520841370069
UZB,Uzbekistan,2002,wb_industry_pct_gdp,19.3887412418459
UZB,Uzbekistan,2003,wb_industry_pct_gdp,20.445956928078
UZB,Uzbekistan,2004,wb_industry_pct_gdp,22.3056846912976
UZB,Uzbekistan,2005,wb_industry_pct_gdp,26.0120326061017
UZB,Uzbekistan,2006,wb_industry_pct_gdp,26.8384702412792
UZB,Uzbekistan,2007,wb_industry_pct_gdp,26.8627172756297
UZB,Uzbekistan,2008,wb_industry_pct_gdp,29.0650709010567
UZB,Uzbekistan,2009,wb_industry_pct_gdp,30.3526438159739
UZB,Uzbekistan,2010,wb_industry_pct_gdp,22.1622742240766
UZB,Uzbekistan,2011,wb_industry_pct_gdp,20.9577872359793
UZB,Uzbekistan,2012,wb_industry_pct_gdp,21.6212598815199
UZB,Uzbekistan,2013,wb_industry_pct_gdp,22.4454210400664
UZB,Uzbekistan,2014,wb_industry_pct_gdp,23.1082708333455
UZB,Uzbekistan,2015,wb_industry_pct_gdp,24.0318423015119
UZB,Uzbekistan,2016,wb_industry_pct_gdp,24.566866846542
UZB,Uzbekistan,2017,wb_industry_pct_gdp,13.3392465666927
UZB,Uzbekistan,2018,wb_industry_pct_gdp,29.650867498632
UZB,Uzbekistan,2019,wb_industry_pct_gdp,32.7358467114226
UZB,Uzbekistan,2020,wb_industry_pct_gdp,33.3913940291016
UZB,Uzbekistan,2021,wb_industry_pct_gdp,33.2412468981763
UZB,Uzbekistan,2022,wb_industry_pct_gdp,31.893484523486
UZB,Uzbekistan,2023,wb_industry_pct_gdp,31.1420713958264
UZB,Uzbekistan,2024,wb_industry_pct_gdp,32.0099854345535
UZB,Uzbekistan,2025,wb_industry_pct_gdp,32.5442025042326
VNM,Viet Nam,1987,wb_industry_pct_gdp,28.3623693379791
VNM,Viet Nam,1988,wb_industry_pct_gdp,23.9623865110246
VNM,Viet Nam,1989,wb_industry_pct_gdp,22.9380984586908
VNM,Viet Nam,1990,wb_industry_pct_gdp,22.6742938863068
VNM,Viet Nam,1991,wb_industry_pct_gdp,23.7944385779655
VNM,Viet Nam,1992,wb_industry_pct_gdp,27.2635978721094
VNM,Viet Nam,1993,wb_industry_pct_gdp,28.9003122816524
VNM,Viet Nam,1994,wb_industry_pct_gdp,28.8684508272934
VNM,Viet Nam,1995,wb_industry_pct_gdp,28.755919822449
VNM,Viet Nam,1996,wb_industry_pct_gdp,29.7298886912026
VNM,Viet Nam,1997,wb_industry_pct_gdp,32.0751347955985
VNM,Viet Nam,1998,wb_industry_pct_gdp,32.4912677242346
VNM,Viet Nam,1999,wb_industry_pct_gdp,34.4947517390022
VNM,Viet Nam,2000,wb_industry_pct_gdp,36.7307753268455
VNM,Viet Nam,2001,wb_industry_pct_gdp,38.1294216644677
VNM,Viet Nam,2002,wb_industry_pct_gdp,38.4866787864761
VNM,Viet Nam,2003,wb_industry_pct_gdp,39.4700078083864
VNM,Viet Nam,2004,wb_industry_pct_gdp,40.2087495299221
VNM,Viet Nam,2005,wb_industry_pct_gdp,38.1311399002846
VNM,Viet Nam,2006,wb_industry_pct_gdp,38.5847310338981
VNM,Viet Nam,2007,wb_industry_pct_gdp,38.5116248479069
VNM,Viet Nam,2008,wb_industry_pct_gdp,37.0776963788801
VNM,Viet Nam,2009,wb_industry_pct_gdp,37.3881863793419
VNM,Viet Nam,2010,wb_industry_pct_gdp,33.0228771360005
VNM,Viet Nam,2011,wb_industry_pct_gdp,34.580408780539
VNM,Viet Nam,2012,wb_industry_pct_gdp,35.8602323946766
VNM,Viet Nam,2013,wb_industry_pct_gdp,35.575150437736
VNM,Viet Nam,2014,wb_industry_pct_gdp,35.2985684880333
VNM,Viet Nam,2015,wb_industry_pct_gdp,34.2665466382117
VNM,Viet Nam,2016,wb_industry_pct_gdp,34.1152288612372
VNM,Viet Nam,2017,wb_industry_pct_gdp,35.3903640729728
VNM,Viet Nam,2018,wb_industry_pct_gdp,36.5424334086447
VNM,Viet Nam,2019,wb_industry_pct_gdp,36.8031368977554
VNM,Viet Nam,2020,wb_industry_pct_gdp,36.7437132938801
VNM,Viet Nam,2021,wb_industry_pct_gdp,37.3915192469302
VNM,Viet Nam,2022,wb_industry_pct_gdp,38.482361279715
VNM,Viet Nam,2023,wb_industry_pct_gdp,37.5932883534337
VNM,Viet Nam,2024,wb_industry_pct_gdp,37.5162935306841
VNM,Viet Nam,2025,wb_industry_pct_gdp,37.6491235864782
XN,Lower middle income,1987,wb_industry_pct_gdp,30.0005276135926
XN,Lower middle income,1988,wb_industry_pct_gdp,30.8616345517306
XN,Lower middle income,1989,wb_industry_pct_gdp,31.1869977050069
XN,Lower middle income,1990,wb_industry_pct_gdp,31.8623260770229
XN,Lower middle income,1991,wb_industry_pct_gdp,31.4061067282839
XN,Lower middle income,1992,wb_industry_pct_gdp,31.3293621815242
XN,Lower middle income,1993,wb_industry_pct_gdp,30.9671700404729
XN,Lower middle income,1994,wb_industry_pct_gdp,31.3518257118591
XN,Lower middle income,1995,wb_industry_pct_gdp,32.6769995548211
XN,Lower middle income,1996,wb_industry_pct_gdp,33.0072863564019
XN,Lower middle income,1997,wb_industry_pct_gdp,32.1834705442042
XN,Lower middle income,1998,wb_industry_pct_gdp,30.3712817038089
XN,Lower middle income,1999,wb_industry_pct_gdp,28.9861663325728
XN,Lower middle income,2000,wb_industry_pct_gdp,29.1775649488178
XN,Lower middle income,2001,wb_industry_pct_gdp,28.2693587215477
XN,Lower middle income,2002,wb_industry_pct_gdp,29.1956196093124
XN,Lower middle income,2003,wb_industry_pct_gdp,29.9170617170899
XN,Lower middle income,2004,wb_industry_pct_gdp,31.2066721791642
XN,Lower middle income,2005,wb_industry_pct_gdp,31.7362610199456
XN,Lower middle income,2006,wb_industry_pct_gdp,32.4175150433793
XN,Lower middle income,2007,wb_industry_pct_gdp,32.3869957547274
XN,Lower middle income,2008,wb_industry_pct_gdp,32.1989260083214
XN,Lower middle income,2009,wb_industry_pct_gdp,30.9664394107021
XN,Lower middle income,2010,wb_industry_pct_gdp,31.7415117254776
XN,Lower middle income,2011,wb_industry_pct_gdp,33.2431870556405
XN,Lower middle income,2012,wb_industry_pct_gdp,32.8662546333931
XN,Lower middle income,2013,wb_industry_pct_gdp,33.0317512324281
XN,Lower middle income,2014,wb_industry_pct_gdp,32.6295726168471
XN,Lower middle income,2015,wb_industry_pct_gdp,31.61706486532
XN,Lower middle income,2016,wb_industry_pct_gdp,30.9058271401331
XN,Lower middle income,2017,wb_industry_pct_gdp,31.4381881785578
XN,Lower middle income,2018,wb_industry_pct_gdp,32.3578832734458
XN,Lower middle income,2019,wb_industry_pct_gdp,31.2325698418924
XN,Lower middle income,2020,wb_industry_pct_gdp,31.0280521781956
XN,Lower middle income,2021,wb_industry_pct_gdp,31.9749918193363
XN,Lower middle income,2022,wb_industry_pct_gdp,32.0301596874707
XN,Lower middle income,2023,wb_industry_pct_gdp,31.7963733594493
XN,Lower middle income,2024,wb_industry_pct_gdp,31.5341569331992
XN,Lower middle income,2025,wb_industry_pct_gdp,31.345567282537
XT,Upper middle income,1987,wb_industry_pct_gdp,35.0651914892973
XT,Upper middle income,1988,wb_industry_pct_gdp,36.1680812471164
XT,Upper middle income,1989,wb_industry_pct_gdp,36.5711288463181
XT,Upper middle income,1990,wb_industry_pct_gdp,36.9570159523932
XT,Upper middle income,1991,wb_industry_pct_gdp,34.1721619681988
XT,Upper middle income,1992,wb_industry_pct_gdp,34.3080593795943
XT,Upper middle income,1993,wb_industry_pct_gdp,35.541918657909
XT,Upper middle income,1994,wb_industry_pct_gdp,36.0035493404422
XT,Upper middle income,1995,wb_industry_pct_gdp,34.3182875132545
XT,Upper middle income,1996,wb_industry_pct_gdp,34.6049683856457
XT,Upper middle income,1997,wb_industry_pct_gdp,34.7981830769587
XT,Upper middle income,1998,wb_industry_pct_gdp,33.7306097389551
XT,Upper middle income,1999,wb_industry_pct_gdp,34.8359935930271
XT,Upper middle income,2000,wb_industry_pct_gdp,35.5955926884639
XT,Upper middle income,2001,wb_industry_pct_gdp,35.5426292477794
XT,Upper middle income,2002,wb_industry_pct_gdp,36.3714753173316
XT,Upper middle income,2003,wb_industry_pct_gdp,36.4631083587516
XT,Upper middle income,2004,wb_industry_pct_gdp,37.0017693026403
XT,Upper middle income,2005,wb_industry_pct_gdp,37.4958973411058
XT,Upper middle income,2006,wb_industry_pct_gdp,38.1337629227459
XT,Upper middle income,2007,wb_industry_pct_gdp,37.8969355044441
XT,Upper middle income,2008,wb_industry_pct_gdp,38.6017333349777
XT,Upper middle income,2009,wb_industry_pct_gdp,37.2841002161116
XT,Upper middle income,2010,wb_industry_pct_gdp,37.5546885176651
XT,Upper middle income,2011,wb_industry_pct_gdp,38.1304466459874
XT,Upper middle income,2012,wb_industry_pct_gdp,37.9139876822982
XT,Upper middle income,2013,wb_industry_pct_gdp,37.0807844766612
XT,Upper middle income,2014,wb_industry_pct_gdp,36.461042608325
XT,Upper middle income,2015,wb_industry_pct_gdp,35.0751725807864
XT,Upper middle income,2016,wb_industry_pct_gdp,34.3398923586089
XT,Upper middle income,2017,wb_industry_pct_gdp,34.6661510032895
XT,Upper middle income,2018,wb_industry_pct_gdp,35.26139180322
XT,Upper middle income,2019,wb_industry_pct_gdp,34.3843694107425
XT,Upper middle income,2020,wb_industry_pct_gdp,33.9216242132011
XT,Upper middle income,2021,wb_industry_pct_gdp,35.622394807041
XT,Upper middle income,2022,wb_industry_pct_gdp,35.8165683781787
XT,Upper middle income,2023,wb_industry_pct_gdp,34.3378207182181
XT,Upper middle income,2024,wb_industry_pct_gdp,33.5618171862336
XT,Upper middle income,2025,wb_industry_pct_gdp,32.6822968208486
ARM,Armenia,1994,wb_inflation_cpi_pct,3373.75944336293
ARM,Armenia,1995,wb_inflation_cpi_pct,175.951325534583
ARM,Armenia,1996,wb_inflation_cpi_pct,18.681185640036
ARM,Armenia,1997,wb_inflation_cpi_pct,13.960764121791
ARM,Armenia,1998,wb_inflation_cpi_pct,8.67248632385158
ARM,Armenia,1999,wb_inflation_cpi_pct,0.648245760470385
ARM,Armenia,2000,wb_inflation_cpi_pct,-0.790883768934757
ARM,Armenia,2001,wb_inflation_cpi_pct,3.1459046468502
ARM,Armenia,2002,wb_inflation_cpi_pct,1.06004929341667
ARM,Armenia,2003,wb_inflation_cpi_pct,4.7215533660534
ARM,Armenia,2004,wb_inflation_cpi_pct,6.96126135875795
ARM,Armenia,2005,wb_inflation_cpi_pct,0.638928002410097
ARM,Armenia,2006,wb_inflation_cpi_pct,2.89235662459004
ARM,Armenia,2007,wb_inflation_cpi_pct,4.40736089644516
ARM,Armenia,2008,wb_inflation_cpi_pct,8.94995335353387
ARM,Armenia,2009,wb_inflation_cpi_pct,3.40676682683801
ARM,Armenia,2010,wb_inflation_cpi_pct,8.17636138473952
ARM,Armenia,2011,wb_inflation_cpi_pct,7.65000807859294
ARM,Armenia,2012,wb_inflation_cpi_pct,2.55802007757907
ARM,Armenia,2013,wb_inflation_cpi_pct,5.78966778544651
ARM,Armenia,2014,wb_inflation_cpi_pct,2.98130868933672
ARM,Armenia,2015,wb_inflation_cpi_pct,3.73169119261693
ARM,Armenia,2016,wb_inflation_cpi_pct,-1.403607559009
ARM,Armenia,2017,wb_inflation_cpi_pct,0.969553268816138
ARM,Armenia,2018,wb_inflation_cpi_pct,2.52023382001638
ARM,Armenia,2019,wb_inflation_cpi_pct,1.44344660770698
ARM,Armenia,2020,wb_inflation_cpi_pct,1.21143577838465
ARM,Armenia,2021,wb_inflation_cpi_pct,7.18483629443371
ARM,Armenia,2022,wb_inflation_cpi_pct,8.64091108973855
ARM,Armenia,2023,wb_inflation_cpi_pct,1.98041877615554
ARM,Armenia,2024,wb_inflation_cpi_pct,0.269511978259125
ARM,Armenia,2025,wb_inflation_cpi_pct,3.30693341072904
AZE,Azerbaijan,1992,wb_inflation_cpi_pct,-10.6300971576201
AZE,Azerbaijan,1993,wb_inflation_cpi_pct,1128.00002429404
AZE,Azerbaijan,1994,wb_inflation_cpi_pct,1662.21594875899
AZE,Azerbaijan,1995,wb_inflation_cpi_pct,411.759641777268
AZE,Azerbaijan,1996,wb_inflation_cpi_pct,19.7948028061899
AZE,Azerbaijan,1997,wb_inflation_cpi_pct,3.67434809684727
AZE,Azerbaijan,1998,wb_inflation_cpi_pct,-0.772697886033166
AZE,Azerbaijan,1999,wb_inflation_cpi_pct,-8.52517000536063
AZE,Azerbaijan,2000,wb_inflation_cpi_pct,1.80500303704356
AZE,Azerbaijan,2001,wb_inflation_cpi_pct,1.5471959015228
AZE,Azerbaijan,2002,wb_inflation_cpi_pct,2.7711647199827
AZE,Azerbaijan,2003,wb_inflation_cpi_pct,2.23386492967049
AZE,Azerbaijan,2004,wb_inflation_cpi_pct,6.70893042797786
AZE,Azerbaijan,2005,wb_inflation_cpi_pct,9.6795073191705
AZE,Azerbaijan,2006,wb_inflation_cpi_pct,8.32892482863209
AZE,Azerbaijan,2007,wb_inflation_cpi_pct,16.6997549618244
AZE,Azerbaijan,2008,wb_inflation_cpi_pct,20.8490871772712
AZE,Azerbaijan,2009,wb_inflation_cpi_pct,1.45704835970321
AZE,Azerbaijan,2010,wb_inflation_cpi_pct,5.72687224669605
AZE,Azerbaijan,2011,wb_inflation_cpi_pct,7.8583333333334
AZE,Azerbaijan,2012,wb_inflation_cpi_pct,1.06621339720303
AZE,Azerbaijan,2013,wb_inflation_cpi_pct,2.41571745279419
AZE,Azerbaijan,2014,wb_inflation_cpi_pct,1.37344181533176
AZE,Azerbaijan,2015,wb_inflation_cpi_pct,4.02768573742726
AZE,Azerbaijan,2016,wb_inflation_cpi_pct,12.4433748584372
AZE,Azerbaijan,2017,wb_inflation_cpi_pct,12.9359184187335
AZE,Azerbaijan,2018,wb_inflation_cpi_pct,2.26854690373999
AZE,Azerbaijan,2019,wb_inflation_cpi_pct,2.61057182799215
AZE,Azerbaijan,2020,wb_inflation_cpi_pct,2.75980947008127
AZE,Azerbaijan,2021,wb_inflation_cpi_pct,6.65029912708779
AZE,Azerbaijan,2022,wb_inflation_cpi_pct,13.8522590144267
AZE,Azerbaijan,2023,wb_inflation_cpi_pct,8.78543049849081
AZE,Azerbaijan,2024,wb_inflation_cpi_pct,2.21217188919901
AZE,Azerbaijan,2025,wb_inflation_cpi_pct,5.62208788068338
ECS,Europe & Central Asia,1992,wb_inflation_cpi_pct,5.92453126228488
ECS,Europe & Central Asia,1993,wb_inflation_cpi_pct,14.4112644439348
ECS,Europe & Central Asia,1994,wb_inflation_cpi_pct,12.1447980115689
ECS,Europe & Central Asia,1995,wb_inflation_cpi_pct,8.96251888719983
ECS,Europe & Central Asia,1996,wb_inflation_cpi_pct,8.19455217632728
ECS,Europe & Central Asia,1997,wb_inflation_cpi_pct,5.5360026677348
ECS,Europe & Central Asia,1998,wb_inflation_cpi_pct,4.64421422660783
ECS,Europe & Central Asia,1999,wb_inflation_cpi_pct,2.36481836111805
ECS,Europe & Central Asia,2000,wb_inflation_cpi_pct,3.77538829151729
ECS,Europe & Central Asia,2001,wb_inflation_cpi_pct,4.26287228873702
ECS,Europe & Central Asia,2002,wb_inflation_cpi_pct,2.78615988589507
ECS,Europe & Central Asia,2003,wb_inflation_cpi_pct,2.34864169582758
ECS,Europe & Central Asia,2004,wb_inflation_cpi_pct,2.82947796214662
ECS,Europe & Central Asia,2005,wb_inflation_cpi_pct,2.60932308197748
ECS,Europe & Central Asia,2006,wb_inflation_cpi_pct,3.19288637808747
ECS,Europe & Central Asia,2007,wb_inflation_cpi_pct,2.91598261872853
ECS,Europe & Central Asia,2008,wb_inflation_cpi_pct,6.05974046339706
ECS,Europe & Central Asia,2009,wb_inflation_cpi_pct,1.53607650014278
ECS,Europe & Central Asia,2010,wb_inflation_cpi_pct,2.42447361791627
ECS,Europe & Central Asia,2011,wb_inflation_cpi_pct,3.8561124468282
ECS,Europe & Central Asia,2012,wb_inflation_cpi_pct,2.77333854051576
ECS,Europe & Central Asia,2013,wb_inflation_cpi_pct,1.73403963519162
ECS,Europe & Central Asia,2014,wb_inflation_cpi_pct,0.620490636732421
ECS,Europe & Central Asia,2015,wb_inflation_cpi_pct,0.36804684232536
ECS,Europe & Central Asia,2016,wb_inflation_cpi_pct,0.388838296895799
ECS,Europe & Central Asia,2017,wb_inflation_cpi_pct,1.91558846458249
ECS,Europe & Central Asia,2018,wb_inflation_cpi_pct,2.01321972250342
ECS,Europe & Central Asia,2019,wb_inflation_cpi_pct,1.76373586528841
ECS,Europe & Central Asia,2020,wb_inflation_cpi_pct,1.19998396936019
ECS,Europe & Central Asia,2021,wb_inflation_cpi_pct,3.19017771027094
ECS,Europe & Central Asia,2022,wb_inflation_cpi_pct,11.1136121878761
ECS,Europe & Central Asia,2023,wb_inflation_cpi_pct,7.12042212089904
ECS,Europe & Central Asia,2024,wb_inflation_cpi_pct,2.75760909424279
ECS,Europe & Central Asia,2025,wb_inflation_cpi_pct,3.74577316751945
GEO,Georgia,1995,wb_inflation_cpi_pct,162.717152150377
GEO,Georgia,1996,wb_inflation_cpi_pct,39.3574999987146
GEO,Georgia,1997,wb_inflation_cpi_pct,7.08761762948726
GEO,Georgia,1998,wb_inflation_cpi_pct,3.56680781278783
GEO,Georgia,1999,wb_inflation_cpi_pct,19.1926758218895
GEO,Georgia,2000,wb_inflation_cpi_pct,4.06396201382596
GEO,Georgia,2001,wb_inflation_cpi_pct,4.64604442058634
GEO,Georgia,2002,wb_inflation_cpi_pct,5.58783730000794
GEO,Georgia,2003,wb_inflation_cpi_pct,0.837734531536568
GEO,Georgia,2004,wb_inflation_cpi_pct,5.65632636191132
GEO,Georgia,2005,wb_inflation_cpi_pct,8.24709043114158
GEO,Georgia,2006,wb_inflation_cpi_pct,9.16096508394497
GEO,Georgia,2007,wb_inflation_cpi_pct,9.24489745592404
GEO,Georgia,2008,wb_inflation_cpi_pct,9.99948761552747
GEO,Georgia,2009,wb_inflation_cpi_pct,1.7275146113791
GEO,Georgia,2010,wb_inflation_cpi_pct,7.11017897486099
GEO,Georgia,2011,wb_inflation_cpi_pct,8.5429333333333
GEO,Georgia,2012,wb_inflation_cpi_pct,-0.943658853270964
GEO,Georgia,2013,wb_inflation_cpi_pct,-0.512058410947092
GEO,Georgia,2014,wb_inflation_cpi_pct,3.06881210379543
GEO,Georgia,2015,wb_inflation_cpi_pct,4.00357820695097
GEO,Georgia,2016,wb_inflation_cpi_pct,2.13492713939121
GEO,Georgia,2017,wb_inflation_cpi_pct,6.03531725272117
GEO,Georgia,2018,wb_inflation_cpi_pct,2.6152447139767
GEO,Georgia,2019,wb_inflation_cpi_pct,4.85289821696723
GEO,Georgia,2020,wb_inflation_cpi_pct,5.2024648897534
GEO,Georgia,2021,wb_inflation_cpi_pct,9.56691433824769
GEO,Georgia,2022,wb_inflation_cpi_pct,11.8981654203198
GEO,Georgia,2023,wb_inflation_cpi_pct,2.48776056578715
GEO,Georgia,2024,wb_inflation_cpi_pct,1.10971758022096
GEO,Georgia,2025,wb_inflation_cpi_pct,3.8692132193969
KAZ,Kazakhstan,1994,wb_inflation_cpi_pct,1877.37239517572
KAZ,Kazakhstan,1995,wb_inflation_cpi_pct,176.15529894237
KAZ,Kazakhstan,1996,wb_inflation_cpi_pct,39.1825423654111
KAZ,Kazakhstan,1997,wb_inflation_cpi_pct,17.4080410607357
KAZ,Kazakhstan,1998,wb_inflation_cpi_pct,7.14632665452334
KAZ,Kazakhstan,1999,wb_inflation_cpi_pct,8.29602765342564
KAZ,Kazakhstan,2000,wb_inflation_cpi_pct,13.1808905865731
KAZ,Kazakhstan,2001,wb_inflation_cpi_pct,8.35413777161344
KAZ,Kazakhstan,2002,wb_inflation_cpi_pct,5.83692452105643
KAZ,Kazakhstan,2003,wb_inflation_cpi_pct,6.4382181011894
KAZ,Kazakhstan,2004,wb_inflation_cpi_pct,6.88205438981899
KAZ,Kazakhstan,2005,wb_inflation_cpi_pct,7.57999929125766
KAZ,Kazakhstan,2006,wb_inflation_cpi_pct,8.72169386091726
KAZ,Kazakhstan,2007,wb_inflation_cpi_pct,10.8468362075557
KAZ,Kazakhstan,2008,wb_inflation_cpi_pct,17.139899777207
KAZ,Kazakhstan,2009,wb_inflation_cpi_pct,7.31607858288578
KAZ,Kazakhstan,2010,wb_inflation_cpi_pct,7.40046356341396
KAZ,Kazakhstan,2011,wb_inflation_cpi_pct,8.4529046617679
KAZ,Kazakhstan,2012,wb_inflation_cpi_pct,5.19568369035073
KAZ,Kazakhstan,2013,wb_inflation_cpi_pct,5.94283871648418
KAZ,Kazakhstan,2014,wb_inflation_cpi_pct,6.84944977003358
KAZ,Kazakhstan,2015,wb_inflation_cpi_pct,6.67828585615236
KAZ,Kazakhstan,2016,wb_inflation_cpi_pct,14.3610942386248
KAZ,Kazakhstan,2017,wb_inflation_cpi_pct,7.44266321306792
KAZ,Kazakhstan,2018,wb_inflation_cpi_pct,6.16366247577762
KAZ,Kazakhstan,2019,wb_inflation_cpi_pct,5.33356098916669
KAZ,Kazakhstan,2020,wb_inflation_cpi_pct,6.71815454861458
KAZ,Kazakhstan,2021,wb_inflation_cpi_pct,8.04147134028401
KAZ,Kazakhstan,2022,wb_inflation_cpi_pct,15.0278644440851
KAZ,Kazakhstan,2023,wb_inflation_cpi_pct,14.5275597825952
KAZ,Kazakhstan,2024,wb_inflation_cpi_pct,8.69082156104494
KAZ,Kazakhstan,2025,wb_inflation_cpi_pct,11.3879454675914
KGZ,Kyrgyz Republic,1996,wb_inflation_cpi_pct,31.9473377218567
KGZ,Kyrgyz Republic,1997,wb_inflation_cpi_pct,23.4354278497005
KGZ,Kyrgyz Republic,1998,wb_inflation_cpi_pct,10.4573825846721
KGZ,Kyrgyz Republic,1999,wb_inflation_cpi_pct,37.0309258369344
KGZ,Kyrgyz Republic,2000,wb_inflation_cpi_pct,18.7007342838023
KGZ,Kyrgyz Republic,2001,wb_inflation_cpi_pct,6.9196798942304
KGZ,Kyrgyz Republic,2002,wb_inflation_cpi_pct,2.13420986310243
KGZ,Kyrgyz Republic,2003,wb_inflation_cpi_pct,2.97461295184355
KGZ,Kyrgyz Republic,2004,wb_inflation_cpi_pct,4.11065084723381
KGZ,Kyrgyz Republic,2005,wb_inflation_cpi_pct,4.3386739184431
KGZ,Kyrgyz Republic,2006,wb_inflation_cpi_pct,5.55212333162542
KGZ,Kyrgyz Republic,2007,wb_inflation_cpi_pct,10.2301032660484
KGZ,Kyrgyz Republic,2008,wb_inflation_cpi_pct,24.5201024234102
KGZ,Kyrgyz Republic,2009,wb_inflation_cpi_pct,6.83656248105368
KGZ,Kyrgyz Republic,2010,wb_inflation_cpi_pct,7.96772225579684
KGZ,Kyrgyz Republic,2011,wb_inflation_cpi_pct,16.6363262731495
KGZ,Kyrgyz Republic,2012,wb_inflation_cpi_pct,2.76844236540957
KGZ,Kyrgyz Republic,2013,wb_inflation_cpi_pct,6.61375202358082
KGZ,Kyrgyz Republic,2014,wb_inflation_cpi_pct,7.5342472977589
KGZ,Kyrgyz Republic,2015,wb_inflation_cpi_pct,6.50331838993384
KGZ,Kyrgyz Republic,2016,wb_inflation_cpi_pct,0.388838296895799
KGZ,Kyrgyz Republic,2017,wb_inflation_cpi_pct,3.1753098637994
KGZ,Kyrgyz Republic,2018,wb_inflation_cpi_pct,1.54266145238436
KGZ,Kyrgyz Republic,2019,wb_inflation_cpi_pct,1.13362257718804
KGZ,Kyrgyz Republic,2020,wb_inflation_cpi_pct,6.32542296338078
KGZ,Kyrgyz Republic,2021,wb_inflation_cpi_pct,11.9050398185147
KGZ,Kyrgyz Republic,2022,wb_inflation_cpi_pct,13.9229093174176
KGZ,Kyrgyz Republic,2023,wb_inflation_cpi_pct,10.7532770416742
KGZ,Kyrgyz Republic,2024,wb_inflation_cpi_pct,4.99760701207323
KGZ,Kyrgyz Republic,2025,wb_inflation_cpi_pct,8.21496013406325
MNG,Mongolia,1993,wb_inflation_cpi_pct,268.150488882784
MNG,Mongolia,1994,wb_inflation_cpi_pct,87.580009329808
MNG,Mongolia,1995,wb_inflation_cpi_pct,0.0435161009571923
MNG,Mongolia,1996,wb_inflation_cpi_pct,46.8899521531102
MNG,Mongolia,1997,wb_inflation_cpi_pct,36.5561148948773
MNG,Mongolia,1998,wb_inflation_cpi_pct,9.35704217716548
MNG,Mongolia,1999,wb_inflation_cpi_pct,7.56494150307377
MNG,Mongolia,2000,wb_inflation_cpi_pct,11.5955387593327
MNG,Mongolia,2001,wb_inflation_cpi_pct,6.27736020484006
MNG,Mongolia,2002,wb_inflation_cpi_pct,0.91707468718427
MNG,Mongolia,2003,wb_inflation_cpi_pct,5.12899499422419
MNG,Mongolia,2004,wb_inflation_cpi_pct,8.24115449417619
MNG,Mongolia,2005,wb_inflation_cpi_pct,12.7165674066053
MNG,Mongolia,2006,wb_inflation_cpi_pct,5.09516661663157
MNG,Mongolia,2007,wb_inflation_cpi_pct,9.63096309630964
MNG,Mongolia,2008,wb_inflation_cpi_pct,27.9556650246306
MNG,Mongolia,2009,wb_inflation_cpi_pct,7.6195059351941
MNG,Mongolia,2010,wb_inflation_cpi_pct,10.0462065881651
MNG,Mongolia,2011,wb_inflation_cpi_pct,8.41121495327101
MNG,Mongolia,2012,wb_inflation_cpi_pct,14.3303348325838
MNG,Mongolia,2013,wb_inflation_cpi_pct,10.4906567588241
MNG,Mongolia,2014,wb_inflation_cpi_pct,12.2539808129759
MNG,Mongolia,2015,wb_inflation_cpi_pct,5.73568281938327
MNG,Mongolia,2016,wb_inflation_cpi_pct,0.733272227314397
MNG,Mongolia,2017,wb_inflation_cpi_pct,4.30143105302342
MNG,Mongolia,2018,wb_inflation_cpi_pct,6.82424790145522
MNG,Mongolia,2019,wb_inflation_cpi_pct,7.30106953550729
MNG,Mongolia,2020,wb_inflation_cpi_pct,3.7237230614026
MNG,Mongolia,2021,wb_inflation_cpi_pct,7.35894657888155
MNG,Mongolia,2022,wb_inflation_cpi_pct,15.1509728200805
MNG,Mongolia,2023,wb_inflation_cpi_pct,10.347583131434
MNG,Mongolia,2024,wb_inflation_cpi_pct,6.1977990165842
MNG,Mongolia,2025,wb_inflation_cpi_pct,8.60536487369695
TJK,Tajikistan,2001,wb_inflation_cpi_pct,38.59188944886
TJK,Tajikistan,2002,wb_inflation_cpi_pct,12.2499847845885
TJK,Tajikistan,2003,wb_inflation_cpi_pct,16.3034912049491
TJK,Tajikistan,2004,wb_inflation_cpi_pct,7.14196508692253
TJK,Tajikistan,2005,wb_inflation_cpi_pct,7.09193244083773
TJK,Tajikistan,2006,wb_inflation_cpi_pct,10.0108651886461
TJK,Tajikistan,2007,wb_inflation_cpi_pct,13.1491247062982
TJK,Tajikistan,2008,wb_inflation_cpi_pct,20.4705219109964
TJK,Tajikistan,2009,wb_inflation_cpi_pct,6.44823481066697
TJK,Tajikistan,2010,wb_inflation_cpi_pct,6.44531440780658
TJK,Tajikistan,2011,wb_inflation_cpi_pct,12.4315490430406
TJK,Tajikistan,2012,wb_inflation_cpi_pct,5.83116601031462
TJK,Tajikistan,2013,wb_inflation_cpi_pct,5.00964645344951
TJK,Tajikistan,2014,wb_inflation_cpi_pct,6.10442765129667
TJK,Tajikistan,2015,wb_inflation_cpi_pct,5.7145594964971
TJK,Tajikistan,2016,wb_inflation_cpi_pct,6.00458082322139
UZB,Uzbekistan,2011,wb_inflation_cpi_pct,13.7797446476602
UZB,Uzbekistan,2012,wb_inflation_cpi_pct,13.2088026688373
UZB,Uzbekistan,2013,wb_inflation_cpi_pct,11.8414333622049
UZB,Uzbekistan,2014,wb_inflation_cpi_pct,9.28309356162695
UZB,Uzbekistan,2015,wb_inflation_cpi_pct,8.75188196737508
UZB,Uzbekistan,2016,wb_inflation_cpi_pct,8.130886695236
UZB,Uzbekistan,2017,wb_inflation_cpi_pct,13.8757425441635
UZB,Uzbekistan,2018,wb_inflation_cpi_pct,17.5241796514055
UZB,Uzbekistan,2019,wb_inflation_cpi_pct,14.5257359560687
UZB,Uzbekistan,2020,wb_inflation_cpi_pct,12.8677297362606
UZB,Uzbekistan,2021,wb_inflation_cpi_pct,10.8492397508122
UZB,Uzbekistan,2022,wb_inflation_cpi_pct,11.4466436998836
UZB,Uzbekistan,2023,wb_inflation_cpi_pct,9.95659071258018
UZB,Uzbekistan,2024,wb_inflation_cpi_pct,9.62825465956682
UZB,Uzbekistan,2025,wb_inflation_cpi_pct,8.79638847052461
VNM,Viet Nam,1996,wb_inflation_cpi_pct,5.67499999999992
VNM,Viet Nam,1997,wb_inflation_cpi_pct,3.20952606261375
VNM,Viet Nam,1998,wb_inflation_cpi_pct,7.26619804400963
VNM,Viet Nam,1999,wb_inflation_cpi_pct,4.11710235771736
VNM,Viet Nam,2000,wb_inflation_cpi_pct,-1.71033727851111
VNM,Viet Nam,2001,wb_inflation_cpi_pct,-0.43154451172818
VNM,Viet Nam,2002,wb_inflation_cpi_pct,3.83082838168468
VNM,Viet Nam,2003,wb_inflation_cpi_pct,3.23464817293925
VNM,Viet Nam,2004,wb_inflation_cpi_pct,7.75494748709606
VNM,Viet Nam,2005,wb_inflation_cpi_pct,8.28457243128667
VNM,Viet Nam,2006,wb_inflation_cpi_pct,7.41801715108469
VNM,Viet Nam,2007,wb_inflation_cpi_pct,8.34444889773847
VNM,Viet Nam,2008,wb_inflation_cpi_pct,23.1154483474477
VNM,Viet Nam,2009,wb_inflation_cpi_pct,6.71698269988631
VNM,Viet Nam,2010,wb_inflation_cpi_pct,9.20746648778413
VNM,Viet Nam,2011,wb_inflation_cpi_pct,18.6777322770706
VNM,Viet Nam,2012,wb_inflation_cpi_pct,9.09470339557193
VNM,Viet Nam,2013,wb_inflation_cpi_pct,6.59267475899192
VNM,Viet Nam,2014,wb_inflation_cpi_pct,4.08455446637625
VNM,Viet Nam,2015,wb_inflation_cpi_pct,0.631200905175685
VNM,Viet Nam,2016,wb_inflation_cpi_pct,2.66824816969082
VNM,Viet Nam,2017,wb_inflation_cpi_pct,3.52025688811618
VNM,Viet Nam,2018,wb_inflation_cpi_pct,3.53962805942641
VNM,Viet Nam,2019,wb_inflation_cpi_pct,2.79582367452244
VNM,Viet Nam,2020,wb_inflation_cpi_pct,3.22093436652515
VNM,Viet Nam,2021,wb_inflation_cpi_pct,1.83471554810462
VNM,Viet Nam,2022,wb_inflation_cpi_pct,3.15650749963112
VNM,Viet Nam,2023,wb_inflation_cpi_pct,3.25289282667662
VNM,Viet Nam,2024,wb_inflation_cpi_pct,3.62109273885844
VNM,Viet Nam,2025,wb_inflation_cpi_pct,3.3099931421974
XN,Lower middle income,1987,wb_inflation_cpi_pct,8.80112581251833
XN,Lower middle income,1988,wb_inflation_cpi_pct,8.91047020013381
XN,Lower middle income,1989,wb_inflation_cpi_pct,8.77983718898041
XN,Lower middle income,1990,wb_inflation_cpi_pct,8.97123250273255
XN,Lower middle income,1991,wb_inflation_cpi_pct,13.2242657726507
XN,Lower middle income,1992,wb_inflation_cpi_pct,10.0989671535176
XN,Lower middle income,1993,wb_inflation_cpi_pct,9.16866233321985
XN,Lower middle income,1994,wb_inflation_cpi_pct,13.7693248804359
XN,Lower middle income,1995,wb_inflation_cpi_pct,11.2932015274316
XN,Lower middle income,1996,wb_inflation_cpi_pct,9.22046662376986
XN,Lower middle income,1997,wb_inflation_cpi_pct,7.16425211462721
XN,Lower middle income,1998,wb_inflation_cpi_pct,8.40223795613228
XN,Lower middle income,1999,wb_inflation_cpi_pct,5.20489482723138
XN,Lower middle income,2000,wb_inflation_cpi_pct,4.26603446790982
XN,Lower middle income,2001,wb_inflation_cpi_pct,4.41977245881146
XN,Lower middle income,2002,wb_inflation_cpi_pct,3.75017465778466
XN,Lower middle income,2003,wb_inflation_cpi_pct,5.30238773219936
XN,Lower middle income,2004,wb_inflation_cpi_pct,4.43738080101725
XN,Lower middle income,2005,wb_inflation_cpi_pct,5.37887596361502
XN,Lower middle income,2006,wb_inflation_cpi_pct,5.941702150993
XN,Lower middle income,2007,wb_inflation_cpi_pct,6.93621470895786
XN,Lower middle income,2008,wb_inflation_cpi_pct,10.7614182326827
XN,Lower middle income,2009,wb_inflation_cpi_pct,4.41500374795223
XN,Lower middle income,2010,wb_inflation_cpi_pct,4.85113088859311
XN,Lower middle income,2011,wb_inflation_cpi_pct,6.4293968107234
XN,Lower middle income,2012,wb_inflation_cpi_pct,6.05143662139967
XN,Lower middle income,2013,wb_inflation_cpi_pct,5.60092502290401
XN,Lower middle income,2014,wb_inflation_cpi_pct,5.37028961008587
XN,Lower middle income,2015,wb_inflation_cpi_pct,3.99737996694396
XN,Lower middle income,2016,wb_inflation_cpi_pct,3.62321431764138
XN,Lower middle income,2017,wb_inflation_cpi_pct,3.85067166284727
XN,Lower middle income,2018,wb_inflation_cpi_pct,4.29159105337875
XN,Lower middle income,2019,wb_inflation_cpi_pct,3.58213544469211
XN,Lower middle income,2020,wb_inflation_cpi_pct,4.97809676252309
XN,Lower middle income,2021,wb_inflation_cpi_pct,4.48087963413446
XN,Lower middle income,2022,wb_inflation_cpi_pct,7.96757361617945
XN,Lower middle income,2023,wb_inflation_cpi_pct,7.52710509155193
XN,Lower middle income,2024,wb_inflation_cpi_pct,4.65491747661456
XN,Lower middle income,2025,wb_inflation_cpi_pct,3.54630163142885
XT,Upper middle income,1987,wb_inflation_cpi_pct,7.23383553065609
XT,Upper middle income,1988,wb_inflation_cpi_pct,8.50786801086301
XT,Upper middle income,1989,wb_inflation_cpi_pct,11.3871321997958
XT,Upper middle income,1990,wb_inflation_cpi_pct,12.1773522064946
XT,Upper middle income,1991,wb_inflation_cpi_pct,12.040863011282
XT,Upper middle income,1992,wb_inflation_cpi_pct,9.35975158953134
XT,Upper middle income,1993,wb_inflation_cpi_pct,11.7832135960601
XT,Upper middle income,1994,wb_inflation_cpi_pct,12.0803818909762
XT,Upper middle income,1995,wb_inflation_cpi_pct,10.512546081579
XT,Upper middle income,1996,wb_inflation_cpi_pct,8.14321984607728
XT,Upper middle income,1997,wb_inflation_cpi_pct,7.01859185741422
XT,Upper middle income,1998,wb_inflation_cpi_pct,6.84566922417272
XT,Upper middle income,1999,wb_inflation_cpi_pct,4.57803015362164
XT,Upper middle income,2000,wb_inflation_cpi_pct,4.06396201382596
XT,Upper middle income,2001,wb_inflation_cpi_pct,5.34550195567142
XT,Upper middle income,2002,wb_inflation_cpi_pct,5.03072733151295
XT,Upper middle income,2003,wb_inflation_cpi_pct,4.22085086801267
XT,Upper middle income,2004,wb_inflation_cpi_pct,4.76979071866839
XT,Upper middle income,2005,wb_inflation_cpi_pct,4.61565895269152
XT,Upper middle income,2006,wb_inflation_cpi_pct,4.63742222298699
XT,Upper middle income,2007,wb_inflation_cpi_pct,5.28735184747553
XT,Upper middle income,2008,wb_inflation_cpi_pct,9.82113386576177
XT,Upper middle income,2009,wb_inflation_cpi_pct,3.03363356306333
XT,Upper middle income,2010,wb_inflation_cpi_pct,3.82467272315376
XT,Upper middle income,2011,wb_inflation_cpi_pct,5.55389892257493
XT,Upper middle income,2012,wb_inflation_cpi_pct,3.73815231282227
XT,Upper middle income,2013,wb_inflation_cpi_pct,2.70281658214477
XT,Upper middle income,2014,wb_inflation_cpi_pct,3.03372718252381
XT,Upper middle income,2015,wb_inflation_cpi_pct,1.78640243954172
XT,Upper middle income,2016,wb_inflation_cpi_pct,2.04528420858843
XT,Upper middle income,2017,wb_inflation_cpi_pct,3.31608762172158
XT,Upper middle income,2018,wb_inflation_cpi_pct,3.12170076631027
XT,Upper middle income,2019,wb_inflation_cpi_pct,1.93780995920407
XT,Upper middle income,2020,wb_inflation_cpi_pct,1.8903591682421
XT,Upper middle income,2021,wb_inflation_cpi_pct,3.92718022100332
XT,Upper middle income,2022,wb_inflation_cpi_pct,8.81109209279587
XT,Upper middle income,2023,wb_inflation_cpi_pct,5.0341072621757
XT,Upper middle income,2024,wb_inflation_cpi_pct,3.18188924237472
XT,Upper middle income,2025,wb_inflation_cpi_pct,3.20550474112603
ARM,Armenia,1991,wb_real_gdp_growth_pct,-11.699998482027
ARM,Armenia,1992,wb_real_gdp_growth_pct,-41.8000027457562
ARM,Armenia,1993,wb_real_gdp_growth_pct,-8.7999987932935
ARM,Armenia,1994,wb_real_gdp_growth_pct,5.40000277917656
ARM,Armenia,1995,wb_real_gdp_growth_pct,6.89999841973659
ARM,Armenia,1996,wb_real_gdp_growth_pct,5.86540074943565
ARM,Armenia,1997,wb_real_gdp_growth_pct,3.32107970046953
ARM,Armenia,1998,wb_real_gdp_growth_pct,7.29999998770998
ARM,Armenia,1999,wb_real_gdp_growth_pct,3.30000000058166
ARM,Armenia,2000,wb_real_gdp_growth_pct,5.90000000312092
ARM,Armenia,2001,wb_real_gdp_growth_pct,9.59999999927597
ARM,Armenia,2002,wb_real_gdp_growth_pct,13.1999999979356
ARM,Armenia,2003,wb_real_gdp_growth_pct,14.0000000015501
ARM,Armenia,2004,wb_real_gdp_growth_pct,10.4999999988202
ARM,Armenia,2005,wb_real_gdp_growth_pct,13.8999999991133
ARM,Armenia,2006,wb_real_gdp_growth_pct,13.1999999994661
ARM,Armenia,2007,wb_real_gdp_growth_pct,13.7000000015467
ARM,Armenia,2008,wb_real_gdp_growth_pct,6.90000000042959
ARM,Armenia,2009,wb_real_gdp_growth_pct,-14.1000000006998
ARM,Armenia,2010,wb_real_gdp_growth_pct,2.2000000002151
ARM,Armenia,2011,wb_real_gdp_growth_pct,4.69999999867412
ARM,Armenia,2012,wb_real_gdp_growth_pct,7.20000000096486
ARM,Armenia,2013,wb_real_gdp_growth_pct,3.3
ARM,Armenia,2014,wb_real_gdp_growth_pct,3.60000000058993
ARM,Armenia,2015,wb_real_gdp_growth_pct,3.19999999896625
ARM,Armenia,2016,wb_real_gdp_growth_pct,0.199999999825991
ARM,Armenia,2017,wb_real_gdp_growth_pct,7.50000000164144
ARM,Armenia,2018,wb_real_gdp_growth_pct,5.19999999965324
ARM,Armenia,2019,wb_real_gdp_growth_pct,7.59999999853918
ARM,Armenia,2020,wb_real_gdp_growth_pct,-7.19999999920631
ARM,Armenia,2021,wb_real_gdp_growth_pct,5.80000000065645
ARM,Armenia,2022,wb_real_gdp_growth_pct,12.5999999997766
ARM,Armenia,2023,wb_real_gdp_growth_pct,8.29999999959539
ARM,Armenia,2024,wb_real_gdp_growth_pct,5.90000000046228
ARM,Armenia,2025,wb_real_gdp_growth_pct,7.2
AZE,Azerbaijan,1991,wb_real_gdp_growth_pct,-0.700000175699572
AZE,Azerbaijan,1992,wb_real_gdp_growth_pct,-22.6000003264444
AZE,Azerbaijan,1993,wb_real_gdp_growth_pct,-23.0999987188387
AZE,Azerbaijan,1994,wb_real_gdp_growth_pct,-19.7000012399238
AZE,Azerbaijan,1995,wb_real_gdp_growth_pct,-11.7999991076818
AZE,Azerbaijan,1996,wb_real_gdp_growth_pct,1.29999940463827
AZE,Azerbaijan,1997,wb_real_gdp_growth_pct,5.80000014795783
AZE,Azerbaijan,1998,wb_real_gdp_growth_pct,9.99999961153691
AZE,Azerbaijan,1999,wb_real_gdp_growth_pct,7.40000129958564
AZE,Azerbaijan,2000,wb_real_gdp_growth_pct,11.0999991434346
AZE,Azerbaijan,2001,wb_real_gdp_growth_pct,9.89999986533643
AZE,Azerbaijan,2002,wb_real_gdp_growth_pct,9.43891626906561
AZE,Azerbaijan,2003,wb_real_gdp_growth_pct,10.2082994004776
AZE,Azerbaijan,2004,wb_real_gdp_growth_pct,9.25380179728907
AZE,Azerbaijan,2005,wb_real_gdp_growth_pct,27.9615381082131
AZE,Azerbaijan,2006,wb_real_gdp_growth_pct,34.4662096226792
AZE,Azerbaijan,2007,wb_real_gdp_growth_pct,25.4632157314482
AZE,Azerbaijan,2008,wb_real_gdp_growth_pct,10.591437462476
AZE,Azerbaijan,2009,wb_real_gdp_growth_pct,9.36950260277183
AZE,Azerbaijan,2010,wb_real_gdp_growth_pct,4.78883248761557
AZE,Azerbaijan,2011,wb_real_gdp_growth_pct,-1.5729973511111
AZE,Azerbaijan,2012,wb_real_gdp_growth_pct,2.20293891708398
AZE,Azerbaijan,2013,wb_real_gdp_growth_pct,5.84341590483928
AZE,Azerbaijan,2014,wb_real_gdp_growth_pct,2.79758521448559
AZE,Azerbaijan,2015,wb_real_gdp_growth_pct,1.04954641215085
AZE,Azerbaijan,2016,wb_real_gdp_growth_pct,-3.06359842251706
AZE,Azerbaijan,2017,wb_real_gdp_growth_pct,0.153614661745507
AZE,Azerbaijan,2018,wb_real_gdp_growth_pct,1.50040167167313
AZE,Azerbaijan,2019,wb_real_gdp_growth_pct,2.47980879185565
AZE,Azerbaijan,2020,wb_real_gdp_growth_pct,-4.19896065333343
AZE,Azerbaijan,2021,wb_real_gdp_growth_pct,5.61644027150554
AZE,Azerbaijan,2022,wb_real_gdp_growth_pct,4.71468033247649
AZE,Azerbaijan,2023,wb_real_gdp_growth_pct,1.35447749115767
AZE,Azerbaijan,2024,wb_real_gdp_growth_pct,4.15806800428062
AZE,Azerbaijan,2025,wb_real_gdp_growth_pct,1.44985591122698
ECS,Europe & Central Asia,1987,wb_real_gdp_growth_pct,3.03986614325218
ECS,Europe & Central Asia,1988,wb_real_gdp_growth_pct,4.07098534007471
ECS,Europe & Central Asia,1989,wb_real_gdp_growth_pct,3.40833351000343
ECS,Europe & Central Asia,1990,wb_real_gdp_growth_pct,2.19453353603089
ECS,Europe & Central Asia,1991,wb_real_gdp_growth_pct,0.149867916179744
ECS,Europe & Central Asia,1992,wb_real_gdp_growth_pct,-0.630389965930306
ECS,Europe & Central Asia,1993,wb_real_gdp_growth_pct,-0.700118952818684
ECS,Europe & Central Asia,1994,wb_real_gdp_growth_pct,1.49575247301779
ECS,Europe & Central Asia,1995,wb_real_gdp_growth_pct,2.44839349507326
ECS,Europe & Central Asia,1996,wb_real_gdp_growth_pct,1.81032997394175
ECS,Europe & Central Asia,1997,wb_real_gdp_growth_pct,3.08059221645591
ECS,Europe & Central Asia,1998,wb_real_gdp_growth_pct,2.56891134387389
ECS,Europe & Central Asia,1999,wb_real_gdp_growth_pct,2.90387193953893
ECS,Europe & Central Asia,2000,wb_real_gdp_growth_pct,4.39968133524387
ECS,Europe & Central Asia,2001,wb_real_gdp_growth_pct,2.23142716888731
ECS,Europe & Central Asia,2002,wb_real_gdp_growth_pct,1.57910519144795
ECS,Europe & Central Asia,2003,wb_real_gdp_growth_pct,1.82009404804488
ECS,Europe & Central Asia,2004,wb_real_gdp_growth_pct,3.18158585712092
ECS,Europe & Central Asia,2005,wb_real_gdp_growth_pct,2.73707462832897
ECS,Europe & Central Asia,2006,wb_real_gdp_growth_pct,3.89587162590162
ECS,Europe & Central Asia,2007,wb_real_gdp_growth_pct,3.7038360333961
ECS,Europe & Central Asia,2008,wb_real_gdp_growth_pct,1.02523144667981
ECS,Europe & Central Asia,2009,wb_real_gdp_growth_pct,-4.40809425015892
ECS,Europe & Central Asia,2010,wb_real_gdp_growth_pct,2.63832249163517
ECS,Europe & Central Asia,2011,wb_real_gdp_growth_pct,2.32357528634286
ECS,Europe & Central Asia,2012,wb_real_gdp_growth_pct,0.320243354807246
ECS,Europe & Central Asia,2013,wb_real_gdp_growth_pct,0.876266761669413
ECS,Europe & Central Asia,2014,wb_real_gdp_growth_pct,1.94365333398217
ECS,Europe & Central Asia,2015,wb_real_gdp_growth_pct,2.07832382006356
ECS,Europe & Central Asia,2016,wb_real_gdp_growth_pct,1.90825385031148
ECS,Europe & Central Asia,2017,wb_real_gdp_growth_pct,2.96168679697557
ECS,Europe & Central Asia,2018,wb_real_gdp_growth_pct,2.18261664657453
ECS,Europe & Central Asia,2019,wb_real_gdp_growth_pct,1.83149788108096
ECS,Europe & Central Asia,2020,wb_real_gdp_growth_pct,-5.37584934879737
ECS,Europe & Central Asia,2021,wb_real_gdp_growth_pct,6.82460720354004
ECS,Europe & Central Asia,2022,wb_real_gdp_growth_pct,3.42810235027954
ECS,Europe & Central Asia,2023,wb_real_gdp_growth_pct,1.04695405528739
ECS,Europe & Central Asia,2024,wb_real_gdp_growth_pct,1.61092975636407
ECS,Europe & Central Asia,2025,wb_real_gdp_growth_pct,1.703297097267
GEO,Georgia,1987,wb_real_gdp_growth_pct,1.28148065724565
GEO,Georgia,1988,wb_real_gdp_growth_pct,5.55545382967426
GEO,Georgia,1989,wb_real_gdp_growth_pct,-7.19378285079883
GEO,Georgia,1990,wb_real_gdp_growth_pct,-14.788785046729
GEO,Georgia,1991,wb_real_gdp_growth_pct,-21.0998508379398
GEO,Georgia,1992,wb_real_gdp_growth_pct,-44.899774806083
GEO,Georgia,1993,wb_real_gdp_growth_pct,-29.3001665068873
GEO,Georgia,1994,wb_real_gdp_growth_pct,-10.3982300884956
GEO,Georgia,1995,wb_real_gdp_growth_pct,2.59657506969336
GEO,Georgia,1996,wb_real_gdp_growth_pct,11.2025463861501
GEO,Georgia,1997,wb_real_gdp_growth_pct,10.5208042446244
GEO,Georgia,1998,wb_real_gdp_growth_pct,3.10150969616576
GEO,Georgia,1999,wb_real_gdp_growth_pct,2.86729567454968
GEO,Georgia,2000,wb_real_gdp_growth_pct,1.84038117927339
GEO,Georgia,2001,wb_real_gdp_growth_pct,4.80729867243699
GEO,Georgia,2002,wb_real_gdp_growth_pct,5.47402488700408
GEO,Georgia,2003,wb_real_gdp_growth_pct,11.0570310020104
GEO,Georgia,2004,wb_real_gdp_growth_pct,5.79268292682926
GEO,Georgia,2005,wb_real_gdp_growth_pct,9.59113832853026
GEO,Georgia,2006,wb_real_gdp_growth_pct,9.42148081189909
GEO,Georgia,2007,wb_real_gdp_growth_pct,12.5755698246405
GEO,Georgia,2008,wb_real_gdp_growth_pct,2.42161440960641
GEO,Georgia,2009,wb_real_gdp_growth_pct,-3.65075229596822
GEO,Georgia,2010,wb_real_gdp_growth_pct,6.24640865303363
GEO,Georgia,2011,wb_real_gdp_growth_pct,7.9343365253078
GEO,Georgia,2012,wb_real_gdp_growth_pct,6.57883101954195
GEO,Georgia,2013,wb_real_gdp_growth_pct,5.13288531209382
GEO,Georgia,2014,wb_real_gdp_growth_pct,4.09049059581743
GEO,Georgia,2015,wb_real_gdp_growth_pct,3.35102350265353
GEO,Georgia,2016,wb_real_gdp_growth_pct,3.45021517996871
GEO,Georgia,2017,wb_real_gdp_growth_pct,5.15990261658827
GEO,Georgia,2018,wb_real_gdp_growth_pct,6.062036412677
GEO,Georgia,2019,wb_real_gdp_growth_pct,5.38071926589951
GEO,Georgia,2020,wb_real_gdp_growth_pct,-6.2904717853839
GEO,Georgia,2021,wb_real_gdp_growth_pct,10.6442336580969
GEO,Georgia,2022,wb_real_gdp_growth_pct,10.9585321385624
GEO,Georgia,2023,wb_real_gdp_growth_pct,7.83220126555726
GEO,Georgia,2024,wb_real_gdp_growth_pct,9.67979379712661
GEO,Georgia,2025,wb_real_gdp_growth_pct,7.46161504152039
KAZ,Kazakhstan,1991,wb_real_gdp_growth_pct,-11.0000000016926
KAZ,Kazakhstan,1992,wb_real_gdp_growth_pct,-5.29999999893468
KAZ,Kazakhstan,1993,wb_real_gdp_growth_pct,-9.20000000203308
KAZ,Kazakhstan,1994,wb_real_gdp_growth_pct,-12.5999999983168
KAZ,Kazakhstan,1995,wb_real_gdp_growth_pct,-8.2000000011824
KAZ,Kazakhstan,1996,wb_real_gdp_growth_pct,0.500000002073506
KAZ,Kazakhstan,1997,wb_real_gdp_growth_pct,1.69999999949513
KAZ,Kazakhstan,1998,wb_real_gdp_growth_pct,-1.89999999942479
KAZ,Kazakhstan,1999,wb_real_gdp_growth_pct,2.69999999784199
KAZ,Kazakhstan,2000,wb_real_gdp_growth_pct,9.80000000214156
KAZ,Kazakhstan,2001,wb_real_gdp_growth_pct,13.4999999984358
KAZ,Kazakhstan,2002,wb_real_gdp_growth_pct,9.79999999960842
KAZ,Kazakhstan,2003,wb_real_gdp_growth_pct,9.30000000033759
KAZ,Kazakhstan,2004,wb_real_gdp_growth_pct,9.60000000136854
KAZ,Kazakhstan,2005,wb_real_gdp_growth_pct,9.69999999922682
KAZ,Kazakhstan,2006,wb_real_gdp_growth_pct,10.7
KAZ,Kazakhstan,2007,wb_real_gdp_growth_pct,8.89999999999405
KAZ,Kazakhstan,2008,wb_real_gdp_growth_pct,3.30000000021091
KAZ,Kazakhstan,2009,wb_real_gdp_growth_pct,1.19999999942873
KAZ,Kazakhstan,2010,wb_real_gdp_growth_pct,7.30000000329814
KAZ,Kazakhstan,2011,wb_real_gdp_growth_pct,7.40000000144188
KAZ,Kazakhstan,2012,wb_real_gdp_growth_pct,4.79999999528297
KAZ,Kazakhstan,2013,wb_real_gdp_growth_pct,5.99999999671084
KAZ,Kazakhstan,2014,wb_real_gdp_growth_pct,4.20000000566705
KAZ,Kazakhstan,2015,wb_real_gdp_growth_pct,1.20000000053288
KAZ,Kazakhstan,2016,wb_real_gdp_growth_pct,1.09999999910173
KAZ,Kazakhstan,2017,wb_real_gdp_growth_pct,4.10000000257358
KAZ,Kazakhstan,2018,wb_real_gdp_growth_pct,4.09999999309841
KAZ,Kazakhstan,2019,wb_real_gdp_growth_pct,4.50000000091883
KAZ,Kazakhstan,2020,wb_real_gdp_growth_pct,-2.49999999628
KAZ,Kazakhstan,2021,wb_real_gdp_growth_pct,4.29999999729456
KAZ,Kazakhstan,2022,wb_real_gdp_growth_pct,3.19999999970734
KAZ,Kazakhstan,2023,wb_real_gdp_growth_pct,5.09999999973641
KAZ,Kazakhstan,2024,wb_real_gdp_growth_pct,4.99999999996936
KAZ,Kazakhstan,2025,wb_real_gdp_growth_pct,6.5
KGZ,Kyrgyz Republic,1987,wb_real_gdp_growth_pct,3.2999683719047
KGZ,Kyrgyz Republic,1988,wb_real_gdp_growth_pct,13.2000300558198
KGZ,Kyrgyz Republic,1989,wb_real_gdp_growth_pct,2.78975093876642
KGZ,Kyrgyz Republic,1990,wb_real_gdp_growth_pct,5.70279663301396
KGZ,Kyrgyz Republic,1991,wb_real_gdp_growth_pct,-7.94392523772915
KGZ,Kyrgyz Republic,1992,wb_real_gdp_growth_pct,-13.8378377984379
KGZ,Kyrgyz Republic,1993,wb_real_gdp_growth_pct,-15.4593282242512
KGZ,Kyrgyz Republic,1994,wb_real_gdp_growth_pct,-20.0851588393243
KGZ,Kyrgyz Republic,1995,wb_real_gdp_growth_pct,-5.4238219222602
KGZ,Kyrgyz Republic,1996,wb_real_gdp_growth_pct,7.08450239536558
KGZ,Kyrgyz Republic,1997,wb_real_gdp_growth_pct,9.91525389550945
KGZ,Kyrgyz Republic,1998,wb_real_gdp_growth_pct,2.12183528473682
KGZ,Kyrgyz Republic,1999,wb_real_gdp_growth_pct,3.655789399748
KGZ,Kyrgyz Republic,2000,wb_real_gdp_growth_pct,5.44333663288322
KGZ,Kyrgyz Republic,2001,wb_real_gdp_growth_pct,5.32162141190466
KGZ,Kyrgyz Republic,2002,wb_real_gdp_growth_pct,-0.0173246130360667
KGZ,Kyrgyz Republic,2003,wb_real_gdp_growth_pct,7.03029319731168
KGZ,Kyrgyz Republic,2004,wb_real_gdp_growth_pct,7.02681242497607
KGZ,Kyrgyz Republic,2005,wb_real_gdp_growth_pct,-0.175515404044219
KGZ,Kyrgyz Republic,2006,wb_real_gdp_growth_pct,3.10289874199981
KGZ,Kyrgyz Republic,2007,wb_real_gdp_growth_pct,8.54287477507607
KGZ,Kyrgyz Republic,2008,wb_real_gdp_growth_pct,8.40161604861429
KGZ,Kyrgyz Republic,2009,wb_real_gdp_growth_pct,2.88629457537731
KGZ,Kyrgyz Republic,2010,wb_real_gdp_growth_pct,-0.471566596791618
KGZ,Kyrgyz Republic,2011,wb_real_gdp_growth_pct,5.95627429693504
KGZ,Kyrgyz Republic,2012,wb_real_gdp_growth_pct,-0.0881501998439376
KGZ,Kyrgyz Republic,2013,wb_real_gdp_growth_pct,10.9154694528045
KGZ,Kyrgyz Republic,2014,wb_real_gdp_growth_pct,4.02403863083252
KGZ,Kyrgyz Republic,2015,wb_real_gdp_growth_pct,3.87582544512439
KGZ,Kyrgyz Republic,2016,wb_real_gdp_growth_pct,4.33585592190116
KGZ,Kyrgyz Republic,2017,wb_real_gdp_growth_pct,4.73993722377884
KGZ,Kyrgyz Republic,2018,wb_real_gdp_growth_pct,3.75791013557165
KGZ,Kyrgyz Republic,2019,wb_real_gdp_growth_pct,4.60062565707598
KGZ,Kyrgyz Republic,2020,wb_real_gdp_growth_pct,-7.14897757727955
KGZ,Kyrgyz Republic,2021,wb_real_gdp_growth_pct,5.50700762671923
KGZ,Kyrgyz Republic,2022,wb_real_gdp_growth_pct,8.96750520041391
KGZ,Kyrgyz Republic,2023,wb_real_gdp_growth_pct,9.0132928339342
KGZ,Kyrgyz Republic,2024,wb_real_gdp_growth_pct,11.5397119406559
KGZ,Kyrgyz Republic,2025,wb_real_gdp_growth_pct,11.0960203357132
MNG,Mongolia,1987,wb_real_gdp_growth_pct,3.45864847134953
MNG,Mongolia,1988,wb_real_gdp_growth_pct,5.10797231165017
MNG,Mongolia,1989,wb_real_gdp_growth_pct,4.17819574333862
MNG,Mongolia,1990,wb_real_gdp_growth_pct,-3.18446017825207
MNG,Mongolia,1991,wb_real_gdp_growth_pct,-8.69354473126558
MNG,Mongolia,1992,wb_real_gdp_growth_pct,-9.25646570382904
MNG,Mongolia,1993,wb_real_gdp_growth_pct,-3.16879155027824
MNG,Mongolia,1994,wb_real_gdp_growth_pct,2.13438269473237
MNG,Mongolia,1995,wb_real_gdp_growth_pct,6.3764268864666
MNG,Mongolia,1996,wb_real_gdp_growth_pct,2.23509384338665
MNG,Mongolia,1997,wb_real_gdp_growth_pct,3.89671358377919
MNG,Mongolia,1998,wb_real_gdp_growth_pct,3.33993659935817
MNG,Mongolia,1999,wb_real_gdp_growth_pct,3.07036901086266
MNG,Mongolia,2000,wb_real_gdp_growth_pct,1.14606213709108
MNG,Mongolia,2001,wb_real_gdp_growth_pct,2.95271054338117
MNG,Mongolia,2002,wb_real_gdp_growth_pct,4.73297846590111
MNG,Mongolia,2003,wb_real_gdp_growth_pct,7.00463457384886
MNG,Mongolia,2004,wb_real_gdp_growth_pct,10.6254059599309
MNG,Mongolia,2005,wb_real_gdp_growth_pct,7.25366543796015
MNG,Mongolia,2006,wb_real_gdp_growth_pct,8.55623481664365
MNG,Mongolia,2007,wb_real_gdp_growth_pct,10.2480163590057
MNG,Mongolia,2008,wb_real_gdp_growth_pct,8.90036794067551
MNG,Mongolia,2009,wb_real_gdp_growth_pct,-1.26859893608282
MNG,Mongolia,2010,wb_real_gdp_growth_pct,6.3651616786311
MNG,Mongolia,2011,wb_real_gdp_growth_pct,17.2907775869555
MNG,Mongolia,2012,wb_real_gdp_growth_pct,12.3198198494032
MNG,Mongolia,2013,wb_real_gdp_growth_pct,11.6489161878925
MNG,Mongolia,2014,wb_real_gdp_growth_pct,7.88522548204762
MNG,Mongolia,2015,wb_real_gdp_growth_pct,2.37983580731722
MNG,Mongolia,2016,wb_real_gdp_growth_pct,1.48978448679577
MNG,Mongolia,2017,wb_real_gdp_growth_pct,5.63687638694772
MNG,Mongolia,2018,wb_real_gdp_growth_pct,7.74488062024881
MNG,Mongolia,2019,wb_real_gdp_growth_pct,5.60224422064255
MNG,Mongolia,2020,wb_real_gdp_growth_pct,-4.55775197583431
MNG,Mongolia,2021,wb_real_gdp_growth_pct,1.63676957736662
MNG,Mongolia,2022,wb_real_gdp_growth_pct,5.0327096366527
MNG,Mongolia,2023,wb_real_gdp_growth_pct,7.4221127615025
MNG,Mongolia,2024,wb_real_gdp_growth_pct,5.12204539122661
MNG,Mongolia,2025,wb_real_gdp_growth_pct,6.84391415938607
TJK,Tajikistan,1987,wb_real_gdp_growth_pct,-1.20000004458646
TJK,Tajikistan,1988,wb_real_gdp_growth_pct,13.900001094354
TJK,Tajikistan,1989,wb_real_gdp_growth_pct,-6.50000066364703
TJK,Tajikistan,1990,wb_real_gdp_growth_pct,-0.59999963133663
TJK,Tajikistan,1991,wb_real_gdp_growth_pct,-7.09999909622525
TJK,Tajikistan,1992,wb_real_gdp_growth_pct,-29.0000010554471
TJK,Tajikistan,1993,wb_real_gdp_growth_pct,-16.3999998448822
TJK,Tajikistan,1994,wb_real_gdp_growth_pct,-21.2999980130949
TJK,Tajikistan,1995,wb_real_gdp_growth_pct,-12.416322231899
TJK,Tajikistan,1996,wb_real_gdp_growth_pct,-16.6999984353389
TJK,Tajikistan,1997,wb_real_gdp_growth_pct,1.68067413588066
TJK,Tajikistan,1998,wb_real_gdp_growth_pct,5.31286765940042
TJK,Tajikistan,1999,wb_real_gdp_growth_pct,3.69955071665851
TJK,Tajikistan,2000,wb_real_gdp_growth_pct,8.32432449473859
TJK,Tajikistan,2001,wb_real_gdp_growth_pct,9.58083617842951
TJK,Tajikistan,2002,wb_real_gdp_growth_pct,10.8000037591665
TJK,Tajikistan,2003,wb_real_gdp_growth_pct,10.9999990780572
TJK,Tajikistan,2004,wb_real_gdp_growth_pct,10.2999989410117
TJK,Tajikistan,2005,wb_real_gdp_growth_pct,6.69999851655409
TJK,Tajikistan,2006,wb_real_gdp_growth_pct,7.00000321108996
TJK,Tajikistan,2007,wb_real_gdp_growth_pct,7.80000011872161
TJK,Tajikistan,2008,wb_real_gdp_growth_pct,7.89999827154939
TJK,Tajikistan,2009,wb_real_gdp_growth_pct,3.90000114826496
TJK,Tajikistan,2010,wb_real_gdp_growth_pct,6.49999908585235
TJK,Tajikistan,2011,wb_real_gdp_growth_pct,7.40000059956711
TJK,Tajikistan,2012,wb_real_gdp_growth_pct,7.49999946321525
TJK,Tajikistan,2013,wb_real_gdp_growth_pct,7.39999974700379
TJK,Tajikistan,2014,wb_real_gdp_growth_pct,6.70000069016253
TJK,Tajikistan,2015,wb_real_gdp_growth_pct,6.01930331771186
TJK,Tajikistan,2016,wb_real_gdp_growth_pct,6.89999999999999
TJK,Tajikistan,2017,wb_real_gdp_growth_pct,7.10000041864309
TJK,Tajikistan,2018,wb_real_gdp_growth_pct,7.5999988895536
TJK,Tajikistan,2019,wb_real_gdp_growth_pct,7.40000016310556
TJK,Tajikistan,2020,wb_real_gdp_growth_pct,4.40000111553493
TJK,Tajikistan,2021,wb_real_gdp_growth_pct,9.39999955037523
TJK,Tajikistan,2022,wb_real_gdp_growth_pct,8.00000033846364
TJK,Tajikistan,2023,wb_real_gdp_growth_pct,8.29999921651935
TJK,Tajikistan,2024,wb_real_gdp_growth_pct,8.39999980983981
TJK,Tajikistan,2025,wb_real_gdp_growth_pct,8.40000053390075
TKM,Turkmenistan,1988,wb_real_gdp_growth_pct,11.0236221751372
TKM,Turkmenistan,1989,wb_real_gdp_growth_pct,-4.25531950689688
TKM,Turkmenistan,1990,wb_real_gdp_growth_pct,35.3845581084463
TKM,Turkmenistan,1991,wb_real_gdp_growth_pct,-4.60526320431288
TKM,Turkmenistan,1992,wb_real_gdp_growth_pct,-14.9659866561153
TKM,Turkmenistan,1993,wb_real_gdp_growth_pct,1.50000032726246
TKM,Turkmenistan,1994,wb_real_gdp_growth_pct,-17.2998605116336
TKM,Turkmenistan,1995,wb_real_gdp_growth_pct,-7.20004092656342
TKM,Turkmenistan,1996,wb_real_gdp_growth_pct,6.69999198681985
TKM,Turkmenistan,1997,wb_real_gdp_growth_pct,-11.4000001301061
TKM,Turkmenistan,1998,wb_real_gdp_growth_pct,7.1000003383482
TKM,Turkmenistan,1999,wb_real_gdp_growth_pct,16.4999995329385
TKM,Turkmenistan,2000,wb_real_gdp_growth_pct,5.46906425232281
TKM,Turkmenistan,2001,wb_real_gdp_growth_pct,4.34384545203714
TKM,Turkmenistan,2002,wb_real_gdp_growth_pct,0.257179997445405
TKM,Turkmenistan,2003,wb_real_gdp_growth_pct,3.2688286670479
TKM,Turkmenistan,2004,wb_real_gdp_growth_pct,5.00040735874585
TKM,Turkmenistan,2005,wb_real_gdp_growth_pct,13.0340347988606
TKM,Turkmenistan,2006,wb_real_gdp_growth_pct,10.9733082952862
TKM,Turkmenistan,2007,wb_real_gdp_growth_pct,11.0592995865825
TKM,Turkmenistan,2008,wb_real_gdp_growth_pct,14.7000000144534
TKM,Turkmenistan,2009,wb_real_gdp_growth_pct,6.10000001746145
TKM,Turkmenistan,2010,wb_real_gdp_growth_pct,9.20000007329543
TKM,Turkmenistan,2011,wb_real_gdp_growth_pct,14.7183120474814
TKM,Turkmenistan,2012,wb_real_gdp_growth_pct,11.0508311776258
TKM,Turkmenistan,2013,wb_real_gdp_growth_pct,10.1628450365084
TKM,Turkmenistan,2014,wb_real_gdp_growth_pct,10.3497353947965
TKM,Turkmenistan,2015,wb_real_gdp_growth_pct,6.45254918531575
TKM,Turkmenistan,2016,wb_real_gdp_growth_pct,6.22909997062793
TKM,Turkmenistan,2017,wb_real_gdp_growth_pct,6.45138358820188
TKM,Turkmenistan,2018,wb_real_gdp_growth_pct,6.20602363832646
TKM,Turkmenistan,2019,wb_real_gdp_growth_pct,6.33169567608873
TKM,Turkmenistan,2020,wb_real_gdp_growth_pct,5.87065623130427
TKM,Turkmenistan,2021,wb_real_gdp_growth_pct,6.15115785574542
TKM,Turkmenistan,2022,wb_real_gdp_growth_pct,6.23491365071671
TKM,Turkmenistan,2023,wb_real_gdp_growth_pct,6.31879850268643
TKM,Turkmenistan,2024,wb_real_gdp_growth_pct,6.28235647996578
TKM,Turkmenistan,2025,wb_real_gdp_growth_pct,6.30000003697894
UZB,Uzbekistan,1988,wb_real_gdp_growth_pct,9.13858227515796
UZB,Uzbekistan,1989,wb_real_gdp_growth_pct,3.09129397309782
UZB,Uzbekistan,1990,wb_real_gdp_growth_pct,1.60000000583709
UZB,Uzbekistan,1991,wb_real_gdp_growth_pct,-0.492000005163135
UZB,Uzbekistan,1992,wb_real_gdp_growth_pct,-11.1999999973161
UZB,Uzbekistan,1993,wb_real_gdp_growth_pct,-2.30000000438953
UZB,Uzbekistan,1994,wb_real_gdp_growth_pct,-5.19999999306724
UZB,Uzbekistan,1995,wb_real_gdp_growth_pct,-0.90000000546128
UZB,Uzbekistan,1996,wb_real_gdp_growth_pct,1.700000003062
UZB,Uzbekistan,1997,wb_real_gdp_growth_pct,5.19999999656406
UZB,Uzbekistan,1998,wb_real_gdp_growth_pct,4.30000000106274
UZB,Uzbekistan,1999,wb_real_gdp_growth_pct,4.30000000179402
UZB,Uzbekistan,2000,wb_real_gdp_growth_pct,3.83500000014025
UZB,Uzbekistan,2001,wb_real_gdp_growth_pct,4.16383824998903
UZB,Uzbekistan,2002,wb_real_gdp_growth_pct,3.97348819235708
UZB,Uzbekistan,2003,wb_real_gdp_growth_pct,4.23262738154382
UZB,Uzbekistan,2004,wb_real_gdp_growth_pct,7.4490006055965
UZB,Uzbekistan,2005,wb_real_gdp_growth_pct,6.95000719569107
UZB,Uzbekistan,2006,wb_real_gdp_growth_pct,7.45141847621767
UZB,Uzbekistan,2007,wb_real_gdp_growth_pct,9.47300530544537
UZB,Uzbekistan,2008,wb_real_gdp_growth_pct,9.02916101784781
UZB,Uzbekistan,2009,wb_real_gdp_growth_pct,8.05093332733964
UZB,Uzbekistan,2010,wb_real_gdp_growth_pct,7.5971679610016
UZB,Uzbekistan,2011,wb_real_gdp_growth_pct,8.12793681625645
UZB,Uzbekistan,2012,wb_real_gdp_growth_pct,7.35682138899483
UZB,Uzbekistan,2013,wb_real_gdp_growth_pct,7.9217749261021
UZB,Uzbekistan,2014,wb_real_gdp_growth_pct,7.71373911707978
UZB,Uzbekistan,2015,wb_real_gdp_growth_pct,7.94477659311639
UZB,Uzbekistan,2016,wb_real_gdp_growth_pct,6.71108022628
UZB,Uzbekistan,2017,wb_real_gdp_growth_pct,4.70027401956061
UZB,Uzbekistan,2018,wb_real_gdp_growth_pct,5.72368380757618
UZB,Uzbekistan,2019,wb_real_gdp_growth_pct,6.79331098484522
UZB,Uzbekistan,2020,wb_real_gdp_growth_pct,1.62162281640448
UZB,Uzbekistan,2021,wb_real_gdp_growth_pct,8.20448512353877
UZB,Uzbekistan,2022,wb_real_gdp_growth_pct,6.08592335737373
UZB,Uzbekistan,2023,wb_real_gdp_growth_pct,6.31603004201926
UZB,Uzbekistan,2024,wb_real_gdp_growth_pct,6.67618796188361
UZB,Uzbekistan,2025,wb_real_gdp_growth_pct,7.69962477932913
VNM,Viet Nam,1987,wb_real_gdp_growth_pct,3.5834696313072
VNM,Viet Nam,1988,wb_real_gdp_growth_pct,5.13501167157808
VNM,Viet Nam,1989,wb_real_gdp_growth_pct,7.36451289395819
VNM,Viet Nam,1990,wb_real_gdp_growth_pct,5.10091813908369
VNM,Viet Nam,1991,wb_real_gdp_growth_pct,5.96084393218912
VNM,Viet Nam,1992,wb_real_gdp_growth_pct,8.64604745934572
VNM,Viet Nam,1993,wb_real_gdp_growth_pct,8.07273065739605
VNM,Viet Nam,1994,wb_real_gdp_growth_pct,8.83898095245374
VNM,Viet Nam,1995,wb_real_gdp_growth_pct,9.54048017491264
VNM,Viet Nam,1996,wb_real_gdp_growth_pct,9.34001749939179
VNM,Viet Nam,1997,wb_real_gdp_growth_pct,8.1520841433542
VNM,Viet Nam,1998,wb_real_gdp_growth_pct,5.76445545848843
VNM,Viet Nam,1999,wb_real_gdp_growth_pct,4.77358688344989
VNM,Viet Nam,2000,wb_real_gdp_growth_pct,6.78731640463151
VNM,Viet Nam,2001,wb_real_gdp_growth_pct,6.19289331233377
VNM,Viet Nam,2002,wb_real_gdp_growth_pct,6.32082099160833
VNM,Viet Nam,2003,wb_real_gdp_growth_pct,6.89906349055258
VNM,Viet Nam,2004,wb_real_gdp_growth_pct,7.53641060890386
VNM,Viet Nam,2005,wb_real_gdp_growth_pct,7.54724772895918
VNM,Viet Nam,2006,wb_real_gdp_growth_pct,6.97795481056711
VNM,Viet Nam,2007,wb_real_gdp_growth_pct,7.12950448605439
VNM,Viet Nam,2008,wb_real_gdp_growth_pct,5.66177120891362
VNM,Viet Nam,2009,wb_real_gdp_growth_pct,5.39789754014181
VNM,Viet Nam,2010,wb_real_gdp_growth_pct,6.42324482239482
VNM,Viet Nam,2011,wb_real_gdp_growth_pct,6.41316889681683
VNM,Viet Nam,2012,wb_real_gdp_growth_pct,5.5045447041189
VNM,Viet Nam,2013,wb_real_gdp_growth_pct,5.55351081026072
VNM,Viet Nam,2014,wb_real_gdp_growth_pct,6.42224312118567
VNM,Viet Nam,2015,wb_real_gdp_growth_pct,6.98715430598611
VNM,Viet Nam,2016,wb_real_gdp_growth_pct,6.69000892660424
VNM,Viet Nam,2017,wb_real_gdp_growth_pct,6.94019037359206
VNM,Viet Nam,2018,wb_real_gdp_growth_pct,7.46500685572751
VNM,Viet Nam,2019,wb_real_gdp_growth_pct,7.35926270105006
VNM,Viet Nam,2020,wb_real_gdp_growth_pct,2.86541320912272
VNM,Viet Nam,2021,wb_real_gdp_growth_pct,2.55372852648131
VNM,Viet Nam,2022,wb_real_gdp_growth_pct,8.53750041218142
VNM,Viet Nam,2023,wb_real_gdp_growth_pct,4.97865959483225
VNM,Viet Nam,2024,wb_real_gdp_growth_pct,7.03955197123018
VNM,Viet Nam,2025,wb_real_gdp_growth_pct,8.01882998978245
XN,Lower middle income,1987,wb_real_gdp_growth_pct,3.67565705047063
XN,Lower middle income,1988,wb_real_gdp_growth_pct,6.90442280730157
XN,Lower middle income,1989,wb_real_gdp_growth_pct,2.36888747282677
XN,Lower middle income,1990,wb_real_gdp_growth_pct,5.38970985635385
XN,Lower middle income,1991,wb_real_gdp_growth_pct,2.63406552761765
XN,Lower middle income,1992,wb_real_gdp_growth_pct,3.74678816092104
XN,Lower middle income,1993,wb_real_gdp_growth_pct,1.81417803767454
XN,Lower middle income,1994,wb_real_gdp_growth_pct,3.41472551228983
XN,Lower middle income,1995,wb_real_gdp_growth_pct,4.95068183822455
XN,Lower middle income,1996,wb_real_gdp_growth_pct,6.06737420870951
XN,Lower middle income,1997,wb_real_gdp_growth_pct,3.89069623399025
XN,Lower middle income,1998,wb_real_gdp_growth_pct,4.66995519468514
XN,Lower middle income,1999,wb_real_gdp_growth_pct,5.04250457099371
XN,Lower middle income,2000,wb_real_gdp_growth_pct,4.00456052600455
XN,Lower middle income,2001,wb_real_gdp_growth_pct,4.39763084187854
XN,Lower middle income,2002,wb_real_gdp_growth_pct,3.89322800169158
XN,Lower middle income,2003,wb_real_gdp_growth_pct,5.42892222853892
XN,Lower middle income,2004,wb_real_gdp_growth_pct,7.52176286421549
XN,Lower middle income,2005,wb_real_gdp_growth_pct,6.89542155812637
XN,Lower middle income,2006,wb_real_gdp_growth_pct,7.18376142658737
XN,Lower middle income,2007,wb_real_gdp_growth_pct,6.96094960490905
XN,Lower middle income,2008,wb_real_gdp_growth_pct,4.53663651840101
XN,Lower middle income,2009,wb_real_gdp_growth_pct,5.97682455176533
XN,Lower middle income,2010,wb_real_gdp_growth_pct,6.56205140134733
XN,Lower middle income,2011,wb_real_gdp_growth_pct,4.67689963318121
XN,Lower middle income,2012,wb_real_gdp_growth_pct,5.04178189062404
XN,Lower middle income,2013,wb_real_gdp_growth_pct,5.52992585202499
XN,Lower middle income,2014,wb_real_gdp_growth_pct,5.78869944897494
XN,Lower middle income,2015,wb_real_gdp_growth_pct,5.54051938384552
XN,Lower middle income,2016,wb_real_gdp_growth_pct,5.00300529129822
XN,Lower middle income,2017,wb_real_gdp_growth_pct,4.80938629568179
XN,Lower middle income,2018,wb_real_gdp_growth_pct,4.90431450173897
XN,Lower middle income,2019,wb_real_gdp_growth_pct,3.403376204922
XN,Lower middle income,2020,wb_real_gdp_growth_pct,-4.21903396199713
XN,Lower middle income,2021,wb_real_gdp_growth_pct,6.79896357094398
XN,Lower middle income,2022,wb_real_gdp_growth_pct,6.27876038879147
XN,Lower middle income,2023,wb_real_gdp_growth_pct,5.29082296744885
XN,Lower middle income,2024,wb_real_gdp_growth_pct,5.37952719978989
XN,Lower middle income,2025,wb_real_gdp_growth_pct,5.96181800412216
XT,Upper middle income,1987,wb_real_gdp_growth_pct,4.91042301251392
XT,Upper middle income,1988,wb_real_gdp_growth_pct,3.47483762953075
XT,Upper middle income,1989,wb_real_gdp_growth_pct,3.01632926883246
XT,Upper middle income,1990,wb_real_gdp_growth_pct,2.7553419645201
XT,Upper middle income,1991,wb_real_gdp_growth_pct,3.07224469364371
XT,Upper middle income,1992,wb_real_gdp_growth_pct,4.52029768644822
XT,Upper middle income,1993,wb_real_gdp_growth_pct,5.86952878142941
XT,Upper middle income,1994,wb_real_gdp_growth_pct,5.56868005623726
XT,Upper middle income,1995,wb_real_gdp_growth_pct,4.52711631413342
XT,Upper middle income,1996,wb_real_gdp_growth_pct,6.24106447062505
XT,Upper middle income,1997,wb_real_gdp_growth_pct,6.10438436829742
XT,Upper middle income,1998,wb_real_gdp_growth_pct,2.94556804758584
XT,Upper middle income,1999,wb_real_gdp_growth_pct,3.27878035556444
XT,Upper middle income,2000,wb_real_gdp_growth_pct,5.98938554447042
XT,Upper middle income,2001,wb_real_gdp_growth_pct,3.47176313358794
XT,Upper middle income,2002,wb_real_gdp_growth_pct,4.85760888264437
XT,Upper middle income,2003,wb_real_gdp_growth_pct,5.93182709987083
XT,Upper middle income,2004,wb_real_gdp_growth_pct,7.85818127906606
XT,Upper middle income,2005,wb_real_gdp_growth_pct,7.53091329686855
XT,Upper middle income,2006,wb_real_gdp_growth_pct,8.54599449140774
XT,Upper middle income,2007,wb_real_gdp_growth_pct,9.34587228012785
XT,Upper middle income,2008,wb_real_gdp_growth_pct,6.27582959663708
XT,Upper middle income,2009,wb_real_gdp_growth_pct,3.53070135416004
XT,Upper middle income,2010,wb_real_gdp_growth_pct,8.47976782694566
XT,Upper middle income,2011,wb_real_gdp_growth_pct,6.86028171206145
XT,Upper middle income,2012,wb_real_gdp_growth_pct,5.7971024867346
XT,Upper middle income,2013,wb_real_gdp_growth_pct,5.66814396000228
XT,Upper middle income,2014,wb_real_gdp_growth_pct,5.02375276809626
XT,Upper middle income,2015,wb_real_gdp_growth_pct,4.56055688519767
XT,Upper middle income,2016,wb_real_gdp_growth_pct,4.62482816773941
XT,Upper middle income,2017,wb_real_gdp_growth_pct,5.40459151052542
XT,Upper middle income,2018,wb_real_gdp_growth_pct,4.95165024884356
XT,Upper middle income,2019,wb_real_gdp_growth_pct,4.24595361596556
XT,Upper middle income,2020,wb_real_gdp_growth_pct,-0.502919871037122
XT,Upper middle income,2021,wb_real_gdp_growth_pct,7.58860883559845
XT,Upper middle income,2022,wb_real_gdp_growth_pct,3.53652312476997
XT,Upper middle income,2023,wb_real_gdp_growth_pct,4.57426687515756
XT,Upper middle income,2024,wb_real_gdp_growth_pct,4.23445227221156
XT,Upper middle income,2025,wb_real_gdp_growth_pct,4.20533481650185
ARM,Armenia,1990,wb_real_gdp_per_capita,1644.02214502158
ARM,Armenia,1991,wb_real_gdp_per_capita,1426.82791357144
ARM,Armenia,1992,wb_real_gdp_per_capita,840.205259177402
ARM,Armenia,1993,wb_real_gdp_per_capita,792.567859246381
ARM,Armenia,1994,wb_real_gdp_per_capita,857.394474812969
ARM,Armenia,1995,wb_real_gdp_per_capita,932.357829471807
ARM,Armenia,1996,wb_real_gdp_per_capita,995.728275319872
ARM,Armenia,1997,wb_real_gdp_per_capita,1039.0798243009
ARM,Armenia,1998,wb_real_gdp_per_capita,1128.09888845227
ARM,Armenia,1999,wb_real_gdp_per_capita,1180.45341995952
ARM,Armenia,2000,wb_real_gdp_per_capita,1229.21510436102
ARM,Armenia,2001,wb_real_gdp_per_capita,1351.12072694555
ARM,Armenia,2002,wb_real_gdp_per_capita,1535.20452885187
ARM,Armenia,2003,wb_real_gdp_per_capita,1759.64684829386
ARM,Armenia,2004,wb_real_gdp_per_capita,1955.22262459229
ARM,Armenia,2005,wb_real_gdp_per_capita,2240.09273209788
ARM,Armenia,2006,wb_real_gdp_per_capita,2551.43546358452
ARM,Armenia,2007,wb_real_gdp_per_capita,2919.3734936373
ARM,Armenia,2008,wb_real_gdp_per_capita,3141.33193500774
ARM,Armenia,2009,wb_real_gdp_per_capita,2716.97436280471
ARM,Armenia,2010,wb_real_gdp_per_capita,2796.08143428043
ARM,Armenia,2011,wb_real_gdp_per_capita,2943.83687119315
ARM,Armenia,2012,wb_real_gdp_per_capita,3159.75860786889
ARM,Armenia,2013,wb_real_gdp_per_capita,3266.29882999873
ARM,Armenia,2014,wb_real_gdp_per_capita,3393.09252326884
ARM,Armenia,2015,wb_real_gdp_per_capita,3512.39350276709
ARM,Armenia,2016,wb_real_gdp_per_capita,3533.88503607007
ARM,Armenia,2017,wb_real_gdp_per_capita,3815.3747426037
ARM,Armenia,2018,wb_real_gdp_per_capita,4027.83393010979
ARM,Armenia,2019,wb_real_gdp_per_capita,4343.45839583019
ARM,Armenia,2020,wb_real_gdp_per_capita,4032.09043454955
ARM,Armenia,2021,wb_real_gdp_per_capita,4264.79961505187
ARM,Armenia,2022,wb_real_gdp_per_capita,4791.00481712183
ARM,Armenia,2023,wb_real_gdp_per_capita,5197.23509013575
ARM,Armenia,2024,wb_real_gdp_per_capita,5378.31799981682
ARM,Armenia,2025,wb_real_gdp_per_capita,5666.18616756416
AZE,Azerbaijan,1990,wb_real_gdp_per_capita,2866.41060718579
AZE,Azerbaijan,1991,wb_real_gdp_per_capita,2808.72744444906
AZE,Azerbaijan,1992,wb_real_gdp_per_capita,2141.34003837017
AZE,Azerbaijan,1993,wb_real_gdp_per_capita,1621.91809395607
AZE,Azerbaijan,1994,wb_real_gdp_per_capita,1284.95555073458
AZE,Azerbaijan,1995,wb_real_gdp_per_capita,1120.30867792344
AZE,Azerbaijan,1996,wb_real_gdp_per_capita,1123.44793844504
AZE,Azerbaijan,1997,wb_real_gdp_per_capita,1177.19685990232
AZE,Azerbaijan,1998,wb_real_gdp_per_capita,1282.68413749503
AZE,Azerbaijan,1999,wb_real_gdp_per_capita,1365.56585147028
AZE,Azerbaijan,2000,wb_real_gdp_per_capita,1504.73106706035
AZE,Azerbaijan,2001,wb_real_gdp_per_capita,1640.93664540398
AZE,Azerbaijan,2002,wb_real_gdp_per_capita,1782.47319183639
AZE,Azerbaijan,2003,wb_real_gdp_per_capita,1949.60608417331
AZE,Azerbaijan,2004,wb_real_gdp_per_capita,2111.4533834475
AZE,Azerbaijan,2005,wb_real_gdp_per_capita,2674.3688564996
AZE,Azerbaijan,2006,wb_real_gdp_per_capita,3556.83212858133
AZE,Azerbaijan,2007,wb_real_gdp_per_capita,4412.20326117932
AZE,Azerbaijan,2008,wb_real_gdp_per_capita,4778.12452736673
AZE,Azerbaijan,2009,wb_real_gdp_per_capita,5118.43395494687
AZE,Azerbaijan,2010,wb_real_gdp_per_capita,5300.11048729062
AZE,Azerbaijan,2011,wb_real_gdp_per_capita,5149.20665913206
AZE,Azerbaijan,2012,wb_real_gdp_per_capita,5193.17501119552
AZE,Azerbaijan,2013,wb_real_gdp_per_capita,5425.99559780578
AZE,Azerbaijan,2014,wb_real_gdp_per_capita,5508.60265612676
AZE,Azerbaijan,2015,wb_real_gdp_per_capita,5500.50364628486
AZE,Azerbaijan,2016,wb_real_gdp_per_capita,5272.71817141861
AZE,Azerbaijan,2017,wb_real_gdp_per_capita,5229.25259993413
AZE,Azerbaijan,2018,wb_real_gdp_per_capita,5261.92938234432
AZE,Azerbaijan,2019,wb_real_gdp_per_capita,5346.95318604114
AZE,Azerbaijan,2020,wb_real_gdp_per_capita,5087.50022783627
AZE,Azerbaijan,2021,wb_real_gdp_per_capita,5349.58226071425
AZE,Azerbaijan,2022,wb_real_gdp_per_capita,5599.58524971025
AZE,Azerbaijan,2023,wb_real_gdp_per_capita,5668.61021317029
AZE,Azerbaijan,2024,wb_real_gdp_per_capita,5876.03295533913
AZE,Azerbaijan,2025,wb_real_gdp_per_capita,5935.53323632509
ECS,Europe & Central Asia,1987,wb_real_gdp_per_capita,14746.1412038658
ECS,Europe & Central Asia,1988,wb_real_gdp_per_capita,15248.9913898623
ECS,Europe & Central Asia,1989,wb_real_gdp_per_capita,15669.715580632
ECS,Europe & Central Asia,1990,wb_real_gdp_per_capita,15930.071318391
ECS,Europe & Central Asia,1991,wb_real_gdp_per_capita,15881.0653710834
ECS,Europe & Central Asia,1992,wb_real_gdp_per_capita,15716.2657850294
ECS,Europe & Central Asia,1993,wb_real_gdp_per_capita,15553.5215969054
ECS,Europe & Central Asia,1994,wb_real_gdp_per_capita,15746.2188639285
ECS,Europe & Central Asia,1995,wb_real_gdp_per_capita,16098.3369219158
ECS,Europe & Central Asia,1996,wb_real_gdp_per_capita,16359.9116585008
ECS,Europe & Central Asia,1997,wb_real_gdp_per_capita,16839.221266229
ECS,Europe & Central Asia,1998,wb_real_gdp_per_capita,17252.1486046437
ECS,Europe & Central Asia,1999,wb_real_gdp_per_capita,17732.8079918976
ECS,Europe & Central Asia,2000,wb_real_gdp_per_capita,18489.7723627187
ECS,Europe & Central Asia,2001,wb_real_gdp_per_capita,18876.2222676969
ECS,Europe & Central Asia,2002,wb_real_gdp_per_capita,19137.987953529
ECS,Europe & Central Asia,2003,wb_real_gdp_per_capita,19434.9539216248
ECS,Europe & Central Asia,2004,wb_real_gdp_per_capita,19994.9526883816
ECS,Europe & Central Asia,2005,wb_real_gdp_per_capita,20483.7052778191
ECS,Europe & Central Asia,2006,wb_real_gdp_per_capita,21218.6420264668
ECS,Europe & Central Asia,2007,wb_real_gdp_per_capita,21942.3439443716
ECS,Europe & Central Asia,2008,wb_real_gdp_per_capita,22077.8466393493
ECS,Europe & Central Asia,2009,wb_real_gdp_per_capita,21021.0362461548
ECS,Europe & Central Asia,2010,wb_real_gdp_per_capita,21496.9574340089
ECS,Europe & Central Asia,2011,wb_real_gdp_per_capita,21946.7182534558
ECS,Europe & Central Asia,2012,wb_real_gdp_per_capita,21930.9259023068
ECS,Europe & Central Asia,2013,wb_real_gdp_per_capita,22039.7194290423
ECS,Europe & Central Asia,2014,wb_real_gdp_per_capita,22377.2366286294
ECS,Europe & Central Asia,2015,wb_real_gdp_per_capita,22742.4739859372
ECS,Europe & Central Asia,2016,wb_real_gdp_per_capita,23073.4498063679
ECS,Europe & Central Asia,2017,wb_real_gdp_per_capita,23666.3148569145
ECS,Europe & Central Asia,2018,wb_real_gdp_per_capita,24094.598211265
ECS,Europe & Central Asia,2019,wb_real_gdp_per_capita,24442.3874231782
ECS,Europe & Central Asia,2020,wb_real_gdp_per_capita,23085.0498018734
ECS,Europe & Central Asia,2021,wb_real_gdp_per_capita,24641.4252022588
ECS,Europe & Central Asia,2022,wb_real_gdp_per_capita,25489.1529254156
ECS,Europe & Central Asia,2023,wb_real_gdp_per_capita,25741.0380070691
ECS,Europe & Central Asia,2024,wb_real_gdp_per_capita,26049.7447851247
ECS,Europe & Central Asia,2025,wb_real_gdp_per_capita,26380.9976734418
GEO,Georgia,1987,wb_real_gdp_per_capita,4285.87259530389
GEO,Georgia,1988,wb_real_gdp_per_capita,4479.40018281131
GEO,Georgia,1989,wb_real_gdp_per_capita,4146.2568079811
GEO,Georgia,1990,wb_real_gdp_per_capita,3534.03227732782
GEO,Georgia,1991,wb_real_gdp_per_capita,2768.81016089293
GEO,Georgia,1992,wb_real_gdp_per_capita,1513.85017404463
GEO,Georgia,1993,wb_real_gdp_per_capita,1062.09528080207
GEO,Georgia,1994,wb_real_gdp_per_capita,966.419596225484
GEO,Georgia,1995,wb_real_gdp_per_capita,1029.48054628347
GEO,Georgia,1996,wb_real_gdp_per_capita,1187.123206219
GEO,Georgia,1997,wb_real_gdp_per_capita,1354.78352202066
GEO,Georgia,1998,wb_real_gdp_per_capita,1431.79336069224
GEO,Georgia,1999,wb_real_gdp_per_capita,1503.46298776734
GEO,Georgia,2000,wb_real_gdp_per_capita,1561.19867638847
GEO,Georgia,2001,wb_real_gdp_per_capita,1661.83019106421
GEO,Georgia,2002,wb_real_gdp_per_capita,1768.5970116888
GEO,Georgia,2003,wb_real_gdp_per_capita,1977.46143338741
GEO,Georgia,2004,wb_real_gdp_per_capita,2105.00472843799
GEO,Georgia,2005,wb_real_gdp_per_capita,2321.60084285163
GEO,Georgia,2006,wb_real_gdp_per_capita,2554.81253503914
GEO,Georgia,2007,wb_real_gdp_per_capita,2891.13702331846
GEO,Georgia,2008,wb_real_gdp_per_capita,2970.15858282428
GEO,Georgia,2009,wb_real_gdp_per_capita,2887.25607935922
GEO,Georgia,2010,wb_real_gdp_per_capita,3090.06513662318
GEO,Georgia,2011,wb_real_gdp_per_capita,3362.1030031968
GEO,Georgia,2012,wb_real_gdp_per_capita,3609.780798626
GEO,Georgia,2013,wb_real_gdp_per_capita,3806.50600649051
GEO,Georgia,2014,wb_real_gdp_per_capita,3960.35080091901
GEO,Georgia,2015,wb_real_gdp_per_capita,4086.6223465965
GEO,Georgia,2016,wb_real_gdp_per_capita,4225.09154904806
GEO,Georgia,2017,wb_real_gdp_per_capita,4442.50744127374
GEO,Georgia,2018,wb_real_gdp_per_capita,4713.65354845303
GEO,Georgia,2019,wb_real_gdp_per_capita,4975.81148194814
GEO,Georgia,2020,wb_real_gdp_per_capita,4659.60925318234
GEO,Georgia,2021,wb_real_gdp_per_capita,5175.19865185825
GEO,Georgia,2022,wb_real_gdp_per_capita,5736.30449578597
GEO,Georgia,2023,wb_real_gdp_per_capita,6180.6206023429
GEO,Georgia,2024,wb_real_gdp_per_capita,6606.35772271858
GEO,Georgia,2025,wb_real_gdp_per_capita,6876.98508939391
KAZ,Kazakhstan,1990,wb_real_gdp_per_capita,5557.08215736977
KAZ,Kazakhstan,1991,wb_real_gdp_per_capita,4910.15324119135
KAZ,Kazakhstan,1992,wb_real_gdp_per_capita,4635.42154654073
KAZ,Kazakhstan,1993,wb_real_gdp_per_capita,4223.1282023154
KAZ,Kazakhstan,1994,wb_real_gdp_per_capita,3740.97810892024
KAZ,Kazakhstan,1995,wb_real_gdp_per_capita,3498.51454364229
KAZ,Kazakhstan,1996,wb_real_gdp_per_capita,3583.36908423331
KAZ,Kazakhstan,1997,wb_real_gdp_per_capita,3728.96386519689
KAZ,Kazakhstan,1998,wb_real_gdp_per_capita,3750.56494562659
KAZ,Kazakhstan,1999,wb_real_gdp_per_capita,3899.65723139778
KAZ,Kazakhstan,2000,wb_real_gdp_per_capita,4269.33016782791
KAZ,Kazakhstan,2001,wb_real_gdp_per_capita,4822.52862802669
KAZ,Kazakhstan,2002,wb_real_gdp_per_capita,5267.6990320263
KAZ,Kazakhstan,2003,wb_real_gdp_per_capita,5724.43199248054
KAZ,Kazakhstan,2004,wb_real_gdp_per_capita,6233.29439373307
KAZ,Kazakhstan,2005,wb_real_gdp_per_capita,6787.4115548789
KAZ,Kazakhstan,2006,wb_real_gdp_per_capita,7450.39687062615
KAZ,Kazakhstan,2007,wb_real_gdp_per_capita,8036.87599811505
KAZ,Kazakhstan,2008,wb_real_gdp_per_capita,8216.52181589585
KAZ,Kazakhstan,2009,wb_real_gdp_per_capita,8218.39912556048
KAZ,Kazakhstan,2010,wb_real_gdp_per_capita,8704.70655484556
KAZ,Kazakhstan,2011,wb_real_gdp_per_capita,9223.3021336315
KAZ,Kazakhstan,2012,wb_real_gdp_per_capita,9531.91477617058
KAZ,Kazakhstan,2013,wb_real_gdp_per_capita,9959.72586930534
KAZ,Kazakhstan,2014,wb_real_gdp_per_capita,10226.7100539683
KAZ,Kazakhstan,2015,wb_real_gdp_per_capita,10196.1226255982
KAZ,Kazakhstan,2016,wb_real_gdp_per_capita,10151.423313302
KAZ,Kazakhstan,2017,wb_real_gdp_per_capita,10404.2718646317
KAZ,Kazakhstan,2018,wb_real_gdp_per_capita,10670.2120148279
KAZ,Kazakhstan,2019,wb_real_gdp_per_capita,10989.6840718388
KAZ,Kazakhstan,2020,wb_real_gdp_per_capita,10565.0359816235
KAZ,Kazakhstan,2021,wb_real_gdp_per_capita,10873.3915275276
KAZ,Kazakhstan,2022,wb_real_gdp_per_capita,11058.3482413407
KAZ,Kazakhstan,2023,wb_real_gdp_per_capita,11453.3952725363
KAZ,Kazakhstan,2024,wb_real_gdp_per_capita,11872.7842626298
KAZ,Kazakhstan,2025,wb_real_gdp_per_capita,12492.1392679131
KGZ,Kyrgyz Republic,1987,wb_real_gdp_per_capita,1036.71012984427
KGZ,Kyrgyz Republic,1988,wb_real_gdp_per_capita,1153.02506583629
KGZ,Kyrgyz Republic,1989,wb_real_gdp_per_capita,1160.67608073008
KGZ,Kyrgyz Republic,1990,wb_real_gdp_per_capita,1203.47208279448
KGZ,Kyrgyz Republic,1991,wb_real_gdp_per_capita,1089.90005451003
KGZ,Kyrgyz Republic,1992,wb_real_gdp_per_capita,928.31552055094
KGZ,Kyrgyz Republic,1993,wb_real_gdp_per_capita,784.564919201316
KGZ,Kyrgyz Republic,1994,wb_real_gdp_per_capita,627.220989930123
KGZ,Kyrgyz Republic,1995,wb_real_gdp_per_capita,587.298180667228
KGZ,Kyrgyz Republic,1996,wb_real_gdp_per_capita,619.667768615001
KGZ,Kyrgyz Republic,1997,wb_real_gdp_per_capita,671.25000816306
KGZ,Kyrgyz Republic,1998,wb_real_gdp_per_capita,675.058248147575
KGZ,Kyrgyz Republic,1999,wb_real_gdp_per_capita,689.414278205464
KGZ,Kyrgyz Republic,2000,wb_real_gdp_per_capita,718.342832397662
KGZ,Kyrgyz Republic,2001,wb_real_gdp_per_capita,749.423779561565
KGZ,Kyrgyz Republic,2002,wb_real_gdp_per_capita,742.44300111832
KGZ,Kyrgyz Republic,2003,wb_real_gdp_per_capita,786.350474964134
KGZ,Kyrgyz Republic,2004,wb_real_gdp_per_capita,831.482103944381
KGZ,Kyrgyz Republic,2005,wb_real_gdp_per_capita,820.709519437592
KGZ,Kyrgyz Republic,2006,wb_real_gdp_per_capita,837.138026647346
KGZ,Kyrgyz Republic,2007,wb_real_gdp_per_capita,900.02796489729
KGZ,Kyrgyz Republic,2008,wb_real_gdp_per_capita,966.409971184817
KGZ,Kyrgyz Republic,2009,wb_real_gdp_per_capita,981.220904665529
KGZ,Kyrgyz Republic,2010,wb_real_gdp_per_capita,962.764789828724
KGZ,Kyrgyz Republic,2011,wb_real_gdp_per_capita,1005.4831781815
KGZ,Kyrgyz Republic,2012,wb_real_gdp_per_capita,985.8472865972
KGZ,Kyrgyz Republic,2013,wb_real_gdp_per_capita,1069.78404438716
KGZ,Kyrgyz Republic,2014,wb_real_gdp_per_capita,1088.58214229508
KGZ,Kyrgyz Republic,2015,wb_real_gdp_per_capita,1105.65193844261
KGZ,Kyrgyz Republic,2016,wb_real_gdp_per_capita,1128.3161612818
KGZ,Kyrgyz Republic,2017,wb_real_gdp_per_capita,1157.18275758067
KGZ,Kyrgyz Republic,2018,wb_real_gdp_per_capita,1175.0712778747
KGZ,Kyrgyz Republic,2019,wb_real_gdp_per_capita,1201.87701429721
KGZ,Kyrgyz Republic,2020,wb_real_gdp_per_capita,1093.32856461422
KGZ,Kyrgyz Republic,2021,wb_real_gdp_per_capita,1132.5546781282
KGZ,Kyrgyz Republic,2022,wb_real_gdp_per_capita,1212.17812721768
KGZ,Kyrgyz Republic,2023,wb_real_gdp_per_capita,1298.25724482211
KGZ,Kyrgyz Republic,2024,wb_real_gdp_per_capita,1423.58624650541
KGZ,Kyrgyz Republic,2025,wb_real_gdp_per_capita,1555.4444955048
MNG,Mongolia,1987,wb_real_gdp_per_capita,1784.58513378493
MNG,Mongolia,1988,wb_real_gdp_per_capita,1827.38968091372
MNG,Mongolia,1989,wb_real_gdp_per_capita,1860.84571911275
MNG,Mongolia,1990,wb_real_gdp_per_capita,1823.45623781461
MNG,Mongolia,1991,wb_real_gdp_per_capita,1613.69985423318
MNG,Mongolia,1992,wb_real_gdp_per_capita,1462.6746723198
MNG,Mongolia,1993,wb_real_gdp_per_capita,1418.0656069858
MNG,Mongolia,1994,wb_real_gdp_per_capita,1432.28072706305
MNG,Mongolia,1995,wb_real_gdp_per_capita,1499.26495210763
MNG,Mongolia,1996,wb_real_gdp_per_capita,1509.32921132514
MNG,Mongolia,1997,wb_real_gdp_per_capita,1546.08098489924
MNG,Mongolia,1998,wb_real_gdp_per_capita,1575.67716165836
MNG,Mongolia,1999,wb_real_gdp_per_capita,1601.31353865438
MNG,Mongolia,2000,wb_real_gdp_per_capita,1598.31282040605
MNG,Mongolia,2001,wb_real_gdp_per_capita,1625.46152259484
MNG,Mongolia,2002,wb_real_gdp_per_capita,1680.65335337555
MNG,Mongolia,2003,wb_real_gdp_per_capita,1775.64906676137
MNG,Mongolia,2004,wb_real_gdp_per_capita,1942.36263694017
MNG,Mongolia,2005,wb_real_gdp_per_capita,2060.26168223171
MNG,Mongolia,2006,wb_real_gdp_per_capita,2209.74321787628
MNG,Mongolia,2007,wb_real_gdp_per_capita,2403.72416258662
MNG,Mongolia,2008,wb_real_gdp_per_capita,2576.71295838607
MNG,Mongolia,2009,wb_real_gdp_per_capita,2498.72967493254
MNG,Mongolia,2010,wb_real_gdp_per_capita,2611.67326563924
MNG,Mongolia,2011,wb_real_gdp_per_capita,3010.81642672623
MNG,Mongolia,2012,wb_real_gdp_per_capita,3318.16496597089
MNG,Mongolia,2013,wb_real_gdp_per_capita,3628.90708069575
MNG,Mongolia,2014,wb_real_gdp_per_capita,3830.35892049593
MNG,Mongolia,2015,wb_real_gdp_per_capita,3838.92126989984
MNG,Mongolia,2016,wb_real_gdp_per_capita,3817.91962716702
MNG,Mongolia,2017,wb_real_gdp_per_capita,3956.2049437134
MNG,Mongolia,2018,wb_real_gdp_per_capita,4183.85566447661
MNG,Mongolia,2019,wb_real_gdp_per_capita,4337.8167085432
MNG,Mongolia,2020,wb_real_gdp_per_capita,4066.03410882791
MNG,Mongolia,2021,wb_real_gdp_per_capita,4063.53669849245
MNG,Mongolia,2022,wb_real_gdp_per_capita,4205.88554513551
MNG,Mongolia,2023,wb_real_gdp_per_capita,4456.53627552726
MNG,Mongolia,2024,wb_real_gdp_per_capita,4626.79609644243
MNG,Mongolia,2025,wb_real_gdp_per_capita,4882.24175477532
TJK,Tajikistan,1987,wb_real_gdp_per_capita,1355.73849750343
TJK,Tajikistan,1988,wb_real_gdp_per_capita,1491.07389448452
TJK,Tajikistan,1989,wb_real_gdp_per_capita,1353.85336651245
TJK,Tajikistan,1990,wb_real_gdp_per_capita,1312.94701318034
TJK,Tajikistan,1991,wb_real_gdp_per_capita,1188.37461269952
TJK,Tajikistan,1992,wb_real_gdp_per_capita,827.586884623268
TJK,Tajikistan,1993,wb_real_gdp_per_capita,682.727259317268
TJK,Tajikistan,1994,wb_real_gdp_per_capita,528.04821736829
TJK,Tajikistan,1995,wb_real_gdp_per_capita,452.904385394465
TJK,Tajikistan,1996,wb_real_gdp_per_capita,369.934883507426
TJK,Tajikistan,1997,wb_real_gdp_per_capita,371.661243144454
TJK,Tajikistan,1998,wb_real_gdp_per_capita,389.089746664022
TJK,Tajikistan,1999,wb_real_gdp_per_capita,401.406381787908
TJK,Tajikistan,2000,wb_real_gdp_per_capita,429.537300984643
TJK,Tajikistan,2001,wb_real_gdp_per_capita,461.681195760256
TJK,Tajikistan,2002,wb_real_gdp_per_capita,501.80856647117
TJK,Tajikistan,2003,wb_real_gdp_per_capita,546.391479808684
TJK,Tajikistan,2004,wb_real_gdp_per_capita,590.957111385699
TJK,Tajikistan,2005,wb_real_gdp_per_capita,618.333702588577
TJK,Tajikistan,2006,wb_real_gdp_per_capita,649.163328755334
TJK,Tajikistan,2007,wb_real_gdp_per_capita,686.48090192413
TJK,Tajikistan,2008,wb_real_gdp_per_capita,726.185491338269
TJK,Tajikistan,2009,wb_real_gdp_per_capita,739.212878526331
TJK,Tajikistan,2010,wb_real_gdp_per_capita,770.604105393791
TJK,Tajikistan,2011,wb_real_gdp_per_capita,809.368229154093
TJK,Tajikistan,2012,wb_real_gdp_per_capita,849.519080831738
TJK,Tajikistan,2013,wb_real_gdp_per_capita,889.882383099979
TJK,Tajikistan,2014,wb_real_gdp_per_capita,925.970961482804
TJK,Tajikistan,2015,wb_real_gdp_per_capita,956.916310930656
TJK,Tajikistan,2016,wb_real_gdp_per_capita,997.352614556708
TJK,Tajikistan,2017,wb_real_gdp_per_capita,1042.26391757642
TJK,Tajikistan,2018,wb_real_gdp_per_capita,1094.8002018221
TJK,Tajikistan,2019,wb_real_gdp_per_capita,1148.34676712493
TJK,Tajikistan,2020,wb_real_gdp_per_capita,1171.90127480359
TJK,Tajikistan,2021,wb_real_gdp_per_capita,1254.06999592306
TJK,Tajikistan,2022,wb_real_gdp_per_capita,1325.75545290849
TJK,Tajikistan,2023,wb_real_gdp_per_capita,1407.1075436221
TJK,Tajikistan,2024,wb_real_gdp_per_capita,1496.33813395037
TJK,Tajikistan,2025,wb_real_gdp_per_capita,1592.58651375753
TKM,Turkmenistan,1987,wb_real_gdp_per_capita,2647.26928780534
TKM,Turkmenistan,1988,wb_real_gdp_per_capita,2851.04436832654
TKM,Turkmenistan,1989,wb_real_gdp_per_capita,2652.88326493557
TKM,Turkmenistan,1990,wb_real_gdp_per_capita,3497.89920091387
TKM,Turkmenistan,1991,wb_real_gdp_per_capita,3254.31337476988
TKM,Turkmenistan,1992,wb_real_gdp_per_capita,2704.98191255663
TKM,Turkmenistan,1993,wb_real_gdp_per_capita,2685.83184101107
TKM,Turkmenistan,1994,wb_real_gdp_per_capita,2175.72604028722
TKM,Turkmenistan,1995,wb_real_gdp_per_capita,1983.16344483491
TKM,Turkmenistan,1996,wb_real_gdp_per_capita,2079.99758720175
TKM,Turkmenistan,1997,wb_real_gdp_per_capita,1811.89459160428
TKM,Turkmenistan,1998,wb_real_gdp_per_capita,1908.07863828898
TKM,Turkmenistan,1999,wb_real_gdp_per_capita,2182.50137303073
TKM,Turkmenistan,2000,wb_real_gdp_per_capita,2256.40240323977
TKM,Turkmenistan,2001,wb_real_gdp_per_capita,2307.71956018735
TKM,Turkmenistan,2002,wb_real_gdp_per_capita,2268.02824244615
TKM,Turkmenistan,2003,wb_real_gdp_per_capita,2296.70842307223
TKM,Turkmenistan,2004,wb_real_gdp_per_capita,2365.72190264503
TKM,Turkmenistan,2005,wb_real_gdp_per_capita,2624.2315668841
TKM,Turkmenistan,2006,wb_real_gdp_per_capita,2858.53224143565
TKM,Turkmenistan,2007,wb_real_gdp_per_capita,3115.9792751828
TKM,Turkmenistan,2008,wb_real_gdp_per_capita,3506.50453694834
TKM,Turkmenistan,2009,wb_real_gdp_per_capita,3647.67813083756
TKM,Turkmenistan,2010,wb_real_gdp_per_capita,3902.54200118683
TKM,Turkmenistan,2011,wb_real_gdp_per_capita,4383.14380872567
TKM,Turkmenistan,2012,wb_real_gdp_per_capita,4762.66047536389
TKM,Turkmenistan,2013,wb_real_gdp_per_capita,5131.14087328544
TKM,Turkmenistan,2014,wb_real_gdp_per_capita,5535.50161297771
TKM,Turkmenistan,2015,wb_real_gdp_per_capita,5759.497903834
TKM,Turkmenistan,2016,wb_real_gdp_per_capita,5979.47627661058
TKM,Turkmenistan,2017,wb_real_gdp_per_capita,6221.41962759021
TKM,Turkmenistan,2018,wb_real_gdp_per_capita,6460.13015920839
TKM,Turkmenistan,2019,wb_real_gdp_per_capita,6719.32320157703
TKM,Turkmenistan,2020,wb_real_gdp_per_capita,6964.38162887016
TKM,Turkmenistan,2021,wb_real_gdp_per_capita,7244.61385880341
TKM,Turkmenistan,2022,wb_real_gdp_per_capita,7549.25301930356
TKM,Turkmenistan,2023,wb_real_gdp_per_capita,7879.96559789716
TKM,Turkmenistan,2024,wb_real_gdp_per_capita,8229.67261114232
TKM,Turkmenistan,2025,wb_real_gdp_per_capita,8605.36149865389
UZB,Uzbekistan,1987,wb_real_gdp_per_capita,1632.60918153926
UZB,Uzbekistan,1988,wb_real_gdp_per_capita,1733.22868026946
UZB,Uzbekistan,1989,wb_real_gdp_per_capita,1740.60611634042
UZB,Uzbekistan,1990,wb_real_gdp_per_capita,1726.30546724627
UZB,Uzbekistan,1991,wb_real_gdp_per_capita,1677.00705207512
UZB,Uzbekistan,1992,wb_real_gdp_per_capita,1452.98873488236
UZB,Uzbekistan,1993,wb_real_gdp_per_capita,1387.10439786651
UZB,Uzbekistan,1994,wb_real_gdp_per_capita,1287.14935182537
UZB,Uzbekistan,1995,wb_real_gdp_per_capita,1250.27933587957
UZB,Uzbekistan,1996,wb_real_gdp_per_capita,1247.8810920149
UZB,Uzbekistan,1997,wb_real_gdp_per_capita,1290.28380529458
UZB,Uzbekistan,1998,wb_real_gdp_per_capita,1324.80194060935
UZB,Uzbekistan,1999,wb_real_gdp_per_capita,1362.51315204654
UZB,Uzbekistan,2000,wb_real_gdp_per_capita,1397.01202350998
UZB,Uzbekistan,2001,wb_real_gdp_per_capita,1437.5947280451
UZB,Uzbekistan,2002,wb_real_gdp_per_capita,1476.49258739973
UZB,Uzbekistan,2003,wb_real_gdp_per_capita,1520.35493285443
UZB,Uzbekistan,2004,wb_real_gdp_per_capita,1613.64273882937
UZB,Uzbekistan,2005,wb_real_gdp_per_capita,1704.33893207214
UZB,Uzbekistan,2006,wb_real_gdp_per_capita,1807.87328626177
UZB,Uzbekistan,2007,wb_real_gdp_per_capita,1951.57878907892
UZB,Uzbekistan,2008,wb_real_gdp_per_capita,2095.38214534409
UZB,Uzbekistan,2009,wb_real_gdp_per_capita,2228.0552685669
UZB,Uzbekistan,2010,wb_real_gdp_per_capita,2359.64199067641
UZB,Uzbekistan,2011,wb_real_gdp_per_capita,2512.68783806993
UZB,Uzbekistan,2012,wb_real_gdp_per_capita,2657.09909084172
UZB,Uzbekistan,2013,wb_real_gdp_per_capita,2823.00205379328
UZB,Uzbekistan,2014,wb_real_gdp_per_capita,2990.56339751192
UZB,Uzbekistan,2015,wb_real_gdp_per_capita,3172.89899391083
UZB,Uzbekistan,2016,wb_real_gdp_per_capita,3327.90932206401
UZB,Uzbekistan,2017,wb_real_gdp_per_capita,3425.78819696408
UZB,Uzbekistan,2018,wb_real_gdp_per_capita,3559.85436594803
UZB,Uzbekistan,2019,wb_real_gdp_per_capita,3733.50435754861
UZB,Uzbekistan,2020,wb_real_gdp_per_capita,3723.82133264406
UZB,Uzbekistan,2021,wb_real_gdp_per_capita,3951.99657327359
UZB,Uzbekistan,2022,wb_real_gdp_per_capita,4109.08421031655
UZB,Uzbekistan,2023,wb_real_gdp_per_capita,4281.20542121225
UZB,Uzbekistan,2024,wb_real_gdp_per_capita,4477.90745486742
UZB,Uzbekistan,2025,wb_real_gdp_per_capita,4732.67835236137
VNM,Viet Nam,1987,wb_real_gdp_per_capita,616.715148033271
VNM,Viet Nam,1988,wb_real_gdp_per_capita,635.398203948006
VNM,Viet Nam,1989,wb_real_gdp_per_capita,668.323172497837
VNM,Viet Nam,1990,wb_real_gdp_per_capita,687.860316254161
VNM,Viet Nam,1991,wb_real_gdp_per_capita,713.747210806804
VNM,Viet Nam,1992,wb_real_gdp_per_capita,759.910853953724
VNM,Viet Nam,1993,wb_real_gdp_per_capita,805.606443630458
VNM,Viet Nam,1994,wb_real_gdp_per_capita,861.122422555836
VNM,Viet Nam,1995,wb_real_gdp_per_capita,927.625512005765
VNM,Viet Nam,1996,wb_real_gdp_per_capita,998.924907248853
VNM,Viet Nam,1997,wb_real_gdp_per_capita,1064.77802859908
VNM,Viet Nam,1998,wb_real_gdp_per_capita,1110.1126773248
VNM,Viet Nam,1999,wb_real_gdp_per_capita,1148.04465210832
VNM,Viet Nam,2000,wb_real_gdp_per_capita,1212.19657794381
VNM,Viet Nam,2001,wb_real_gdp_per_capita,1273.8052690094
VNM,Viet Nam,2002,wb_real_gdp_per_capita,1340.51670460271
VNM,Viet Nam,2003,wb_real_gdp_per_capita,1418.74337471509
VNM,Viet Nam,2004,wb_real_gdp_per_capita,1510.94449049599
VNM,Viet Nam,2005,wb_real_gdp_per_capita,1609.96268313651
VNM,Viet Nam,2006,wb_real_gdp_per_capita,1699.67620343393
VNM,Viet Nam,2007,wb_real_gdp_per_capita,1788.9485028957
VNM,Viet Nam,2008,wb_real_gdp_per_capita,1856.00519883979
VNM,Viet Nam,2009,wb_real_gdp_per_capita,1927.13427057454
VNM,Viet Nam,2010,wb_real_gdp_per_capita,2027.58184375924
VNM,Viet Nam,2011,wb_real_gdp_per_capita,2132.90453762087
VNM,Viet Nam,2012,wb_real_gdp_per_capita,2224.11404253256
VNM,Viet Nam,2013,wb_real_gdp_per_capita,2320.08431444934
VNM,Viet Nam,2014,wb_real_gdp_per_capita,2439.28655744423
VNM,Viet Nam,2015,wb_real_gdp_per_capita,2577.56885340113
VNM,Viet Nam,2016,wb_real_gdp_per_capita,2715.57887431272
VNM,Viet Nam,2017,wb_real_gdp_per_capita,2868.13680013379
VNM,Viet Nam,2018,wb_real_gdp_per_capita,3048.28327602145
VNM,Viet Nam,2019,wb_real_gdp_per_capita,3241.07648966529
VNM,Viet Nam,2020,wb_real_gdp_per_capita,3303.16949807493
VNM,Viet Nam,2021,wb_real_gdp_per_capita,3358.21734764714
VNM,Viet Nam,2022,wb_real_gdp_per_capita,3617.66311280437
VNM,Viet Nam,2023,wb_real_gdp_per_capita,3772.36029116103
VNM,Viet Nam,2024,wb_real_gdp_per_capita,4012.50779921084
VNM,Viet Nam,2025,wb_real_gdp_per_capita,4308.20507512834
XN,Lower middle income,1987,wb_real_gdp_per_capita,789.267488370481
XN,Lower middle income,1988,wb_real_gdp_per_capita,823.374670451154
XN,Lower middle income,1989,wb_real_gdp_per_capita,822.769960697462
XN,Lower middle income,1990,wb_real_gdp_per_capita,845.388843665815
XN,Lower middle income,1991,wb_real_gdp_per_capita,847.364643123572
XN,Lower middle income,1992,wb_real_gdp_per_capita,859.210354883796
XN,Lower middle income,1993,wb_real_gdp_per_capita,855.331777045569
XN,Lower middle income,1994,wb_real_gdp_per_capita,865.083691250641
XN,Lower middle income,1995,wb_real_gdp_per_capita,888.100814039198
XN,Lower middle income,1996,wb_real_gdp_per_capita,921.763540474801
XN,Lower middle income,1997,wb_real_gdp_per_capita,937.372146748234
XN,Lower middle income,1998,wb_real_gdp_per_capita,960.70291102976
XN,Lower middle income,1999,wb_real_gdp_per_capita,988.585591140109
XN,Lower middle income,2000,wb_real_gdp_per_capita,1007.37198688175
XN,Lower middle income,2001,wb_real_gdp_per_capita,1030.54420640333
XN,Lower middle income,2002,wb_real_gdp_per_capita,1049.89413115325
XN,Lower middle income,2003,wb_real_gdp_per_capita,1086.00605228519
XN,Lower middle income,2004,wb_real_gdp_per_capita,1145.84385452204
XN,Lower middle income,2005,wb_real_gdp_per_capita,1202.55943524109
XN,Lower middle income,2006,wb_real_gdp_per_capita,1266.02252397216
XN,Lower middle income,2007,wb_real_gdp_per_capita,1330.22942300294
XN,Lower middle income,2008,wb_real_gdp_per_capita,1366.54442487547
XN,Lower middle income,2009,wb_real_gdp_per_capita,1423.32868147908
XN,Lower middle income,2010,wb_real_gdp_per_capita,1490.64568864373
XN,Lower middle income,2011,wb_real_gdp_per_capita,1533.95313999788
XN,Lower middle income,2012,wb_real_gdp_per_capita,1584.66060846163
XN,Lower middle income,2013,wb_real_gdp_per_capita,1645.19191940054
XN,Lower middle income,2014,wb_real_gdp_per_capita,1713.01012069776
XN,Lower middle income,2015,wb_real_gdp_per_capita,1780.68853695471
XN,Lower middle income,2016,wb_real_gdp_per_capita,1842.15082274922
XN,Lower middle income,2017,wb_real_gdp_per_capita,1902.90019731087
XN,Lower middle income,2018,wb_real_gdp_per_capita,1968.63004426859
XN,Lower middle income,2019,wb_real_gdp_per_capita,2008.18880063209
XN,Lower middle income,2020,wb_real_gdp_per_capita,1897.7170729304
XN,Lower middle income,2021,wb_real_gdp_per_capita,2001.03941041582
XN,Lower middle income,2022,wb_real_gdp_per_capita,2100.10158614282
XN,Lower middle income,2023,wb_real_gdp_per_capita,2182.51186143558
XN,Lower middle income,2024,wb_real_gdp_per_capita,2270.11004592826
XN,Lower middle income,2025,wb_real_gdp_per_capita,2374.49400143309
XT,Upper middle income,1987,wb_real_gdp_per_capita,2238.2142570202
XT,Upper middle income,1988,wb_real_gdp_per_capita,2274.75768636343
XT,Upper middle income,1989,wb_real_gdp_per_capita,2303.12683353923
XT,Upper middle income,1990,wb_real_gdp_per_capita,2327.54444957577
XT,Upper middle income,1991,wb_real_gdp_per_capita,2361.92874938985
XT,Upper middle income,1992,wb_real_gdp_per_capita,2432.95499126446
XT,Upper middle income,1993,wb_real_gdp_per_capita,2540.78412928856
XT,Upper middle income,1994,wb_real_gdp_per_capita,2647.46236885247
XT,Upper middle income,1995,wb_real_gdp_per_capita,2732.41375610872
XT,Upper middle income,1996,wb_real_gdp_per_capita,2867.03907588306
XT,Upper middle income,1997,wb_real_gdp_per_capita,3005.26901412941
XT,Upper middle income,1998,wb_real_gdp_per_capita,3057.56742762479
XT,Upper middle income,1999,wb_real_gdp_per_capita,3122.75324301312
XT,Upper middle income,2000,wb_real_gdp_per_capita,3274.76537662932
XT,Upper middle income,2001,wb_real_gdp_per_capita,3354.47746334374
XT,Upper middle income,2002,wb_real_gdp_per_capita,3484.47233648938
XT,Upper middle income,2003,wb_real_gdp_per_capita,3657.69991641844
XT,Upper middle income,2004,wb_real_gdp_per_capita,3909.41046315501
XT,Upper middle income,2005,wb_real_gdp_per_capita,4166.15939669108
XT,Upper middle income,2006,wb_real_gdp_per_capita,4482.59348714912
XT,Upper middle income,2007,wb_real_gdp_per_capita,4861.07537783062
XT,Upper middle income,2008,wb_real_gdp_per_capita,5121.53273162959
XT,Upper middle income,2009,wb_real_gdp_per_capita,5256.4399473687
XT,Upper middle income,2010,wb_real_gdp_per_capita,5653.68598674602
XT,Upper middle income,2011,wb_real_gdp_per_capita,5988.84011702199
XT,Upper middle income,2012,wb_real_gdp_per_capita,6275.99264083172
XT,Upper middle income,2013,wb_real_gdp_per_capita,6569.48480689983
XT,Upper middle income,2014,wb_real_gdp_per_capita,6835.14391841545
XT,Upper middle income,2015,wb_real_gdp_per_capita,7083.47780015619
XT,Upper middle income,2016,wb_real_gdp_per_capita,7348.66781323555
XT,Upper middle income,2017,wb_real_gdp_per_capita,7681.04359492421
XT,Upper middle income,2018,wb_real_gdp_per_capita,7998.61658821282
XT,Upper middle income,2019,wb_real_gdp_per_capita,8280.04701239745
XT,Upper middle income,2020,wb_real_gdp_per_capita,8191.064948597
XT,Upper middle income,2021,wb_real_gdp_per_capita,8773.6893792671
XT,Upper middle income,2022,wb_real_gdp_per_capita,9057.3896482151
XT,Upper middle income,2023,wb_real_gdp_per_capita,9448.07566849762
XT,Upper middle income,2024,wb_real_gdp_per_capita,9814.41283901258
XT,Upper middle income,2025,wb_real_gdp_per_capita,10192.3534150303
ARM,Armenia,1995,wb_remittances_pct_gdp,4.85930346459512
ARM,Armenia,1996,wb_remittances_pct_gdp,9.62636126157822
ARM,Armenia,1997,wb_remittances_pct_gdp,13.9669079129736
ARM,Armenia,1998,wb_remittances_pct_gdp,8.80000229815208
ARM,Armenia,1999,wb_remittances_pct_gdp,9.8972579995383
ARM,Armenia,2000,wb_remittances_pct_gdp,9.52937131880005
ARM,Armenia,2001,wb_remittances_pct_gdp,9.87694921780921
ARM,Armenia,2002,wb_remittances_pct_gdp,11.1049155369612
ARM,Armenia,2003,wb_remittances_pct_gdp,11.9648272324739
ARM,Armenia,2004,wb_remittances_pct_gdp,22.0185694314846
ARM,Armenia,2005,wb_remittances_pct_gdp,18.6763974290117
ARM,Armenia,2006,wb_remittances_pct_gdp,18.3128176140903
ARM,Armenia,2007,wb_remittances_pct_gdp,17.86140864212
ARM,Armenia,2008,wb_remittances_pct_gdp,16.3270491787545
ARM,Armenia,2009,wb_remittances_pct_gdp,16.6491640509821
ARM,Armenia,2010,wb_remittances_pct_gdp,18.0268391620613
ARM,Armenia,2011,wb_remittances_pct_gdp,17.7342226487981
ARM,Armenia,2012,wb_remittances_pct_gdp,18.0330178717679
ARM,Armenia,2013,wb_remittances_pct_gdp,19.7113773941979
ARM,Armenia,2014,wb_remittances_pct_gdp,17.9044398383763
ARM,Armenia,2015,wb_remittances_pct_gdp,14.1327414277054
ARM,Armenia,2016,wb_remittances_pct_gdp,13.1074628255062
ARM,Armenia,2017,wb_remittances_pct_gdp,13.3477446383999
ARM,Armenia,2018,wb_remittances_pct_gdp,11.9427034082853
ARM,Armenia,2019,wb_remittances_pct_gdp,11.2189210772298
ARM,Armenia,2020,wb_remittances_pct_gdp,10.4970552541265
ARM,Armenia,2021,wb_remittances_pct_gdp,11.2171827452107
ARM,Armenia,2022,wb_remittances_pct_gdp,10.8688335174113
ARM,Armenia,2023,wb_remittances_pct_gdp,6.39621098617553
ARM,Armenia,2024,wb_remittances_pct_gdp,4.92468775781423
ARM,Armenia,2025,wb_remittances_pct_gdp,4.9001453057215
AZE,Azerbaijan,1995,wb_remittances_pct_gdp,0.124103805417565
AZE,Azerbaijan,1996,wb_remittances_pct_gdp,0.129009618568859
AZE,Azerbaijan,1997,wb_remittances_pct_gdp,0.131133894149081
AZE,Azerbaijan,1998,wb_remittances_pct_gdp,0.141553717374876
AZE,Azerbaijan,1999,wb_remittances_pct_gdp,1.18945739810866
AZE,Azerbaijan,2000,wb_remittances_pct_gdp,1.08356085483563
AZE,Azerbaijan,2001,wb_remittances_pct_gdp,1.82431677750395
AZE,Azerbaijan,2002,wb_remittances_pct_gdp,2.61890157505979
AZE,Azerbaijan,2003,wb_remittances_pct_gdp,2.14332251762401
AZE,Azerbaijan,2004,wb_remittances_pct_gdp,2.34525903598978
AZE,Azerbaijan,2005,wb_remittances_pct_gdp,4.70528614042723
AZE,Azerbaijan,2006,wb_remittances_pct_gdp,3.7661645945845
AZE,Azerbaijan,2007,wb_remittances_pct_gdp,3.83587676218684
AZE,Azerbaijan,2008,wb_remittances_pct_gdp,3.10805893221251
AZE,Azerbaijan,2009,wb_remittances_pct_gdp,2.8326399787509
AZE,Azerbaijan,2010,wb_remittances_pct_gdp,2.66549763240316
AZE,Azerbaijan,2011,wb_remittances_pct_gdp,2.87035592504128
AZE,Azerbaijan,2012,wb_remittances_pct_gdp,2.85617334250334
AZE,Azerbaijan,2013,wb_remittances_pct_gdp,2.33704815215702
AZE,Azerbaijan,2014,wb_remittances_pct_gdp,2.45405271812669
AZE,Azerbaijan,2015,wb_remittances_pct_gdp,2.3927167997352
AZE,Azerbaijan,2016,wb_remittances_pct_gdp,1.69843941411199
AZE,Azerbaijan,2017,wb_remittances_pct_gdp,2.77334116720313
AZE,Azerbaijan,2018,wb_remittances_pct_gdp,2.60183768470009
AZE,Azerbaijan,2019,wb_remittances_pct_gdp,2.64699324657026
AZE,Azerbaijan,2020,wb_remittances_pct_gdp,3.2864567961961
AZE,Azerbaijan,2021,wb_remittances_pct_gdp,2.78454087413308
AZE,Azerbaijan,2022,wb_remittances_pct_gdp,5.012251973723
AZE,Azerbaijan,2023,wb_remittances_pct_gdp,2.64096975190127
AZE,Azerbaijan,2024,wb_remittances_pct_gdp,1.81613683390213
AZE,Azerbaijan,2025,wb_remittances_pct_gdp,1.965008211071
ECS,Europe & Central Asia,1987,wb_remittances_pct_gdp,0.442068444841583
ECS,Europe & Central Asia,1988,wb_remittances_pct_gdp,0.439901947864234
ECS,Europe & Central Asia,1989,wb_remittances_pct_gdp,0.4699610250224
ECS,Europe & Central Asia,1990,wb_remittances_pct_gdp,0.446484626702356
ECS,Europe & Central Asia,1991,wb_remittances_pct_gdp,0.428719075172405
ECS,Europe & Central Asia,1992,wb_remittances_pct_gdp,0.414645730899287
ECS,Europe & Central Asia,1993,wb_remittances_pct_gdp,0.43353789399719
ECS,Europe & Central Asia,1994,wb_remittances_pct_gdp,0.435829377168981
ECS,Europe & Central Asia,1995,wb_remittances_pct_gdp,0.361041218740687
ECS,Europe & Central Asia,1996,wb_remittances_pct_gdp,0.356740647299121
ECS,Europe & Central Asia,1997,wb_remittances_pct_gdp,0.42067027858441
ECS,Europe & Central Asia,1998,wb_remittances_pct_gdp,0.451584724105441
ECS,Europe & Central Asia,1999,wb_remittances_pct_gdp,0.423920485510117
ECS,Europe & Central Asia,2000,wb_remittances_pct_gdp,0.445130622367738
ECS,Europe & Central Asia,2001,wb_remittances_pct_gdp,0.452491068755495
ECS,Europe & Central Asia,2002,wb_remittances_pct_gdp,0.451544558793932
ECS,Europe & Central Asia,2003,wb_remittances_pct_gdp,0.447584589611341
ECS,Europe & Central Asia,2004,wb_remittances_pct_gdp,0.46270305127236
ECS,Europe & Central Asia,2005,wb_remittances_pct_gdp,0.509738099578949
ECS,Europe & Central Asia,2006,wb_remittances_pct_gdp,0.536411508394953
ECS,Europe & Central Asia,2007,wb_remittances_pct_gdp,0.579420117451824
ECS,Europe & Central Asia,2008,wb_remittances_pct_gdp,0.625771425756962
ECS,Europe & Central Asia,2009,wb_remittances_pct_gdp,0.657211321448128
ECS,Europe & Central Asia,2010,wb_remittances_pct_gdp,0.649030454441963
ECS,Europe & Central Asia,2011,wb_remittances_pct_gdp,0.659352744957744
ECS,Europe & Central Asia,2012,wb_remittances_pct_gdp,0.692479476082313
ECS,Europe & Central Asia,2013,wb_remittances_pct_gdp,0.748646088000452
ECS,Europe & Central Asia,2014,wb_remittances_pct_gdp,0.749259846905604
ECS,Europe & Central Asia,2015,wb_remittances_pct_gdp,0.774508660263314
ECS,Europe & Central Asia,2016,wb_remittances_pct_gdp,0.787712202677194
ECS,Europe & Central Asia,2017,wb_remittances_pct_gdp,0.807661667174674
ECS,Europe & Central Asia,2018,wb_remittances_pct_gdp,0.815433397635246
ECS,Europe & Central Asia,2019,wb_remittances_pct_gdp,0.846969770916629
ECS,Europe & Central Asia,2020,wb_remittances_pct_gdp,0.849918512888112
ECS,Europe & Central Asia,2021,wb_remittances_pct_gdp,0.821245728696793
ECS,Europe & Central Asia,2022,wb_remittances_pct_gdp,0.841820678617312
ECS,Europe & Central Asia,2023,wb_remittances_pct_gdp,0.821612711584618
ECS,Europe & Central Asia,2024,wb_remittances_pct_gdp,0.808566185562412
ECS,Europe & Central Asia,2025,wb_remittances_pct_gdp,0.835022602448057
GEO,Georgia,1997,wb_remittances_pct_gdp,8.08996904432589
GEO,Georgia,1998,wb_remittances_pct_gdp,10.319642366739
GEO,Georgia,1999,wb_remittances_pct_gdp,12.8855951734966
GEO,Georgia,2000,wb_remittances_pct_gdp,6.73529202312621
GEO,Georgia,2001,wb_remittances_pct_gdp,6.79115752466275
GEO,Georgia,2002,wb_remittances_pct_gdp,6.66503181205268
GEO,Georgia,2003,wb_remittances_pct_gdp,6.22476000287562
GEO,Georgia,2004,wb_remittances_pct_gdp,6.99638215069328
GEO,Georgia,2005,wb_remittances_pct_gdp,6.95697266099558
GEO,Georgia,2006,wb_remittances_pct_gdp,8.09978657953664
GEO,Georgia,2007,wb_remittances_pct_gdp,8.68054072402569
GEO,Georgia,2008,wb_remittances_pct_gdp,8.3236359191983
GEO,Georgia,2009,wb_remittances_pct_gdp,10.3243983088381
GEO,Georgia,2010,wb_remittances_pct_gdp,9.52719496152171
GEO,Georgia,2011,wb_remittances_pct_gdp,9.99835475121327
GEO,Georgia,2012,wb_remittances_pct_gdp,10.4775310757486
GEO,Georgia,2013,wb_remittances_pct_gdp,11.1047071149006
GEO,Georgia,2014,wb_remittances_pct_gdp,11.056847673479
GEO,Georgia,2015,wb_remittances_pct_gdp,9.5819813727681
GEO,Georgia,2016,wb_remittances_pct_gdp,9.84674425354464
GEO,Georgia,2017,wb_remittances_pct_gdp,10.890132380253
GEO,Georgia,2018,wb_remittances_pct_gdp,11.3631244569541
GEO,Georgia,2019,wb_remittances_pct_gdp,12.8028589642654
GEO,Georgia,2020,wb_remittances_pct_gdp,13.1764161481873
GEO,Georgia,2021,wb_remittances_pct_gdp,14.0238156359641
GEO,Georgia,2022,wb_remittances_pct_gdp,15.4242760609985
GEO,Georgia,2023,wb_remittances_pct_gdp,13.6504078223071
GEO,Georgia,2024,wb_remittances_pct_gdp,11.8704809371441
GEO,Georgia,2025,wb_remittances_pct_gdp,11.1702038837053
KAZ,Kazakhstan,1995,wb_remittances_pct_gdp,0.569835446546816
KAZ,Kazakhstan,1996,wb_remittances_pct_gdp,0.00570468067907766
KAZ,Kazakhstan,1997,wb_remittances_pct_gdp,0.00541371324513312
KAZ,Kazakhstan,1998,wb_remittances_pct_gdp,0.0289131647438488
KAZ,Kazakhstan,1999,wb_remittances_pct_gdp,0.0213386225528418
KAZ,Kazakhstan,2000,wb_remittances_pct_gdp,0.368863297858754
KAZ,Kazakhstan,2001,wb_remittances_pct_gdp,0.383878450645308
KAZ,Kazakhstan,2002,wb_remittances_pct_gdp,0.451556685268236
KAZ,Kazakhstan,2003,wb_remittances_pct_gdp,0.136856101332743
KAZ,Kazakhstan,2004,wb_remittances_pct_gdp,0.132966722215831
KAZ,Kazakhstan,2005,wb_remittances_pct_gdp,0.108574815738916
KAZ,Kazakhstan,2006,wb_remittances_pct_gdp,0.103192446831978
KAZ,Kazakhstan,2007,wb_remittances_pct_gdp,0.136377234008485
KAZ,Kazakhstan,2008,wb_remittances_pct_gdp,0.0941014656535349
KAZ,Kazakhstan,2009,wb_remittances_pct_gdp,0.171887472539219
KAZ,Kazakhstan,2010,wb_remittances_pct_gdp,0.152354119782252
KAZ,Kazakhstan,2011,wb_remittances_pct_gdp,0.0932936660895134
KAZ,Kazakhstan,2012,wb_remittances_pct_gdp,0.136051344243071
KAZ,Kazakhstan,2013,wb_remittances_pct_gdp,0.144275547930533
KAZ,Kazakhstan,2014,wb_remittances_pct_gdp,0.181279445291607
KAZ,Kazakhstan,2015,wb_remittances_pct_gdp,0.15959228908192
KAZ,Kazakhstan,2016,wb_remittances_pct_gdp,0.27984417174788
KAZ,Kazakhstan,2017,wb_remittances_pct_gdp,0.33597213131325
KAZ,Kazakhstan,2018,wb_remittances_pct_gdp,0.344618856879696
KAZ,Kazakhstan,2019,wb_remittances_pct_gdp,0.278573150811193
KAZ,Kazakhstan,2020,wb_remittances_pct_gdp,0.218836862121885
KAZ,Kazakhstan,2021,wb_remittances_pct_gdp,0.157213071084416
KAZ,Kazakhstan,2022,wb_remittances_pct_gdp,0.213219830288597
KAZ,Kazakhstan,2023,wb_remittances_pct_gdp,0.115996073438374
KAZ,Kazakhstan,2024,wb_remittances_pct_gdp,0.08260553410117
KAZ,Kazakhstan,2025,wb_remittances_pct_gdp,0.0773125650490405
KGZ,Kyrgyz Republic,1993,wb_remittances_pct_gdp,0.0881038008251092
KGZ,Kyrgyz Republic,1994,wb_remittances_pct_gdp,0.0595796994324542
KGZ,Kyrgyz Republic,1995,wb_remittances_pct_gdp,0.0748278131693207
KGZ,Kyrgyz Republic,1996,wb_remittances_pct_gdp,0.133510575102674
KGZ,Kyrgyz Republic,1997,wb_remittances_pct_gdp,0.154989294687754
KGZ,Kyrgyz Republic,1998,wb_remittances_pct_gdp,0.134523011228329
KGZ,Kyrgyz Republic,1999,wb_remittances_pct_gdp,0.0915487357418349
KGZ,Kyrgyz Republic,2000,wb_remittances_pct_gdp,0.163812064068962
KGZ,Kyrgyz Republic,2001,wb_remittances_pct_gdp,0.297284121287703
KGZ,Kyrgyz Republic,2002,wb_remittances_pct_gdp,1.88667073714928
KGZ,Kyrgyz Republic,2003,wb_remittances_pct_gdp,3.66479861905155
KGZ,Kyrgyz Republic,2004,wb_remittances_pct_gdp,8.09652452257376
KGZ,Kyrgyz Republic,2005,wb_remittances_pct_gdp,12.7324731237381
KGZ,Kyrgyz Republic,2006,wb_remittances_pct_gdp,16.6917334209106
KGZ,Kyrgyz Republic,2007,wb_remittances_pct_gdp,18.513914681679
KGZ,Kyrgyz Republic,2008,wb_remittances_pct_gdp,23.7992695009347
KGZ,Kyrgyz Republic,2009,wb_remittances_pct_gdp,20.9371247573683
KGZ,Kyrgyz Republic,2010,wb_remittances_pct_gdp,26.4100938758912
KGZ,Kyrgyz Republic,2011,wb_remittances_pct_gdp,27.5695150811653
KGZ,Kyrgyz Republic,2012,wb_remittances_pct_gdp,30.7544325527209
KGZ,Kyrgyz Republic,2013,wb_remittances_pct_gdp,31.0564092290657
KGZ,Kyrgyz Republic,2014,wb_remittances_pct_gdp,30.0320907271748
KGZ,Kyrgyz Republic,2015,wb_remittances_pct_gdp,25.2718946040713
KGZ,Kyrgyz Republic,2016,wb_remittances_pct_gdp,29.2760903334236
KGZ,Kyrgyz Republic,2017,wb_remittances_pct_gdp,32.2705172692664
KGZ,Kyrgyz Republic,2018,wb_remittances_pct_gdp,32.5055687336898
KGZ,Kyrgyz Republic,2019,wb_remittances_pct_gdp,28.7859049850986
KGZ,Kyrgyz Republic,2020,wb_remittances_pct_gdp,31.8069826721848
KGZ,Kyrgyz Republic,2021,wb_remittances_pct_gdp,32.5635356064056
KGZ,Kyrgyz Republic,2022,wb_remittances_pct_gdp,26.9192445438421
KGZ,Kyrgyz Republic,2023,wb_remittances_pct_gdp,18.8591995144866
KGZ,Kyrgyz Republic,2024,wb_remittances_pct_gdp,17.6042447290407
MNG,Mongolia,1998,wb_remittances_pct_gdp,0.489132279003357
MNG,Mongolia,1999,wb_remittances_pct_gdp,0.744619801787256
MNG,Mongolia,2000,wb_remittances_pct_gdp,0.0968693906991448
MNG,Mongolia,2001,wb_remittances_pct_gdp,2.1044815521063
MNG,Mongolia,2002,wb_remittances_pct_gdp,4.91894868729657
MNG,Mongolia,2003,wb_remittances_pct_gdp,4.97433577572138
MNG,Mongolia,2004,wb_remittances_pct_gdp,10.1657238878555
MNG,Mongolia,2005,wb_remittances_pct_gdp,7.01210601990436
MNG,Mongolia,2006,wb_remittances_pct_gdp,4.54567633520099
MNG,Mongolia,2007,wb_remittances_pct_gdp,4.2037712502324
MNG,Mongolia,2008,wb_remittances_pct_gdp,3.99407070425828
MNG,Mongolia,2009,wb_remittances_pct_gdp,4.35482570972523
MNG,Mongolia,2010,wb_remittances_pct_gdp,3.70322313329864
MNG,Mongolia,2011,wb_remittances_pct_gdp,2.39815062443905
MNG,Mongolia,2012,wb_remittances_pct_gdp,2.63436473976603
MNG,Mongolia,2013,wb_remittances_pct_gdp,2.043651376089
MNG,Mongolia,2014,wb_remittances_pct_gdp,2.08662757904284
MNG,Mongolia,2015,wb_remittances_pct_gdp,2.24538022008169
MNG,Mongolia,2016,wb_remittances_pct_gdp,2.3241947000485
MNG,Mongolia,2017,wb_remittances_pct_gdp,2.38105237776487
MNG,Mongolia,2018,wb_remittances_pct_gdp,3.34307917505255
MNG,Mongolia,2019,wb_remittances_pct_gdp,3.9484460422474
MNG,Mongolia,2020,wb_remittances_pct_gdp,4.12254263505693
MNG,Mongolia,2021,wb_remittances_pct_gdp,3.08222219088585
MNG,Mongolia,2022,wb_remittances_pct_gdp,2.32831928767738
MNG,Mongolia,2023,wb_remittances_pct_gdp,2.23995468059518
MNG,Mongolia,2024,wb_remittances_pct_gdp,2.217677569671
TJK,Tajikistan,2002,wb_remittances_pct_gdp,6.43374005428851
TJK,Tajikistan,2003,wb_remittances_pct_gdp,9.38871507024825
TJK,Tajikistan,2004,wb_remittances_pct_gdp,12.1377953734503
TJK,Tajikistan,2005,wb_remittances_pct_gdp,24.4070340378686
TJK,Tajikistan,2006,wb_remittances_pct_gdp,34.4803707889679
TJK,Tajikistan,2007,wb_remittances_pct_gdp,40.6960068537209
TJK,Tajikistan,2008,wb_remittances_pct_gdp,44.1265382636326
TJK,Tajikistan,2009,wb_remittances_pct_gdp,31.4438313512332
TJK,Tajikistan,2010,wb_remittances_pct_gdp,35.8104365109815
TJK,Tajikistan,2011,wb_remittances_pct_gdp,41.7379526470592
TJK,Tajikistan,2012,wb_remittances_pct_gdp,42.2158394555421
TJK,Tajikistan,2013,wb_remittances_pct_gdp,43.7683574907798
TJK,Tajikistan,2014,wb_remittances_pct_gdp,37.1359784024863
TJK,Tajikistan,2015,wb_remittances_pct_gdp,27.306557809196
TJK,Tajikistan,2016,wb_remittances_pct_gdp,26.70605713952
TJK,Tajikistan,2017,wb_remittances_pct_gdp,29.6849721562403
TJK,Tajikistan,2018,wb_remittances_pct_gdp,28.1177144978702
TJK,Tajikistan,2019,wb_remittances_pct_gdp,27.9717718939678
TJK,Tajikistan,2020,wb_remittances_pct_gdp,26.8848943162433
TJK,Tajikistan,2021,wb_remittances_pct_gdp,32.6893794785095
TJK,Tajikistan,2022,wb_remittances_pct_gdp,49.8953124537059
TJK,Tajikistan,2023,wb_remittances_pct_gdp,37.8445781946342
TJK,Tajikistan,2024,wb_remittances_pct_gdp,47.1531186167275
TJK,Tajikistan,2025,wb_remittances_pct_gdp,57.6648462573476
TKM,Turkmenistan,1996,wb_remittances_pct_gdp,0.185811096774194
UZB,Uzbekistan,2005,wb_remittances_pct_gdp,7.17193652621924
UZB,Uzbekistan,2006,wb_remittances_pct_gdp,8.180185407437
UZB,Uzbekistan,2007,wb_remittances_pct_gdp,7.64888686011818
UZB,Uzbekistan,2008,wb_remittances_pct_gdp,12.2843587985737
UZB,Uzbekistan,2009,wb_remittances_pct_gdp,6.46524882083396
UZB,Uzbekistan,2010,wb_remittances_pct_gdp,6.18494354622285
UZB,Uzbekistan,2011,wb_remittances_pct_gdp,7.28053972389326
UZB,Uzbekistan,2012,wb_remittances_pct_gdp,8.0829323297038
UZB,Uzbekistan,2013,wb_remittances_pct_gdp,7.79147129024255
UZB,Uzbekistan,2014,wb_remittances_pct_gdp,7.4633464579014
UZB,Uzbekistan,2015,wb_remittances_pct_gdp,4.9640763777428
UZB,Uzbekistan,2016,wb_remittances_pct_gdp,5.92110004959139
UZB,Uzbekistan,2017,wb_remittances_pct_gdp,9.86511688347538
UZB,Uzbekistan,2018,wb_remittances_pct_gdp,12.4100140915204
UZB,Uzbekistan,2019,wb_remittances_pct_gdp,12.179098017749
UZB,Uzbekistan,2020,wb_remittances_pct_gdp,10.1012633712903
UZB,Uzbekistan,2021,wb_remittances_pct_gdp,11.4289013918049
UZB,Uzbekistan,2022,wb_remittances_pct_gdp,16.4521404037101
UZB,Uzbekistan,2023,wb_remittances_pct_gdp,13.1771038486206
UZB,Uzbekistan,2024,wb_remittances_pct_gdp,13.6616648886765
UZB,Uzbekistan,2025,wb_remittances_pct_gdp,14.2840818720217
VNM,Viet Nam,2000,wb_remittances_pct_gdp,4.29865814068281
VNM,Viet Nam,2001,wb_remittances_pct_gdp,3.365437690751
VNM,Viet Nam,2002,wb_remittances_pct_gdp,5.04789720062267
VNM,Viet Nam,2003,wb_remittances_pct_gdp,5.30939712398707
VNM,Viet Nam,2004,wb_remittances_pct_gdp,5.08498588717851
XN,Lower middle income,1987,wb_remittances_pct_gdp,2.17980487906514
XN,Lower middle income,1988,wb_remittances_pct_gdp,1.94130529388443
XN,Lower middle income,1989,wb_remittances_pct_gdp,1.99155775579535
XN,Lower middle income,1990,wb_remittances_pct_gdp,2.06602595306221
XN,Lower middle income,1991,wb_remittances_pct_gdp,2.22959809807749
XN,Lower middle income,1992,wb_remittances_pct_gdp,2.44234364219818
XN,Lower middle income,1993,wb_remittances_pct_gdp,2.47882116992071
XN,Lower middle income,1994,wb_remittances_pct_gdp,2.33955995932569
XN,Lower middle income,1995,wb_remittances_pct_gdp,1.9808639595099
XN,Lower middle income,1996,wb_remittances_pct_gdp,1.98345592732781
XN,Lower middle income,1997,wb_remittances_pct_gdp,2.18447466872243
XN,Lower middle income,1998,wb_remittances_pct_gdp,2.00112610994019
XN,Lower middle income,1999,wb_remittances_pct_gdp,2.46351800620846
XN,Lower middle income,2000,wb_remittances_pct_gdp,2.46860392817335
XN,Lower middle income,2001,wb_remittances_pct_gdp,2.66180315430932
XN,Lower middle income,2002,wb_remittances_pct_gdp,3.20954326838564
XN,Lower middle income,2003,wb_remittances_pct_gdp,3.5831169176167
XN,Lower middle income,2004,wb_remittances_pct_gdp,3.25578735926973
XN,Lower middle income,2005,wb_remittances_pct_gdp,3.97499422930192
XN,Lower middle income,2006,wb_remittances_pct_gdp,4.08367937197447
XN,Lower middle income,2007,wb_remittances_pct_gdp,4.05848248197945
XN,Lower middle income,2008,wb_remittances_pct_gdp,4.38324769043444
XN,Lower middle income,2009,wb_remittances_pct_gdp,4.12855450206585
XN,Lower middle income,2010,wb_remittances_pct_gdp,3.87480148157412
XN,Lower middle income,2011,wb_remittances_pct_gdp,4.1671721614647
XN,Lower middle income,2012,wb_remittances_pct_gdp,4.36898721950957
XN,Lower middle income,2013,wb_remittances_pct_gdp,4.38599317146811
XN,Lower middle income,2014,wb_remittances_pct_gdp,4.29660398103034
XN,Lower middle income,2015,wb_remittances_pct_gdp,4.38774914179157
XN,Lower middle income,2016,wb_remittances_pct_gdp,4.05823598736806
XN,Lower middle income,2017,wb_remittances_pct_gdp,4.22016131210534
XN,Lower middle income,2018,wb_remittances_pct_gdp,4.45401306770462
XN,Lower middle income,2019,wb_remittances_pct_gdp,4.33188145383947
XN,Lower middle income,2020,wb_remittances_pct_gdp,4.572777526968
XN,Lower middle income,2021,wb_remittances_pct_gdp,4.4453466919211
XN,Lower middle income,2022,wb_remittances_pct_gdp,4.74302645895852
XN,Lower middle income,2023,wb_remittances_pct_gdp,4.7273752176219
XN,Lower middle income,2024,wb_remittances_pct_gdp,5.30151995526278
XN,Lower middle income,2025,wb_remittances_pct_gdp,5.66835873897017
XT,Upper middle income,1987,wb_remittances_pct_gdp,0.709513861512362
XT,Upper middle income,1988,wb_remittances_pct_gdp,0.670530844269698
XT,Upper middle income,1989,wb_remittances_pct_gdp,0.700035657629179
XT,Upper middle income,1990,wb_remittances_pct_gdp,0.694254854318719
XT,Upper middle income,1991,wb_remittances_pct_gdp,0.762845011607616
XT,Upper middle income,1992,wb_remittances_pct_gdp,0.827497818117309
XT,Upper middle income,1993,wb_remittances_pct_gdp,0.800206052288141
XT,Upper middle income,1994,wb_remittances_pct_gdp,0.817755914591433
XT,Upper middle income,1995,wb_remittances_pct_gdp,0.837104088302232
XT,Upper middle income,1996,wb_remittances_pct_gdp,0.763916620273039
XT,Upper middle income,1997,wb_remittances_pct_gdp,0.869572072706675
XT,Upper middle income,1998,wb_remittances_pct_gdp,0.874866289875263
XT,Upper middle income,1999,wb_remittances_pct_gdp,0.963199781192247
XT,Upper middle income,2000,wb_remittances_pct_gdp,0.980558370492394
XT,Upper middle income,2001,wb_remittances_pct_gdp,1.07573518286883
XT,Upper middle income,2002,wb_remittances_pct_gdp,1.22569208545218
XT,Upper middle income,2003,wb_remittances_pct_gdp,1.35694613344674
XT,Upper middle income,2004,wb_remittances_pct_gdp,1.37270322995
XT,Upper middle income,2005,wb_remittances_pct_gdp,1.28197186633182
XT,Upper middle income,2006,wb_remittances_pct_gdp,1.26075423735184
XT,Upper middle income,2007,wb_remittances_pct_gdp,1.20658174349272
XT,Upper middle income,2008,wb_remittances_pct_gdp,1.09532751756975
XT,Upper middle income,2009,wb_remittances_pct_gdp,1.04689455693002
XT,Upper middle income,2010,wb_remittances_pct_gdp,0.921989314472921
XT,Upper middle income,2011,wb_remittances_pct_gdp,0.844272715169537
XT,Upper middle income,2012,wb_remittances_pct_gdp,0.817030962879103
XT,Upper middle income,2013,wb_remittances_pct_gdp,0.809059276548349
XT,Upper middle income,2014,wb_remittances_pct_gdp,0.868243833486135
XT,Upper middle income,2015,wb_remittances_pct_gdp,0.918747665394821
XT,Upper middle income,2016,wb_remittances_pct_gdp,0.909711569912249
XT,Upper middle income,2017,wb_remittances_pct_gdp,0.904374039677567
XT,Upper middle income,2018,wb_remittances_pct_gdp,0.890411044788742
XT,Upper middle income,2019,wb_remittances_pct_gdp,0.8690888799417
XT,Upper middle income,2020,wb_remittances_pct_gdp,0.90707274757282
XT,Upper middle income,2021,wb_remittances_pct_gdp,0.88753756084293
XT,Upper middle income,2022,wb_remittances_pct_gdp,0.930672549932674
XT,Upper middle income,2023,wb_remittances_pct_gdp,0.942989968275767
XT,Upper middle income,2024,wb_remittances_pct_gdp,0.943771919663929
XT,Upper middle income,2025,wb_remittances_pct_gdp,0.862520230618628
ARM,Armenia,2012,wb_services_pct_gdp,45.6989324054448
ARM,Armenia,2013,wb_services_pct_gdp,45.749756861728
ARM,Armenia,2014,wb_services_pct_gdp,47.4130437470384
ARM,Armenia,2015,wb_services_pct_gdp,48.2126693907876
ARM,Armenia,2016,wb_services_pct_gdp,49.9105094267778
ARM,Armenia,2017,wb_services_pct_gdp,50.7652583569469
ARM,Armenia,2018,wb_services_pct_gdp,52.6163051198371
ARM,Armenia,2019,wb_services_pct_gdp,53.9731853016919
ARM,Armenia,2020,wb_services_pct_gdp,53.2412027973394
ARM,Armenia,2021,wb_services_pct_gdp,53.0783701392799
ARM,Armenia,2022,wb_services_pct_gdp,55.6162023383919
ARM,Armenia,2023,wb_services_pct_gdp,60.3450320849135
ARM,Armenia,2024,wb_services_pct_gdp,61.9893697453885
ARM,Armenia,2025,wb_services_pct_gdp,61.3382272018929
AZE,Azerbaijan,1990,wb_services_pct_gdp,34.7544338335607
AZE,Azerbaijan,1991,wb_services_pct_gdp,34.2440119760479
AZE,Azerbaijan,1992,wb_services_pct_gdp,28.8230534636211
AZE,Azerbaijan,1993,wb_services_pct_gdp,35.9009554140127
AZE,Azerbaijan,1994,wb_services_pct_gdp,38.0427808913798
AZE,Azerbaijan,1995,wb_services_pct_gdp,37.9417002530696
AZE,Azerbaijan,1996,wb_services_pct_gdp,30.8497401741931
AZE,Azerbaijan,1997,wb_services_pct_gdp,35.816736852104
AZE,Azerbaijan,1998,wb_services_pct_gdp,43.3412776841249
AZE,Azerbaijan,1999,wb_services_pct_gdp,39.045323302694
AZE,Azerbaijan,2000,wb_services_pct_gdp,35.7855916576588
AZE,Azerbaijan,2001,wb_services_pct_gdp,34.4796448190232
AZE,Azerbaijan,2002,wb_services_pct_gdp,32.4552577319588
AZE,Azerbaijan,2003,wb_services_pct_gdp,31.9247183936193
AZE,Azerbaijan,2004,wb_services_pct_gdp,31.7987854915477
AZE,Azerbaijan,2005,wb_services_pct_gdp,25.0852465561988
AZE,Azerbaijan,2006,wb_services_pct_gdp,23.5098313258154
AZE,Azerbaijan,2007,wb_services_pct_gdp,21.755963399799
AZE,Azerbaijan,2008,wb_services_pct_gdp,23.6588501440061
AZE,Azerbaijan,2009,wb_services_pct_gdp,31.3211521986433
AZE,Azerbaijan,2010,wb_services_pct_gdp,28.216178028965
AZE,Azerbaijan,2011,wb_services_pct_gdp,27.7128374486387
AZE,Azerbaijan,2012,wb_services_pct_gdp,29.522301196302
AZE,Azerbaijan,2013,wb_services_pct_gdp,31.4925578357568
AZE,Azerbaijan,2014,wb_services_pct_gdp,34.1869146526
AZE,Azerbaijan,2015,wb_services_pct_gdp,40.6504229496138
AZE,Azerbaijan,2016,wb_services_pct_gdp,39.322666701972
AZE,Azerbaijan,2017,wb_services_pct_gdp,38.1231713246647
AZE,Azerbaijan,2018,wb_services_pct_gdp,35.2831743494981
AZE,Azerbaijan,2019,wb_services_pct_gdp,36.972533524144
AZE,Azerbaijan,2020,wb_services_pct_gdp,42.3542363329985
AZE,Azerbaijan,2021,wb_services_pct_gdp,37.7011733502712
AZE,Azerbaijan,2022,wb_services_pct_gdp,32.0714593346256
AZE,Azerbaijan,2023,wb_services_pct_gdp,39.7566280403221
AZE,Azerbaijan,2024,wb_services_pct_gdp,42.5024619796055
AZE,Azerbaijan,2025,wb_services_pct_gdp,45.2948239267511
ECS,Europe & Central Asia,1991,wb_services_pct_gdp,58.7449553301348
ECS,Europe & Central Asia,1992,wb_services_pct_gdp,60.2940756991136
ECS,Europe & Central Asia,1993,wb_services_pct_gdp,61.1956271784663
ECS,Europe & Central Asia,1994,wb_services_pct_gdp,61.3450232185862
ECS,Europe & Central Asia,1995,wb_services_pct_gdp,60.7458839341605
ECS,Europe & Central Asia,1996,wb_services_pct_gdp,61.0555319145578
ECS,Europe & Central Asia,1997,wb_services_pct_gdp,61.2716168106437
ECS,Europe & Central Asia,1998,wb_services_pct_gdp,61.7212769773286
ECS,Europe & Central Asia,1999,wb_services_pct_gdp,62.1200830500109
ECS,Europe & Central Asia,2000,wb_services_pct_gdp,62.0818782170719
ECS,Europe & Central Asia,2001,wb_services_pct_gdp,62.7282291293766
ECS,Europe & Central Asia,2002,wb_services_pct_gdp,63.260529790125
ECS,Europe & Central Asia,2003,wb_services_pct_gdp,63.5945984110498
ECS,Europe & Central Asia,2004,wb_services_pct_gdp,63.4213078954132
ECS,Europe & Central Asia,2005,wb_services_pct_gdp,63.2040012202111
ECS,Europe & Central Asia,2006,wb_services_pct_gdp,62.7945382599326
ECS,Europe & Central Asia,2007,wb_services_pct_gdp,62.8095471530926
ECS,Europe & Central Asia,2008,wb_services_pct_gdp,62.9405193684868
ECS,Europe & Central Asia,2009,wb_services_pct_gdp,65.1495214317545
ECS,Europe & Central Asia,2010,wb_services_pct_gdp,64.1303710644417
ECS,Europe & Central Asia,2011,wb_services_pct_gdp,63.5178158188671
ECS,Europe & Central Asia,2012,wb_services_pct_gdp,63.6647389729661
ECS,Europe & Central Asia,2013,wb_services_pct_gdp,63.9694011217294
ECS,Europe & Central Asia,2014,wb_services_pct_gdp,64.2365044624371
ECS,Europe & Central Asia,2015,wb_services_pct_gdp,64.4898481665387
ECS,Europe & Central Asia,2016,wb_services_pct_gdp,64.6413250066987
ECS,Europe & Central Asia,2017,wb_services_pct_gdp,64.3752150889138
ECS,Europe & Central Asia,2018,wb_services_pct_gdp,64.2826770738337
ECS,Europe & Central Asia,2019,wb_services_pct_gdp,64.5338504440794
ECS,Europe & Central Asia,2020,wb_services_pct_gdp,65.2388461831997
ECS,Europe & Central Asia,2021,wb_services_pct_gdp,64.3587940387372
ECS,Europe & Central Asia,2022,wb_services_pct_gdp,63.9389329837274
ECS,Europe & Central Asia,2023,wb_services_pct_gdp,64.8307536170917
ECS,Europe & Central Asia,2024,wb_services_pct_gdp,65.3629543575733
ECS,Europe & Central Asia,2025,wb_services_pct_gdp,65.5150048425363
GEO,Georgia,1987,wb_services_pct_gdp,35.1691636772877
GEO,Georgia,1988,wb_services_pct_gdp,35.4416575790622
GEO,Georgia,1989,wb_services_pct_gdp,34.8334958896475
GEO,Georgia,1990,wb_services_pct_gdp,33.4090605372177
GEO,Georgia,1991,wb_services_pct_gdp,31.9371727748691
GEO,Georgia,1992,wb_services_pct_gdp,22.9222520107239
GEO,Georgia,1996,wb_services_pct_gdp,41.3571151609151
GEO,Georgia,1997,wb_services_pct_gdp,44.7979099431382
GEO,Georgia,1998,wb_services_pct_gdp,48.0197526930965
GEO,Georgia,1999,wb_services_pct_gdp,49.2088133081659
GEO,Georgia,2000,wb_services_pct_gdp,53.2458506395724
GEO,Georgia,2001,wb_services_pct_gdp,52.9127959244831
GEO,Georgia,2002,wb_services_pct_gdp,52.3538090128755
GEO,Georgia,2003,wb_services_pct_gdp,51.4263028222463
GEO,Georgia,2004,wb_services_pct_gdp,51.6932504096984
GEO,Georgia,2005,wb_services_pct_gdp,51.088986223098
GEO,Georgia,2006,wb_services_pct_gdp,55.2244758845242
GEO,Georgia,2007,wb_services_pct_gdp,56.8436723981687
GEO,Georgia,2008,wb_services_pct_gdp,60.7122448872602
GEO,Georgia,2009,wb_services_pct_gdp,60.6555098409874
GEO,Georgia,2010,wb_services_pct_gdp,62.4461510677683
GEO,Georgia,2011,wb_services_pct_gdp,61.2165289857849
GEO,Georgia,2012,wb_services_pct_gdp,61.4683363802559
GEO,Georgia,2013,wb_services_pct_gdp,61.7606211819617
GEO,Georgia,2014,wb_services_pct_gdp,61.1488430742072
GEO,Georgia,2015,wb_services_pct_gdp,60.3920073520898
GEO,Georgia,2016,wb_services_pct_gdp,60.7126944436845
GEO,Georgia,2017,wb_services_pct_gdp,58.3264823415578
GEO,Georgia,2018,wb_services_pct_gdp,58.3496101291489
GEO,Georgia,2019,wb_services_pct_gdp,60.0997269034308
GEO,Georgia,2020,wb_services_pct_gdp,57.8886181686718
GEO,Georgia,2021,wb_services_pct_gdp,58.6985908372307
GEO,Georgia,2022,wb_services_pct_gdp,59.0492463628877
GEO,Georgia,2023,wb_services_pct_gdp,62.0559151852007
GEO,Georgia,2024,wb_services_pct_gdp,61.9845889751097
GEO,Georgia,2025,wb_services_pct_gdp,63.9373674942378
KAZ,Kazakhstan,1992,wb_services_pct_gdp,25.1243781094527
KAZ,Kazakhstan,1993,wb_services_pct_gdp,47.0354925211823
KAZ,Kazakhstan,1994,wb_services_pct_gdp,44.3741309867457
KAZ,Kazakhstan,1995,wb_services_pct_gdp,53.9618316094617
KAZ,Kazakhstan,1996,wb_services_pct_gdp,58.0423502826806
KAZ,Kazakhstan,1997,wb_services_pct_gdp,58.8697434578692
KAZ,Kazakhstan,1998,wb_services_pct_gdp,56.7366358317705
KAZ,Kazakhstan,1999,wb_services_pct_gdp,52.4423266698118
KAZ,Kazakhstan,2000,wb_services_pct_gdp,48.3815387474664
KAZ,Kazakhstan,2001,wb_services_pct_gdp,49.371713157718
KAZ,Kazakhstan,2002,wb_services_pct_gdp,50.4711505164094
KAZ,Kazakhstan,2003,wb_services_pct_gdp,51.8220273209182
KAZ,Kazakhstan,2004,wb_services_pct_gdp,53.3800989868324
KAZ,Kazakhstan,2005,wb_services_pct_gdp,52.0218847182371
KAZ,Kazakhstan,2006,wb_services_pct_gdp,51.624997728548
KAZ,Kazakhstan,2007,wb_services_pct_gdp,54.2303277391062
KAZ,Kazakhstan,2008,wb_services_pct_gdp,52.104868253495
KAZ,Kazakhstan,2009,wb_services_pct_gdp,53.9952116833093
KAZ,Kazakhstan,2010,wb_services_pct_gdp,51.6800394874896
KAZ,Kazakhstan,2011,wb_services_pct_gdp,48.8890328062873
KAZ,Kazakhstan,2012,wb_services_pct_gdp,51.3898529954355
KAZ,Kazakhstan,2013,wb_services_pct_gdp,53.1795606876032
KAZ,Kazakhstan,2014,wb_services_pct_gdp,54.8385964696408
KAZ,Kazakhstan,2015,wb_services_pct_gdp,59.297627869996
KAZ,Kazakhstan,2016,wb_services_pct_gdp,57.857435042574
KAZ,Kazakhstan,2017,wb_services_pct_gdp,57.304415099355
KAZ,Kazakhstan,2018,wb_services_pct_gdp,55.454732268099
KAZ,Kazakhstan,2019,wb_services_pct_gdp,55.5282559332057
KAZ,Kazakhstan,2020,wb_services_pct_gdp,56.1027808941057
KAZ,Kazakhstan,2021,wb_services_pct_gdp,53.9193570155211
KAZ,Kazakhstan,2022,wb_services_pct_gdp,52.6439186616041
KAZ,Kazakhstan,2023,wb_services_pct_gdp,56.3444686710489
KAZ,Kazakhstan,2024,wb_services_pct_gdp,57.9427973400804
KAZ,Kazakhstan,2025,wb_services_pct_gdp,57.7020387217013
KGZ,Kyrgyz Republic,1990,wb_services_pct_gdp,30.6238317757009
KGZ,Kyrgyz Republic,1991,wb_services_pct_gdp,26.2983783783784
KGZ,Kyrgyz Republic,1992,wb_services_pct_gdp,22.9558883043302
KGZ,Kyrgyz Republic,1993,wb_services_pct_gdp,28.037051562179
KGZ,Kyrgyz Republic,1994,wb_services_pct_gdp,33.8957667731629
KGZ,Kyrgyz Republic,1995,wb_services_pct_gdp,35.645489962899
KGZ,Kyrgyz Republic,1996,wb_services_pct_gdp,30.3308218621925
KGZ,Kyrgyz Republic,1997,wb_services_pct_gdp,30.9665837833258
KGZ,Kyrgyz Republic,1998,wb_services_pct_gdp,35.1755633180619
KGZ,Kyrgyz Republic,1999,wb_services_pct_gdp,34.7254302067947
KGZ,Kyrgyz Republic,2000,wb_services_pct_gdp,29.9724791417079
KGZ,Kyrgyz Republic,2001,wb_services_pct_gdp,32.0756569464089
KGZ,Kyrgyz Republic,2002,wb_services_pct_gdp,36.4332132981631
KGZ,Kyrgyz Republic,2003,wb_services_pct_gdp,37.7580426700878
KGZ,Kyrgyz Republic,2004,wb_services_pct_gdp,39.6009070414952
KGZ,Kyrgyz Republic,2005,wb_services_pct_gdp,42.4302670387872
KGZ,Kyrgyz Republic,2006,wb_services_pct_gdp,43.3774662763917
KGZ,Kyrgyz Republic,2007,wb_services_pct_gdp,45.5406958675158
KGZ,Kyrgyz Republic,2008,wb_services_pct_gdp,45.8087821868921
KGZ,Kyrgyz Republic,2009,wb_services_pct_gdp,49.8977502063632
KGZ,Kyrgyz Republic,2010,wb_services_pct_gdp,49.3384967869844
KGZ,Kyrgyz Republic,2011,wb_services_pct_gdp,47.8653557076126
KGZ,Kyrgyz Republic,2012,wb_services_pct_gdp,51.0390815511772
KGZ,Kyrgyz Republic,2013,wb_services_pct_gdp,49.6332622937347
KGZ,Kyrgyz Republic,2014,wb_services_pct_gdp,50.6119382870719
KGZ,Kyrgyz Republic,2015,wb_services_pct_gdp,52.1498322606782
KGZ,Kyrgyz Republic,2016,wb_services_pct_gdp,50.1483211681284
KGZ,Kyrgyz Republic,2017,wb_services_pct_gdp,49.9324474240762
KGZ,Kyrgyz Republic,2018,wb_services_pct_gdp,49.7676969702079
KGZ,Kyrgyz Republic,2019,wb_services_pct_gdp,50.3261850794905
KGZ,Kyrgyz Republic,2020,wb_services_pct_gdp,50.6891009156643
KGZ,Kyrgyz Republic,2021,wb_services_pct_gdp,51.036010149015
KGZ,Kyrgyz Republic,2022,wb_services_pct_gdp,51.0155429673593
KGZ,Kyrgyz Republic,2023,wb_services_pct_gdp,51.299348443838
KGZ,Kyrgyz Republic,2024,wb_services_pct_gdp,52.3154150785972
KGZ,Kyrgyz Republic,2025,wb_services_pct_gdp,51.1866487444225
MNG,Mongolia,1990,wb_services_pct_gdp,43.3323886779341
MNG,Mongolia,1991,wb_services_pct_gdp,43.9878724679278
MNG,Mongolia,1992,wb_services_pct_gdp,33.7379074640898
MNG,Mongolia,1993,wb_services_pct_gdp,36.556260289619
MNG,Mongolia,1994,wb_services_pct_gdp,34.9387988149652
MNG,Mongolia,1995,wb_services_pct_gdp,29.3133570088122
MNG,Mongolia,1996,wb_services_pct_gdp,31.7541064055949
MNG,Mongolia,1997,wb_services_pct_gdp,32.0685963160347
MNG,Mongolia,1998,wb_services_pct_gdp,37.3783321255612
MNG,Mongolia,1999,wb_services_pct_gdp,37.1754051625983
MNG,Mongolia,2000,wb_services_pct_gdp,39.1979237053442
MNG,Mongolia,2001,wb_services_pct_gdp,42.2560506979719
MNG,Mongolia,2002,wb_services_pct_gdp,46.5943186592965
MNG,Mongolia,2003,wb_services_pct_gdp,45.1543259811307
MNG,Mongolia,2004,wb_services_pct_gdp,40.2348364808485
MNG,Mongolia,2005,wb_services_pct_gdp,37.4557419626278
MNG,Mongolia,2006,wb_services_pct_gdp,33.6016996064578
MNG,Mongolia,2007,wb_services_pct_gdp,33.9138972323028
MNG,Mongolia,2008,wb_services_pct_gdp,39.6705514673849
MNG,Mongolia,2009,wb_services_pct_gdp,43.1000868867331
MNG,Mongolia,2010,wb_services_pct_gdp,44.8404932199456
MNG,Mongolia,2011,wb_services_pct_gdp,45.7860011361674
MNG,Mongolia,2012,wb_services_pct_gdp,46.8583778990963
MNG,Mongolia,2013,wb_services_pct_gdp,44.7170657988719
MNG,Mongolia,2014,wb_services_pct_gdp,45.8242152655518
MNG,Mongolia,2015,wb_services_pct_gdp,46.1686156086131
MNG,Mongolia,2016,wb_services_pct_gdp,45.8755640343065
MNG,Mongolia,2017,wb_services_pct_gdp,42.3762941537368
MNG,Mongolia,2018,wb_services_pct_gdp,39.7977094219083
MNG,Mongolia,2019,wb_services_pct_gdp,39.7406192297241
MNG,Mongolia,2020,wb_services_pct_gdp,40.4904557964325
MNG,Mongolia,2021,wb_services_pct_gdp,39.6449079170954
MNG,Mongolia,2022,wb_services_pct_gdp,40.9763284189556
MNG,Mongolia,2023,wb_services_pct_gdp,41.0433684122384
MNG,Mongolia,2024,wb_services_pct_gdp,44.3407185995683
MNG,Mongolia,2025,wb_services_pct_gdp,44.3414463411948
TJK,Tajikistan,1987,wb_services_pct_gdp,26.4516129032258
TJK,Tajikistan,1988,wb_services_pct_gdp,29.0697674418605
TJK,Tajikistan,1989,wb_services_pct_gdp,31.7391304347826
TJK,Tajikistan,1990,wb_services_pct_gdp,29.0809327846365
TJK,Tajikistan,1991,wb_services_pct_gdp,26.0355029585799
TJK,Tajikistan,1992,wb_services_pct_gdp,28.5935085007728
TJK,Tajikistan,1993,wb_services_pct_gdp,27.1886402851243
TJK,Tajikistan,1994,wb_services_pct_gdp,28.6985148514851
TJK,Tajikistan,1995,wb_services_pct_gdp,21.2216332378223
TJK,Tajikistan,1996,wb_services_pct_gdp,27.227140077821
TJK,Tajikistan,1997,wb_services_pct_gdp,32.489521420301
TJK,Tajikistan,1998,wb_services_pct_gdp,42.3465814883449
TJK,Tajikistan,1999,wb_services_pct_gdp,39.8635836431227
TJK,Tajikistan,2000,wb_services_pct_gdp,31.4826215928807
TJK,Tajikistan,2001,wb_services_pct_gdp,31.1685778921913
TJK,Tajikistan,2002,wb_services_pct_gdp,33.1318697597251
TJK,Tajikistan,2003,wb_services_pct_gdp,32.263619943714
TJK,Tajikistan,2004,wb_services_pct_gdp,39.3300147552414
TJK,Tajikistan,2005,wb_services_pct_gdp,40.6321982627036
TJK,Tajikistan,2006,wb_services_pct_gdp,40.8678978490016
TJK,Tajikistan,2007,wb_services_pct_gdp,42.870419543282
TJK,Tajikistan,2008,wb_services_pct_gdp,43.931778392726
TJK,Tajikistan,2009,wb_services_pct_gdp,47.0368664711443
TJK,Tajikistan,2010,wb_services_pct_gdp,45.0918966612836
TJK,Tajikistan,2011,wb_services_pct_gdp,42.4317700383425
TJK,Tajikistan,2012,wb_services_pct_gdp,43.5186695830833
TJK,Tajikistan,2013,wb_services_pct_gdp,44.0608990762779
TJK,Tajikistan,2014,wb_services_pct_gdp,41.1105011545958
TJK,Tajikistan,2015,wb_services_pct_gdp,39.1778381962344
TJK,Tajikistan,2016,wb_services_pct_gdp,37.1585846399819
TJK,Tajikistan,2017,wb_services_pct_gdp,38.8761886138283
TJK,Tajikistan,2018,wb_services_pct_gdp,36.7459808159957
TJK,Tajikistan,2019,wb_services_pct_gdp,37.0798560987387
TJK,Tajikistan,2020,wb_services_pct_gdp,35.2521430281461
TJK,Tajikistan,2021,wb_services_pct_gdp,33.3755786470221
TJK,Tajikistan,2022,wb_services_pct_gdp,34.1105264182187
TJK,Tajikistan,2023,wb_services_pct_gdp,34.7082666200741
TJK,Tajikistan,2024,wb_services_pct_gdp,36.4537028537609
TKM,Turkmenistan,1987,wb_services_pct_gdp,32.0
TKM,Turkmenistan,1988,wb_services_pct_gdp,37.037037037037
TKM,Turkmenistan,1989,wb_services_pct_gdp,35.7142857142857
TKM,Turkmenistan,1990,wb_services_pct_gdp,36.6666666666667
TKM,Turkmenistan,1991,wb_services_pct_gdp,37.2881355932203
TKM,Turkmenistan,1992,wb_services_pct_gdp,79.4375
TKM,Turkmenistan,1993,wb_services_pct_gdp,15.4690618762475
TKM,Turkmenistan,1994,wb_services_pct_gdp,18.5779816513761
TKM,Turkmenistan,1995,wb_services_pct_gdp,19.0644171779141
TKM,Turkmenistan,1996,wb_services_pct_gdp,16.9109677419355
TKM,Turkmenistan,1997,wb_services_pct_gdp,28.5067506750675
TKM,Turkmenistan,1998,wb_services_pct_gdp,30.3894247945695
TKM,Turkmenistan,1999,wb_services_pct_gdp,26.3625031164298
TKM,Turkmenistan,2000,wb_services_pct_gdp,28.8952709170975
TKM,Turkmenistan,2001,wb_services_pct_gdp,29.7628622937179
TKM,Turkmenistan,2002,wb_services_pct_gdp,33.8616268788683
TKM,Turkmenistan,2003,wb_services_pct_gdp,36.2158067502735
TKM,Turkmenistan,2004,wb_services_pct_gdp,38.1901923597941
TKM,Turkmenistan,2005,wb_services_pct_gdp,42.9404848552713
TKM,Turkmenistan,2006,wb_services_pct_gdp,45.6114432109308
TKM,Turkmenistan,2007,wb_services_pct_gdp,42.2903703703704
TKM,Turkmenistan,2008,wb_services_pct_gdp,27.2151968870022
TKM,Turkmenistan,2009,wb_services_pct_gdp,27.0005643019562
TKM,Turkmenistan,2010,wb_services_pct_gdp,23.9380379727168
TKM,Turkmenistan,2011,wb_services_pct_gdp,20.2628578287223
TKM,Turkmenistan,2012,wb_services_pct_gdp,19.5623540681315
TKM,Turkmenistan,2013,wb_services_pct_gdp,22.2292839687413
TKM,Turkmenistan,2014,wb_services_pct_gdp,25.8279320241205
TKM,Turkmenistan,2015,wb_services_pct_gdp,32.2923566828147
TKM,Turkmenistan,2016,wb_services_pct_gdp,35.1757206164638
TKM,Turkmenistan,2017,wb_services_pct_gdp,39.2324961202935
TKM,Turkmenistan,2018,wb_services_pct_gdp,41.4847314601308
TKM,Turkmenistan,2019,wb_services_pct_gdp,43.675751222921
TKM,Turkmenistan,2020,wb_services_pct_gdp,48.6422950242627
TKM,Turkmenistan,2021,wb_services_pct_gdp,48.62620546284
TKM,Turkmenistan,2022,wb_services_pct_gdp,44.9038230520675
TKM,Turkmenistan,2023,wb_services_pct_gdp,47.1318444620791
TKM,Turkmenistan,2024,wb_services_pct_gdp,47.4536430315814
TKM,Turkmenistan,2025,wb_services_pct_gdp,48.8765133726083
UZB,Uzbekistan,1987,wb_services_pct_gdp,31.5266419744032
UZB,Uzbekistan,1988,wb_services_pct_gdp,33.4842707340324
UZB,Uzbekistan,1989,wb_services_pct_gdp,36.3020392207961
UZB,Uzbekistan,1990,wb_services_pct_gdp,34.6378706398934
UZB,Uzbekistan,1991,wb_services_pct_gdp,26.5388883382914
UZB,Uzbekistan,1992,wb_services_pct_gdp,29.6291957516167
UZB,Uzbekistan,1993,wb_services_pct_gdp,31.7803709936955
UZB,Uzbekistan,1994,wb_services_pct_gdp,33.1703083961182
UZB,Uzbekistan,1995,wb_services_pct_gdp,34.6629135369945
UZB,Uzbekistan,1996,wb_services_pct_gdp,37.124261006998
UZB,Uzbekistan,1997,wb_services_pct_gdp,36.5480073298322
UZB,Uzbekistan,1998,wb_services_pct_gdp,36.4
UZB,Uzbekistan,1999,wb_services_pct_gdp,36.5046555109787
UZB,Uzbekistan,2000,wb_services_pct_gdp,37.1943727730679
UZB,Uzbekistan,2001,wb_services_pct_gdp,38.2149310701886
UZB,Uzbekistan,2002,wb_services_pct_gdp,37.898311454726
UZB,Uzbekistan,2003,wb_services_pct_gdp,37.4278748476229
UZB,Uzbekistan,2004,wb_services_pct_gdp,37.1821221760052
UZB,Uzbekistan,2005,wb_services_pct_gdp,37.0429682103068
UZB,Uzbekistan,2006,wb_services_pct_gdp,37.9585228805817
UZB,Uzbekistan,2007,wb_services_pct_gdp,39.7591344448386
UZB,Uzbekistan,2008,wb_services_pct_gdp,41.3540741805193
UZB,Uzbekistan,2009,wb_services_pct_gdp,41.365775808294
UZB,Uzbekistan,2010,wb_services_pct_gdp,43.0145644421747
UZB,Uzbekistan,2011,wb_services_pct_gdp,42.517157579188
UZB,Uzbekistan,2012,wb_services_pct_gdp,42.4028358649983
UZB,Uzbekistan,2013,wb_services_pct_gdp,43.7890193182563
UZB,Uzbekistan,2014,wb_services_pct_gdp,42.8265408523764
UZB,Uzbekistan,2015,wb_services_pct_gdp,42.1671345961934
UZB,Uzbekistan,2016,wb_services_pct_gdp,41.9898933993247
UZB,Uzbekistan,2017,wb_services_pct_gdp,39.5614976850092
UZB,Uzbekistan,2018,wb_services_pct_gdp,38.1762326664905
UZB,Uzbekistan,2019,wb_services_pct_gdp,38.8311667329587
UZB,Uzbekistan,2020,wb_services_pct_gdp,38.7460145833136
UZB,Uzbekistan,2021,wb_services_pct_gdp,39.3194699013371
UZB,Uzbekistan,2022,wb_services_pct_gdp,41.9832790119879
UZB,Uzbekistan,2023,wb_services_pct_gdp,44.5611820065481
UZB,Uzbekistan,2024,wb_services_pct_gdp,46.3253634726906
UZB,Uzbekistan,2025,wb_services_pct_gdp,46.4894145533052
VNM,Viet Nam,1987,wb_services_pct_gdp,31.0801393728223
VNM,Viet Nam,1988,wb_services_pct_gdp,29.7405966277562
VNM,Viet Nam,1989,wb_services_pct_gdp,34.9944826113267
VNM,Viet Nam,1990,wb_services_pct_gdp,38.5889643665832
VNM,Viet Nam,1991,wb_services_pct_gdp,35.7164274446921
VNM,Viet Nam,1992,wb_services_pct_gdp,38.7978142076503
VNM,Viet Nam,1993,wb_services_pct_gdp,41.2297337763265
VNM,Viet Nam,1994,wb_services_pct_gdp,43.7037202997748
VNM,Viet Nam,1995,wb_services_pct_gdp,44.0613913985635
VNM,Viet Nam,1996,wb_services_pct_gdp,42.5112852710671
VNM,Viet Nam,1997,wb_services_pct_gdp,42.153158409938
VNM,Viet Nam,1998,wb_services_pct_gdp,41.7279518693026
VNM,Viet Nam,1999,wb_services_pct_gdp,40.0708102674888
VNM,Viet Nam,2000,wb_services_pct_gdp,38.7346426776196
VNM,Viet Nam,2001,wb_services_pct_gdp,38.6295307451771
VNM,Viet Nam,2002,wb_services_pct_gdp,38.4838790358405
VNM,Viet Nam,2003,wb_services_pct_gdp,37.9875554860028
VNM,Viet Nam,2004,wb_services_pct_gdp,37.9835511186106
VNM,Viet Nam,2005,wb_services_pct_gdp,42.5688812156661
VNM,Viet Nam,2006,wb_services_pct_gdp,42.6884835125499
VNM,Viet Nam,2007,wb_services_pct_gdp,42.8332754503841
VNM,Viet Nam,2008,wb_services_pct_gdp,42.5091596964692
VNM,Viet Nam,2009,wb_services_pct_gdp,43.4433537536156
VNM,Viet Nam,2010,wb_services_pct_gdp,40.6273720032231
VNM,Viet Nam,2011,wb_services_pct_gdp,38.9070145300747
VNM,Viet Nam,2012,wb_services_pct_gdp,39.1188401087315
VNM,Viet Nam,2013,wb_services_pct_gdp,40.542010129242
VNM,Viet Nam,2014,wb_services_pct_gdp,40.9236092881482
VNM,Viet Nam,2015,wb_services_pct_gdp,42.1930087721287
VNM,Viet Nam,2016,wb_services_pct_gdp,42.8544900073075
VNM,Viet Nam,2017,wb_services_pct_gdp,42.5807243141144
VNM,Viet Nam,2018,wb_services_pct_gdp,42.1709178908888
VNM,Viet Nam,2019,wb_services_pct_gdp,42.4687227777403
VNM,Viet Nam,2020,wb_services_pct_gdp,41.8311604395691
VNM,Viet Nam,2021,wb_services_pct_gdp,41.2574400803721
VNM,Viet Nam,2022,wb_services_pct_gdp,41.1356424803034
VNM,Viet Nam,2023,wb_services_pct_gdp,42.280320467255
VNM,Viet Nam,2024,wb_services_pct_gdp,42.3541982658904
VNM,Viet Nam,2025,wb_services_pct_gdp,42.7438415027506
XN,Lower middle income,1987,wb_services_pct_gdp,49.5563878274048
XN,Lower middle income,1988,wb_services_pct_gdp,48.7472573891251
XN,Lower middle income,1989,wb_services_pct_gdp,48.5149576223897
XN,Lower middle income,1990,wb_services_pct_gdp,48.4035433777529
XN,Lower middle income,1991,wb_services_pct_gdp,47.5117264626918
XN,Lower middle income,1992,wb_services_pct_gdp,47.5785502655379
XN,Lower middle income,1993,wb_services_pct_gdp,48.8674112146933
XN,Lower middle income,1994,wb_services_pct_gdp,48.4244327916347
XN,Lower middle income,1995,wb_services_pct_gdp,47.6472964879063
XN,Lower middle income,1996,wb_services_pct_gdp,47.6273512037195
XN,Lower middle income,1997,wb_services_pct_gdp,48.3531139411821
XN,Lower middle income,1998,wb_services_pct_gdp,50.3654714239048
XN,Lower middle income,1999,wb_services_pct_gdp,50.6960547687602
XN,Lower middle income,2000,wb_services_pct_gdp,51.70517641255
XN,Lower middle income,2001,wb_services_pct_gdp,52.7204930026629
XN,Lower middle income,2002,wb_services_pct_gdp,53.8662347890416
XN,Lower middle income,2003,wb_services_pct_gdp,54.5575012924764
XN,Lower middle income,2004,wb_services_pct_gdp,54.0893660088759
XN,Lower middle income,2005,wb_services_pct_gdp,53.7936364062379
XN,Lower middle income,2006,wb_services_pct_gdp,53.5036327632764
XN,Lower middle income,2007,wb_services_pct_gdp,53.6462135719032
XN,Lower middle income,2008,wb_services_pct_gdp,53.1503772201621
XN,Lower middle income,2009,wb_services_pct_gdp,54.0109473034947
XN,Lower middle income,2010,wb_services_pct_gdp,52.9718839597597
XN,Lower middle income,2011,wb_services_pct_gdp,54.2295169768628
XN,Lower middle income,2012,wb_services_pct_gdp,54.9946819906116
XN,Lower middle income,2013,wb_services_pct_gdp,57.3403566630304
XN,Lower middle income,2014,wb_services_pct_gdp,59.3504819516248
XN,Lower middle income,2015,wb_services_pct_gdp,61.5917250817049
XN,Lower middle income,2016,wb_services_pct_gdp,61.8108261195878
XN,Lower middle income,2017,wb_services_pct_gdp,61.0306159064598
XN,Lower middle income,2018,wb_services_pct_gdp,61.2114008101572
XN,Lower middle income,2019,wb_services_pct_gdp,62.7227038002158
XN,Lower middle income,2020,wb_services_pct_gdp,61.7305886384511
XN,Lower middle income,2021,wb_services_pct_gdp,61.0347442462802
XN,Lower middle income,2022,wb_services_pct_gdp,60.1474928356681
XN,Lower middle income,2023,wb_services_pct_gdp,60.1249044201458
XN,Lower middle income,2024,wb_services_pct_gdp,60.0365501218016
XN,Lower middle income,2025,wb_services_pct_gdp,61.2939415702446
XT,Upper middle income,1987,wb_services_pct_gdp,41.7767090977683
XT,Upper middle income,1988,wb_services_pct_gdp,43.3594755810624
XT,Upper middle income,1989,wb_services_pct_gdp,44.2892712918367
XT,Upper middle income,1990,wb_services_pct_gdp,45.3424052398387
XT,Upper middle income,1991,wb_services_pct_gdp,48.5242596582759
XT,Upper middle income,1992,wb_services_pct_gdp,50.9206110411159
XT,Upper middle income,1993,wb_services_pct_gdp,51.9846192054154
XT,Upper middle income,1994,wb_services_pct_gdp,49.7859458700963
XT,Upper middle income,1995,wb_services_pct_gdp,49.2674516752703
XT,Upper middle income,1996,wb_services_pct_gdp,49.6173630990376
XT,Upper middle income,1997,wb_services_pct_gdp,50.0668865879374
XT,Upper middle income,1998,wb_services_pct_gdp,51.1190374999549
XT,Upper middle income,1999,wb_services_pct_gdp,50.479334550662
XT,Upper middle income,2000,wb_services_pct_gdp,50.1289141881354
XT,Upper middle income,2001,wb_services_pct_gdp,51.0202154881617
XT,Upper middle income,2002,wb_services_pct_gdp,50.3365281588322
XT,Upper middle income,2003,wb_services_pct_gdp,50.1918473944454
XT,Upper middle income,2004,wb_services_pct_gdp,49.3276491141437
XT,Upper middle income,2005,wb_services_pct_gdp,49.3859775705817
XT,Upper middle income,2006,wb_services_pct_gdp,49.3662082051882
XT,Upper middle income,2007,wb_services_pct_gdp,49.6813116790205
XT,Upper middle income,2008,wb_services_pct_gdp,48.9803181753852
XT,Upper middle income,2009,wb_services_pct_gdp,50.5715814300748
XT,Upper middle income,2010,wb_services_pct_gdp,49.9858629504551
XT,Upper middle income,2011,wb_services_pct_gdp,49.5359378017084
XT,Upper middle income,2012,wb_services_pct_gdp,50.1354182402371
XT,Upper middle income,2013,wb_services_pct_gdp,51.0249195492381
XT,Upper middle income,2014,wb_services_pct_gdp,51.952482793914
XT,Upper middle income,2015,wb_services_pct_gdp,53.6789030280522
XT,Upper middle income,2016,wb_services_pct_gdp,54.5722254281026
XT,Upper middle income,2017,wb_services_pct_gdp,54.6601590713713
XT,Upper middle income,2018,wb_services_pct_gdp,54.695651033769
XT,Upper middle income,2019,wb_services_pct_gdp,55.575420057401
XT,Upper middle income,2020,wb_services_pct_gdp,55.7051822007908
XT,Upper middle income,2021,wb_services_pct_gdp,54.2961222959948
XT,Upper middle income,2022,wb_services_pct_gdp,54.0952134734376
XT,Upper middle income,2023,wb_services_pct_gdp,55.512382510418
XT,Upper middle income,2024,wb_services_pct_gdp,56.1415928020643
XT,Upper middle income,2025,wb_services_pct_gdp,56.9377126184131
ARM,Armenia,1990,wb_trade_pct_gdp,81.3357185450209
ARM,Armenia,1991,wb_trade_pct_gdp,100.865855188857
ARM,Armenia,1992,wb_trade_pct_gdp,101.076759405526
ARM,Armenia,1993,wb_trade_pct_gdp,107.973146280234
ARM,Armenia,1994,wb_trade_pct_gdp,112.429364602262
ARM,Armenia,1995,wb_trade_pct_gdp,86.1148570667578
ARM,Armenia,1996,wb_trade_pct_gdp,79.2295601199241
ARM,Armenia,1997,wb_trade_pct_gdp,78.5477450545048
ARM,Armenia,1998,wb_trade_pct_gdp,71.8424518815414
ARM,Armenia,1999,wb_trade_pct_gdp,70.5604791440404
ARM,Armenia,2000,wb_trade_pct_gdp,72.2333302273367
ARM,Armenia,2001,wb_trade_pct_gdp,69.8642663925336
ARM,Armenia,2002,wb_trade_pct_gdp,73.9845018432309
ARM,Armenia,2003,wb_trade_pct_gdp,80.0513676022426
ARM,Armenia,2004,wb_trade_pct_gdp,73.0706339919371
ARM,Armenia,2005,wb_trade_pct_gdp,70.1397385835334
ARM,Armenia,2006,wb_trade_pct_gdp,61.0301379818566
ARM,Armenia,2007,wb_trade_pct_gdp,56.9750470853147
ARM,Armenia,2008,wb_trade_pct_gdp,54.5423279613666
ARM,Armenia,2009,wb_trade_pct_gdp,57.2742357441995
ARM,Armenia,2010,wb_trade_pct_gdp,64.642975973633
ARM,Armenia,2011,wb_trade_pct_gdp,69.4355736620453
ARM,Armenia,2012,wb_trade_pct_gdp,75.9616759606704
ARM,Armenia,2013,wb_trade_pct_gdp,77.5550481598824
ARM,Armenia,2014,wb_trade_pct_gdp,75.778866962639
ARM,Armenia,2015,wb_trade_pct_gdp,71.6820743427575
ARM,Armenia,2016,wb_trade_pct_gdp,76.0779674593548
ARM,Armenia,2017,wb_trade_pct_gdp,87.202376539837
ARM,Armenia,2018,wb_trade_pct_gdp,92.473107021212
ARM,Armenia,2019,wb_trade_pct_gdp,97.847004865327
ARM,Armenia,2020,wb_trade_pct_gdp,70.1213571368789
ARM,Armenia,2021,wb_trade_pct_gdp,79.2489057647112
ARM,Armenia,2022,wb_trade_pct_gdp,103.878629213508
ARM,Armenia,2023,wb_trade_pct_gdp,123.418750077627
ARM,Armenia,2024,wb_trade_pct_gdp,150.064726588742
ARM,Armenia,2025,wb_trade_pct_gdp,101.705936395702
AZE,Azerbaijan,1990,wb_trade_pct_gdp,83.0832196452933
AZE,Azerbaijan,1991,wb_trade_pct_gdp,86.8637724550898
AZE,Azerbaijan,1992,wb_trade_pct_gdp,140.799983402834
AZE,Azerbaijan,1993,wb_trade_pct_gdp,133.490445859873
AZE,Azerbaijan,1994,wb_trade_pct_gdp,55.3493194555644
AZE,Azerbaijan,1995,wb_trade_pct_gdp,85.8937107507733
AZE,Azerbaijan,1996,wb_trade_pct_gdp,80.8497401741931
AZE,Azerbaijan,1997,wb_trade_pct_gdp,82.0789665326283
AZE,Azerbaijan,1998,wb_trade_pct_gdp,77.2278091030634
AZE,Azerbaijan,1999,wb_trade_pct_gdp,69.8259648751026
AZE,Azerbaijan,2000,wb_trade_pct_gdp,78.5485682796041
AZE,Azerbaijan,2001,wb_trade_pct_gdp,78.8151854917601
AZE,Azerbaijan,2002,wb_trade_pct_gdp,92.8181443298969
AZE,Azerbaijan,2003,wb_trade_pct_gdp,107.551948506262
AZE,Azerbaijan,2004,wb_trade_pct_gdp,121.507115894117
AZE,Azerbaijan,2005,wb_trade_pct_gdp,115.841884607706
AZE,Azerbaijan,2006,wb_trade_pct_gdp,105.262399846369
AZE,Azerbaijan,2007,wb_trade_pct_gdp,96.6418081486575
AZE,Azerbaijan,2008,wb_trade_pct_gdp,89.2428968637573
AZE,Azerbaijan,2009,wb_trade_pct_gdp,74.7440416836369
AZE,Azerbaijan,2010,wb_trade_pct_gdp,74.9859884610856
AZE,Azerbaijan,2011,wb_trade_pct_gdp,80.5080450059522
AZE,Azerbaijan,2012,wb_trade_pct_gdp,78.263069540422
AZE,Azerbaijan,2013,wb_trade_pct_gdp,74.6758447629851
AZE,Azerbaijan,2014,wb_trade_pct_gdp,69.4832251953347
AZE,Azerbaijan,2015,wb_trade_pct_gdp,72.6015079073189
AZE,Azerbaijan,2016,wb_trade_pct_gdp,90.0773187345677
AZE,Azerbaijan,2017,wb_trade_pct_gdp,90.4023156823216
AZE,Azerbaijan,2018,wb_trade_pct_gdp,91.6725765369825
AZE,Azerbaijan,2019,wb_trade_pct_gdp,85.8181454084561
AZE,Azerbaijan,2020,wb_trade_pct_gdp,72.0178676487811
AZE,Azerbaijan,2021,wb_trade_pct_gdp,76.286865687015
AZE,Azerbaijan,2022,wb_trade_pct_gdp,86.9822732541779
AZE,Azerbaijan,2023,wb_trade_pct_gdp,83.5358861156321
AZE,Azerbaijan,2024,wb_trade_pct_gdp,82.5675246316515
AZE,Azerbaijan,2025,wb_trade_pct_gdp,79.8295815452306
ECS,Europe & Central Asia,1987,wb_trade_pct_gdp,50.9497001361976
ECS,Europe & Central Asia,1988,wb_trade_pct_gdp,51.6756446247456
ECS,Europe & Central Asia,1989,wb_trade_pct_gdp,53.2380896233831
ECS,Europe & Central Asia,1990,wb_trade_pct_gdp,52.0431251134248
ECS,Europe & Central Asia,1991,wb_trade_pct_gdp,50.70199733403
ECS,Europe & Central Asia,1992,wb_trade_pct_gdp,58.6958830502032
ECS,Europe & Central Asia,1993,wb_trade_pct_gdp,54.3656832642414
ECS,Europe & Central Asia,1994,wb_trade_pct_gdp,55.3077413719855
ECS,Europe & Central Asia,1995,wb_trade_pct_gdp,56.877217341873
ECS,Europe & Central Asia,1996,wb_trade_pct_gdp,57.1454636427566
ECS,Europe & Central Asia,1997,wb_trade_pct_gdp,60.1455364429506
ECS,Europe & Central Asia,1998,wb_trade_pct_gdp,61.225751845557
ECS,Europe & Central Asia,1999,wb_trade_pct_gdp,62.8742483292944
ECS,Europe & Central Asia,2000,wb_trade_pct_gdp,69.1371846013986
ECS,Europe & Central Asia,2001,wb_trade_pct_gdp,68.1600759247844
ECS,Europe & Central Asia,2002,wb_trade_pct_gdp,65.9864516798915
ECS,Europe & Central Asia,2003,wb_trade_pct_gdp,65.0641336172238
ECS,Europe & Central Asia,2004,wb_trade_pct_gdp,67.4371421154801
ECS,Europe & Central Asia,2005,wb_trade_pct_gdp,69.8070580544957
ECS,Europe & Central Asia,2006,wb_trade_pct_gdp,73.3067316403161
ECS,Europe & Central Asia,2007,wb_trade_pct_gdp,73.9907599415422
ECS,Europe & Central Asia,2008,wb_trade_pct_gdp,75.6648910968793
ECS,Europe & Central Asia,2009,wb_trade_pct_gdp,67.2699924595909
ECS,Europe & Central Asia,2010,wb_trade_pct_gdp,73.4666413574285
ECS,Europe & Central Asia,2011,wb_trade_pct_gdp,78.0378700117278
ECS,Europe & Central Asia,2012,wb_trade_pct_gdp,78.8311312029271
ECS,Europe & Central Asia,2013,wb_trade_pct_gdp,78.4783811592383
ECS,Europe & Central Asia,2014,wb_trade_pct_gdp,78.2842685472163
ECS,Europe & Central Asia,2015,wb_trade_pct_gdp,78.6789943100016
ECS,Europe & Central Asia,2016,wb_trade_pct_gdp,78.3753533735528
ECS,Europe & Central Asia,2017,wb_trade_pct_gdp,81.1416996166471
ECS,Europe & Central Asia,2018,wb_trade_pct_gdp,83.3239056919053
ECS,Europe & Central Asia,2019,wb_trade_pct_gdp,83.1535716756117
ECS,Europe & Central Asia,2020,wb_trade_pct_gdp,77.0551056464571
ECS,Europe & Central Asia,2021,wb_trade_pct_gdp,83.185632647397
ECS,Europe & Central Asia,2022,wb_trade_pct_gdp,93.4423112505241
ECS,Europe & Central Asia,2023,wb_trade_pct_gdp,86.1529497756613
ECS,Europe & Central Asia,2024,wb_trade_pct_gdp,82.8433175700461
ECS,Europe & Central Asia,2025,wb_trade_pct_gdp,81.8204655273109
GEO,Georgia,1987,wb_trade_pct_gdp,82.2958430048533
GEO,Georgia,1988,wb_trade_pct_gdp,88.6041439476554
GEO,Georgia,1989,wb_trade_pct_gdp,87.7804096419117
GEO,Georgia,1990,wb_trade_pct_gdp,85.5271949752773
GEO,Georgia,1991,wb_trade_pct_gdp,59.1623036649215
GEO,Georgia,1992,wb_trade_pct_gdp,101.943699731903
GEO,Georgia,1993,wb_trade_pct_gdp,118.638889058298
GEO,Georgia,1994,wb_trade_pct_gdp,166.902615538069
GEO,Georgia,1995,wb_trade_pct_gdp,67.8286788091539
GEO,Georgia,1996,wb_trade_pct_gdp,45.6965490500194
GEO,Georgia,1997,wb_trade_pct_gdp,57.7530659289995
GEO,Georgia,1998,wb_trade_pct_gdp,53.5666693215985
GEO,Georgia,1999,wb_trade_pct_gdp,57.1518743274472
GEO,Georgia,2000,wb_trade_pct_gdp,62.6613956413099
GEO,Georgia,2001,wb_trade_pct_gdp,63.3299250824094
GEO,Georgia,2002,wb_trade_pct_gdp,71.6291255364807
GEO,Georgia,2003,wb_trade_pct_gdp,77.6333765369391
GEO,Georgia,2004,wb_trade_pct_gdp,79.0407459055607
GEO,Georgia,2005,wb_trade_pct_gdp,84.5295975354749
GEO,Georgia,2006,wb_trade_pct_gdp,89.125374368197
GEO,Georgia,2007,wb_trade_pct_gdp,88.3934140686603
GEO,Georgia,2008,wb_trade_pct_gdp,86.2982243681487
GEO,Georgia,2009,wb_trade_pct_gdp,78.1930390303569
GEO,Georgia,2010,wb_trade_pct_gdp,81.6733870603639
GEO,Georgia,2011,wb_trade_pct_gdp,85.4659350932986
GEO,Georgia,2012,wb_trade_pct_gdp,89.7348800946338
GEO,Georgia,2013,wb_trade_pct_gdp,93.8139137895532
GEO,Georgia,2014,wb_trade_pct_gdp,94.9506979383393
GEO,Georgia,2015,wb_trade_pct_gdp,97.0163115086257
GEO,Georgia,2016,wb_trade_pct_gdp,94.9262528383443
GEO,Georgia,2017,wb_trade_pct_gdp,102.584277697146
GEO,Georgia,2018,wb_trade_pct_gdp,109.847740556266
GEO,Georgia,2019,wb_trade_pct_gdp,117.810080239714
GEO,Georgia,2020,wb_trade_pct_gdp,92.8910841752194
GEO,Georgia,2021,wb_trade_pct_gdp,101.60090754891
GEO,Georgia,2022,wb_trade_pct_gdp,114.695437688718
GEO,Georgia,2023,wb_trade_pct_gdp,107.151179161579
GEO,Georgia,2024,wb_trade_pct_gdp,103.456471463024
GEO,Georgia,2025,wb_trade_pct_gdp,100.627997400937
KAZ,Kazakhstan,1992,wb_trade_pct_gdp,149.336641791045
KAZ,Kazakhstan,1993,wb_trade_pct_gdp,84.634521855277
KAZ,Kazakhstan,1994,wb_trade_pct_gdp,84.1817390088715
KAZ,Kazakhstan,1995,wb_trade_pct_gdp,82.522407044045
KAZ,Kazakhstan,1996,wb_trade_pct_gdp,71.2735732877076
KAZ,Kazakhstan,1997,wb_trade_pct_gdp,72.3595506961877
KAZ,Kazakhstan,1998,wb_trade_pct_gdp,65.2041827454395
KAZ,Kazakhstan,1999,wb_trade_pct_gdp,82.579151355772
KAZ,Kazakhstan,2000,wb_trade_pct_gdp,105.699692634521
KAZ,Kazakhstan,2001,wb_trade_pct_gdp,92.8490685069707
KAZ,Kazakhstan,2002,wb_trade_pct_gdp,94.03168564978
KAZ,Kazakhstan,2003,wb_trade_pct_gdp,91.4633324250457
KAZ,Kazakhstan,2004,wb_trade_pct_gdp,96.4091997009336
KAZ,Kazakhstan,2005,wb_trade_pct_gdp,97.7625030243024
KAZ,Kazakhstan,2006,wb_trade_pct_gdp,91.4535267973373
KAZ,Kazakhstan,2007,wb_trade_pct_gdp,92.1616330969975
KAZ,Kazakhstan,2008,wb_trade_pct_gdp,94.2948046483658
KAZ,Kazakhstan,2009,wb_trade_pct_gdp,75.7660674636533
KAZ,Kazakhstan,2010,wb_trade_pct_gdp,74.1382658957842
KAZ,Kazakhstan,2011,wb_trade_pct_gdp,73.1178570509129
KAZ,Kazakhstan,2012,wb_trade_pct_gdp,73.7237324891671
KAZ,Kazakhstan,2013,wb_trade_pct_gdp,65.4076093299538
KAZ,Kazakhstan,2014,wb_trade_pct_gdp,64.9720346513507
KAZ,Kazakhstan,2015,wb_trade_pct_gdp,53.0497288072652
KAZ,Kazakhstan,2016,wb_trade_pct_gdp,60.3115965864153
KAZ,Kazakhstan,2017,wb_trade_pct_gdp,56.825387935971
KAZ,Kazakhstan,2018,wb_trade_pct_gdp,63.5279565118188
KAZ,Kazakhstan,2019,wb_trade_pct_gdp,64.8586165517565
KAZ,Kazakhstan,2020,wb_trade_pct_gdp,57.0264423660931
KAZ,Kazakhstan,2021,wb_trade_pct_gdp,58.6686085779207
KAZ,Kazakhstan,2022,wb_trade_pct_gdp,68.3343147415612
KAZ,Kazakhstan,2023,wb_trade_pct_gdp,62.3342837675021
KAZ,Kazakhstan,2024,wb_trade_pct_gdp,57.1613431963924
KGZ,Kyrgyz Republic,1990,wb_trade_pct_gdp,78.7383177570093
KGZ,Kyrgyz Republic,1991,wb_trade_pct_gdp,72.0
KGZ,Kyrgyz Republic,1992,wb_trade_pct_gdp,83.1916902738432
KGZ,Kyrgyz Republic,1993,wb_trade_pct_gdp,74.7063327544027
KGZ,Kyrgyz Republic,1994,wb_trade_pct_gdp,73.8302050053248
KGZ,Kyrgyz Republic,1995,wb_trade_pct_gdp,71.8242686635574
KGZ,Kyrgyz Republic,1996,wb_trade_pct_gdp,87.2957738051993
KGZ,Kyrgyz Republic,1997,wb_trade_pct_gdp,84.4771343003418
KGZ,Kyrgyz Republic,1998,wb_trade_pct_gdp,94.5092945286033
KGZ,Kyrgyz Republic,1999,wb_trade_pct_gdp,99.1994912194321
KGZ,Kyrgyz Republic,2000,wb_trade_pct_gdp,89.4309316270309
KGZ,Kyrgyz Republic,2001,wb_trade_pct_gdp,73.7469123687968
KGZ,Kyrgyz Republic,2002,wb_trade_pct_gdp,82.9207290212667
KGZ,Kyrgyz Republic,2003,wb_trade_pct_gdp,83.9327828079655
KGZ,Kyrgyz Republic,2004,wb_trade_pct_gdp,93.8157321567302
KGZ,Kyrgyz Republic,2005,wb_trade_pct_gdp,95.0840046303638
KGZ,Kyrgyz Republic,2006,wb_trade_pct_gdp,120.749981766273
KGZ,Kyrgyz Republic,2007,wb_trade_pct_gdp,137.058387838563
KGZ,Kyrgyz Republic,2008,wb_trade_pct_gdp,146.106082230139
KGZ,Kyrgyz Republic,2009,wb_trade_pct_gdp,133.379153167955
KGZ,Kyrgyz Republic,2010,wb_trade_pct_gdp,133.232850492333
KGZ,Kyrgyz Republic,2011,wb_trade_pct_gdp,136.179840420492
KGZ,Kyrgyz Republic,2012,wb_trade_pct_gdp,139.675937840309
KGZ,Kyrgyz Republic,2013,wb_trade_pct_gdp,134.026785643922
KGZ,Kyrgyz Republic,2014,wb_trade_pct_gdp,125.126181075833
KGZ,Kyrgyz Republic,2015,wb_trade_pct_gdp,110.961570714633
KGZ,Kyrgyz Republic,2016,wb_trade_pct_gdp,105.823574017406
KGZ,Kyrgyz Republic,2017,wb_trade_pct_gdp,100.617445813258
KGZ,Kyrgyz Republic,2018,wb_trade_pct_gdp,98.8755599017608
KGZ,Kyrgyz Republic,2019,wb_trade_pct_gdp,94.4302823542939
KGZ,Kyrgyz Republic,2020,wb_trade_pct_gdp,78.9922784304738
KGZ,Kyrgyz Republic,2021,wb_trade_pct_gdp,100.261376861569
KGZ,Kyrgyz Republic,2022,wb_trade_pct_gdp,133.786718048766
KGZ,Kyrgyz Republic,2023,wb_trade_pct_gdp,132.373403912336
KGZ,Kyrgyz Republic,2024,wb_trade_pct_gdp,130.100743509033
KGZ,Kyrgyz Republic,2025,wb_trade_pct_gdp,92.4074476416439
MNG,Mongolia,1987,wb_trade_pct_gdp,103.065555774643
MNG,Mongolia,1988,wb_trade_pct_gdp,94.47149764016
MNG,Mongolia,1989,wb_trade_pct_gdp,76.3641464792647
MNG,Mongolia,1990,wb_trade_pct_gdp,58.6218949695306
MNG,Mongolia,1991,wb_trade_pct_gdp,136.6037874065
MNG,Mongolia,1992,wb_trade_pct_gdp,65.2956469006826
MNG,Mongolia,1993,wb_trade_pct_gdp,129.742059708532
MNG,Mongolia,1994,wb_trade_pct_gdp,99.1572950855527
MNG,Mongolia,1995,wb_trade_pct_gdp,82.1036587592106
MNG,Mongolia,1996,wb_trade_pct_gdp,77.9740756901741
MNG,Mongolia,1997,wb_trade_pct_gdp,99.9914490021753
MNG,Mongolia,1998,wb_trade_pct_gdp,107.351210779428
MNG,Mongolia,1999,wb_trade_pct_gdp,112.241338547745
MNG,Mongolia,2000,wb_trade_pct_gdp,121.886609754208
MNG,Mongolia,2001,wb_trade_pct_gdp,115.81832687888
MNG,Mongolia,2002,wb_trade_pct_gdp,118.517253113943
MNG,Mongolia,2003,wb_trade_pct_gdp,120.299393514881
MNG,Mongolia,2004,wb_trade_pct_gdp,131.329318233554
MNG,Mongolia,2005,wb_trade_pct_gdp,122.381459889773
MNG,Mongolia,2006,wb_trade_pct_gdp,112.929983096983
MNG,Mongolia,2007,wb_trade_pct_gdp,117.880426425377
MNG,Mongolia,2008,wb_trade_pct_gdp,121.198013401183
MNG,Mongolia,2009,wb_trade_pct_gdp,107.813757166177
MNG,Mongolia,2010,wb_trade_pct_gdp,103.350031656557
MNG,Mongolia,2011,wb_trade_pct_gdp,126.999228633482
MNG,Mongolia,2012,wb_trade_pct_gdp,109.588564338415
MNG,Mongolia,2013,wb_trade_pct_gdp,100.311989662943
MNG,Mongolia,2014,wb_trade_pct_gdp,109.322311877187
MNG,Mongolia,2015,wb_trade_pct_gdp,89.653663477814
MNG,Mongolia,2016,wb_trade_pct_gdp,101.055237224997
MNG,Mongolia,2017,wb_trade_pct_gdp,115.932901867963
MNG,Mongolia,2018,wb_trade_pct_gdp,126.355873241513
MNG,Mongolia,2019,wb_trade_pct_gdp,124.396514621165
MNG,Mongolia,2020,wb_trade_pct_gdp,112.838647629317
MNG,Mongolia,2021,wb_trade_pct_gdp,119.098078437771
MNG,Mongolia,2022,wb_trade_pct_gdp,136.327929944516
MNG,Mongolia,2023,wb_trade_pct_gdp,142.864246599181
MNG,Mongolia,2024,wb_trade_pct_gdp,138.448379141249
MNG,Mongolia,2025,wb_trade_pct_gdp,130.707440813275
TJK,Tajikistan,1993,wb_trade_pct_gdp,70.196305829774
TJK,Tajikistan,1994,wb_trade_pct_gdp,86.3658415841584
TJK,Tajikistan,1995,wb_trade_pct_gdp,137.515902578797
TJK,Tajikistan,1996,wb_trade_pct_gdp,156.670590142672
TJK,Tajikistan,1997,wb_trade_pct_gdp,181.590119644925
TJK,Tajikistan,1998,wb_trade_pct_gdp,106.89554276797
TJK,Tajikistan,1999,wb_trade_pct_gdp,133.60594795539
TJK,Tajikistan,2000,wb_trade_pct_gdp,175.351206134214
TJK,Tajikistan,2001,wb_trade_pct_gdp,146.657305562056
TJK,Tajikistan,2002,wb_trade_pct_gdp,138.6839688324
TJK,Tajikistan,2003,wb_trade_pct_gdp,137.669592976856
TJK,Tajikistan,2004,wb_trade_pct_gdp,128.338170674363
TJK,Tajikistan,2005,wb_trade_pct_gdp,126.994699303416
TJK,Tajikistan,2006,wb_trade_pct_gdp,141.153912074728
TJK,Tajikistan,2007,wb_trade_pct_gdp,145.528099715723
TJK,Tajikistan,2008,wb_trade_pct_gdp,114.480149093579
TJK,Tajikistan,2009,wb_trade_pct_gdp,85.9781370434108
TJK,Tajikistan,2010,wb_trade_pct_gdp,73.493044509473
TJK,Tajikistan,2011,wb_trade_pct_gdp,79.7842446734572
TJK,Tajikistan,2012,wb_trade_pct_gdp,83.1759445401528
TJK,Tajikistan,2013,wb_trade_pct_gdp,71.7437428882341
TJK,Tajikistan,2014,wb_trade_pct_gdp,54.6071596053705
TJK,Tajikistan,2015,wb_trade_pct_gdp,49.9378160689555
TJK,Tajikistan,2016,wb_trade_pct_gdp,55.7246446907573
TJK,Tajikistan,2017,wb_trade_pct_gdp,53.7861046057767
TJK,Tajikistan,2018,wb_trade_pct_gdp,55.8461114113303
TJK,Tajikistan,2019,wb_trade_pct_gdp,56.0450159145896
TJK,Tajikistan,2020,wb_trade_pct_gdp,55.7491040194954
TJK,Tajikistan,2021,wb_trade_pct_gdp,71.825937435383
TJK,Tajikistan,2022,wb_trade_pct_gdp,65.4355115893577
TJK,Tajikistan,2023,wb_trade_pct_gdp,65.6347010367354
TJK,Tajikistan,2024,wb_trade_pct_gdp,59.0899316296485
TKM,Turkmenistan,1991,wb_trade_pct_gdp,66.1016949152542
TKM,Turkmenistan,1992,wb_trade_pct_gdp,105.3125
TKM,Turkmenistan,1993,wb_trade_pct_gdp,146.067864271457
TKM,Turkmenistan,1994,wb_trade_pct_gdp,170.258027522936
TKM,Turkmenistan,1995,wb_trade_pct_gdp,168.179524539877
TKM,Turkmenistan,1996,wb_trade_pct_gdp,152.516129032258
TKM,Turkmenistan,1997,wb_trade_pct_gdp,103.690369036904
TKM,Turkmenistan,1998,wb_trade_pct_gdp,96.3201143265452
TKM,Turkmenistan,1999,wb_trade_pct_gdp,90.4761904761905
TKM,Turkmenistan,2000,wb_trade_pct_gdp,103.580317825005
TKM,Turkmenistan,2001,wb_trade_pct_gdp,81.9858549438358
TKM,Turkmenistan,2002,wb_trade_pct_gdp,63.7046861184792
TKM,Turkmenistan,2003,wb_trade_pct_gdp,63.201750694386
TKM,Turkmenistan,2004,wb_trade_pct_gdp,59.3199674884855
TKM,Turkmenistan,2005,wb_trade_pct_gdp,53.9723419741336
TKM,Turkmenistan,2006,wb_trade_pct_gdp,52.4473010022922
TKM,Turkmenistan,2007,wb_trade_pct_gdp,56.2777777777778
TKM,Turkmenistan,2008,wb_trade_pct_gdp,94.7240751970891
TKM,Turkmenistan,2009,wb_trade_pct_gdp,104.95217927132
TKM,Turkmenistan,2010,wb_trade_pct_gdp,97.2464440197632
TKM,Turkmenistan,2011,wb_trade_pct_gdp,118.095536458021
TKM,Turkmenistan,2012,wb_trade_pct_gdp,119.176960326488
TKM,Turkmenistan,2013,wb_trade_pct_gdp,109.48116584462
TKM,Turkmenistan,2014,wb_trade_pct_gdp,102.760907500564
TKM,Turkmenistan,2015,wb_trade_pct_gdp,73.2280034158293
TKM,Turkmenistan,2016,wb_trade_pct_gdp,58.2932324852085
TKM,Turkmenistan,2017,wb_trade_pct_gdp,47.3983995269018
TKM,Turkmenistan,2018,wb_trade_pct_gdp,41.6378669600992
TKM,Turkmenistan,2019,wb_trade_pct_gdp,37.6560517756178
TKM,Turkmenistan,2020,wb_trade_pct_gdp,29.9541700399769
TKM,Turkmenistan,2021,wb_trade_pct_gdp,33.4124528498008
TKM,Turkmenistan,2022,wb_trade_pct_gdp,37.8107225896924
TKM,Turkmenistan,2023,wb_trade_pct_gdp,34.1794035540188
TKM,Turkmenistan,2024,wb_trade_pct_gdp,28.7345237411748
TKM,Turkmenistan,2025,wb_trade_pct_gdp,28.1660712907997
UZB,Uzbekistan,1997,wb_trade_pct_gdp,57.1985913618542
UZB,Uzbekistan,1998,wb_trade_pct_gdp,45.4179547762326
UZB,Uzbekistan,1999,wb_trade_pct_gdp,36.6188588125863
UZB,Uzbekistan,2000,wb_trade_pct_gdp,44.0540299791129
UZB,Uzbekistan,2001,wb_trade_pct_gdp,56.776277587152
UZB,Uzbekistan,2002,wb_trade_pct_gdp,58.954524710746
UZB,Uzbekistan,2003,wb_trade_pct_gdp,70.4592746850874
UZB,Uzbekistan,2004,wb_trade_pct_gdp,76.5956691950086
UZB,Uzbekistan,2005,wb_trade_pct_gdp,69.5252584247083
UZB,Uzbekistan,2006,wb_trade_pct_gdp,67.4712921717973
UZB,Uzbekistan,2007,wb_trade_pct_gdp,74.4141929762327
UZB,Uzbekistan,2008,wb_trade_pct_gdp,79.7479920348578
UZB,Uzbekistan,2009,wb_trade_pct_gdp,68.673142199791
UZB,Uzbekistan,2010,wb_trade_pct_gdp,44.1432918113775
UZB,Uzbekistan,2011,wb_trade_pct_gdp,44.3313973754476
UZB,Uzbekistan,2012,wb_trade_pct_gdp,39.6570271654711
UZB,Uzbekistan,2013,wb_trade_pct_gdp,37.5113183619111
UZB,Uzbekistan,2014,wb_trade_pct_gdp,32.1925400076306
UZB,Uzbekistan,2015,wb_trade_pct_gdp,27.1724545801626
UZB,Uzbekistan,2016,wb_trade_pct_gdp,25.6926479568511
UZB,Uzbekistan,2017,wb_trade_pct_gdp,41.0443062055515
UZB,Uzbekistan,2018,wb_trade_pct_gdp,61.395110017578
UZB,Uzbekistan,2019,wb_trade_pct_gdp,62.3003782302878
UZB,Uzbekistan,2020,wb_trade_pct_gdp,53.1070769988551
UZB,Uzbekistan,2021,wb_trade_pct_gdp,54.7477822134912
UZB,Uzbekistan,2022,wb_trade_pct_gdp,60.0483582576289
UZB,Uzbekistan,2023,wb_trade_pct_gdp,63.102194304905
UZB,Uzbekistan,2024,wb_trade_pct_gdp,57.5295432552977
UZB,Uzbekistan,2025,wb_trade_pct_gdp,57.4005392040216
VNM,Viet Nam,1987,wb_trade_pct_gdp,20.7986065749129
VNM,Viet Nam,1988,wb_trade_pct_gdp,18.9504870869001
VNM,Viet Nam,1989,wb_trade_pct_gdp,57.9044621549852
VNM,Viet Nam,1990,wb_trade_pct_gdp,81.315697940889
VNM,Viet Nam,1991,wb_trade_pct_gdp,66.9469523941752
VNM,Viet Nam,1992,wb_trade_pct_gdp,73.5768851264792
VNM,Viet Nam,1993,wb_trade_pct_gdp,66.2122671512498
VNM,Viet Nam,1994,wb_trade_pct_gdp,77.4731979426888
VNM,Viet Nam,1995,wb_trade_pct_gdp,74.7212659206088
VNM,Viet Nam,1996,wb_trade_pct_gdp,92.7057468018939
VNM,Viet Nam,1997,wb_trade_pct_gdp,94.3444840684516
VNM,Viet Nam,1998,wb_trade_pct_gdp,97.0012485118429
VNM,Viet Nam,1999,wb_trade_pct_gdp,102.787406603958
VNM,Viet Nam,2000,wb_trade_pct_gdp,111.417094419512
VNM,Viet Nam,2001,wb_trade_pct_gdp,111.955937998525
VNM,Viet Nam,2002,wb_trade_pct_gdp,116.696868652499
VNM,Viet Nam,2003,wb_trade_pct_gdp,124.327954439125
VNM,Viet Nam,2004,wb_trade_pct_gdp,133.016497868747
VNM,Viet Nam,2005,wb_trade_pct_gdp,130.714846045026
VNM,Viet Nam,2006,wb_trade_pct_gdp,138.313621869598
VNM,Viet Nam,2007,wb_trade_pct_gdp,154.605383996554
VNM,Viet Nam,2008,wb_trade_pct_gdp,154.317479627758
VNM,Viet Nam,2009,wb_trade_pct_gdp,134.706317721758
VNM,Viet Nam,2010,wb_trade_pct_gdp,113.977687539714
VNM,Viet Nam,2011,wb_trade_pct_gdp,125.260577940829
VNM,Viet Nam,2012,wb_trade_pct_gdp,123.224116745985
VNM,Viet Nam,2013,wb_trade_pct_gdp,130.846354866743
VNM,Viet Nam,2014,wb_trade_pct_gdp,135.410521454361
VNM,Viet Nam,2015,wb_trade_pct_gdp,144.914228195237
VNM,Viet Nam,2016,wb_trade_pct_gdp,145.409507973118
VNM,Viet Nam,2017,wb_trade_pct_gdp,160.98008365887
VNM,Viet Nam,2018,wb_trade_pct_gdp,164.663936775893
VNM,Viet Nam,2019,wb_trade_pct_gdp,164.704215031408
VNM,Viet Nam,2020,wb_trade_pct_gdp,163.245862814935
VNM,Viet Nam,2021,wb_trade_pct_gdp,186.675832836814
VNM,Viet Nam,2022,wb_trade_pct_gdp,183.153619147836
VNM,Viet Nam,2023,wb_trade_pct_gdp,164.995585455876
VNM,Viet Nam,2024,wb_trade_pct_gdp,173.885260216071
VNM,Viet Nam,2025,wb_trade_pct_gdp,190.336808817292
XN,Lower middle income,1987,wb_trade_pct_gdp,24.4840861204494
XN,Lower middle income,1988,wb_trade_pct_gdp,27.2543927602899
XN,Lower middle income,1989,wb_trade_pct_gdp,29.9949991618038
XN,Lower middle income,1990,wb_trade_pct_gdp,31.1260946996712
XN,Lower middle income,1991,wb_trade_pct_gdp,28.0063136375039
XN,Lower middle income,1992,wb_trade_pct_gdp,28.7485282087578
XN,Lower middle income,1993,wb_trade_pct_gdp,30.1158345791377
XN,Lower middle income,1994,wb_trade_pct_gdp,30.840761904109
XN,Lower middle income,1995,wb_trade_pct_gdp,33.2603701626034
XN,Lower middle income,1996,wb_trade_pct_gdp,31.9411631142659
XN,Lower middle income,1997,wb_trade_pct_gdp,32.6870098348349
XN,Lower middle income,1998,wb_trade_pct_gdp,32.2030253284621
XN,Lower middle income,1999,wb_trade_pct_gdp,32.2680104532856
XN,Lower middle income,2000,wb_trade_pct_gdp,33.8345221469262
XN,Lower middle income,2001,wb_trade_pct_gdp,34.0121289549832
XN,Lower middle income,2002,wb_trade_pct_gdp,37.2809473998748
XN,Lower middle income,2003,wb_trade_pct_gdp,38.4953251202267
XN,Lower middle income,2004,wb_trade_pct_gdp,44.0072570269861
XN,Lower middle income,2005,wb_trade_pct_gdp,47.3593580448406
XN,Lower middle income,2006,wb_trade_pct_gdp,49.1132883296206
XN,Lower middle income,2007,wb_trade_pct_gdp,50.7138035129469
XN,Lower middle income,2008,wb_trade_pct_gdp,56.5775443051557
XN,Lower middle income,2009,wb_trade_pct_gdp,49.2017375581339
XN,Lower middle income,2010,wb_trade_pct_gdp,49.8941102892745
XN,Lower middle income,2011,wb_trade_pct_gdp,54.2858292210222
XN,Lower middle income,2012,wb_trade_pct_gdp,56.9223335906943
XN,Lower middle income,2013,wb_trade_pct_gdp,55.5799859671636
XN,Lower middle income,2014,wb_trade_pct_gdp,52.0883258933213
XN,Lower middle income,2015,wb_trade_pct_gdp,46.597800939549
XN,Lower middle income,2016,wb_trade_pct_gdp,42.5712063241398
XN,Lower middle income,2017,wb_trade_pct_gdp,44.1673056630235
XN,Lower middle income,2018,wb_trade_pct_gdp,47.9517314784293
XN,Lower middle income,2019,wb_trade_pct_gdp,45.8112326255266
XN,Lower middle income,2020,wb_trade_pct_gdp,39.9162622541661
XN,Lower middle income,2021,wb_trade_pct_gdp,45.6335079744871
XN,Lower middle income,2022,wb_trade_pct_gdp,51.4189423309319
XN,Lower middle income,2023,wb_trade_pct_gdp,48.2387301003735
XN,Lower middle income,2024,wb_trade_pct_gdp,46.8434698071
XN,Lower middle income,2025,wb_trade_pct_gdp,46.5666127070388
XT,Upper middle income,1987,wb_trade_pct_gdp,29.3968991786833
XT,Upper middle income,1988,wb_trade_pct_gdp,33.6279712647458
XT,Upper middle income,1989,wb_trade_pct_gdp,31.7080690031557
XT,Upper middle income,1990,wb_trade_pct_gdp,32.1249544742637
XT,Upper middle income,1991,wb_trade_pct_gdp,33.0205847627638
XT,Upper middle income,1992,wb_trade_pct_gdp,36.9596860058972
XT,Upper middle income,1993,wb_trade_pct_gdp,39.2283281770442
XT,Upper middle income,1994,wb_trade_pct_gdp,40.1571839585319
XT,Upper middle income,1995,wb_trade_pct_gdp,40.2472401751556
XT,Upper middle income,1996,wb_trade_pct_gdp,40.0835487251975
XT,Upper middle income,1997,wb_trade_pct_gdp,42.3102119665719
XT,Upper middle income,1998,wb_trade_pct_gdp,43.4685007848029
XT,Upper middle income,1999,wb_trade_pct_gdp,43.380785522195
XT,Upper middle income,2000,wb_trade_pct_gdp,48.6708048315672
XT,Upper middle income,2001,wb_trade_pct_gdp,47.9789437411193
XT,Upper middle income,2002,wb_trade_pct_gdp,50.250045776496
XT,Upper middle income,2003,wb_trade_pct_gdp,55.4267543122948
XT,Upper middle income,2004,wb_trade_pct_gdp,60.6861828344415
XT,Upper middle income,2005,wb_trade_pct_gdp,62.0145576093913
XT,Upper middle income,2006,wb_trade_pct_gdp,62.717485417369
XT,Upper middle income,2007,wb_trade_pct_gdp,61.0270282387511
XT,Upper middle income,2008,wb_trade_pct_gdp,59.2905777730701
XT,Upper middle income,2009,wb_trade_pct_gdp,49.1065601365113
XT,Upper middle income,2010,wb_trade_pct_gdp,52.564851722336
XT,Upper middle income,2011,wb_trade_pct_gdp,53.9437605981235
XT,Upper middle income,2012,wb_trade_pct_gdp,52.5563590114725
XT,Upper middle income,2013,wb_trade_pct_gdp,51.1923965832213
XT,Upper middle income,2014,wb_trade_pct_gdp,49.9902543121874
XT,Upper middle income,2015,wb_trade_pct_gdp,46.634579040827
XT,Upper middle income,2016,wb_trade_pct_gdp,44.8357832133482
XT,Upper middle income,2017,wb_trade_pct_gdp,46.1583956079429
XT,Upper middle income,2018,wb_trade_pct_gdp,48.008530269726
XT,Upper middle income,2019,wb_trade_pct_gdp,46.2323771478939
XT,Upper middle income,2020,wb_trade_pct_gdp,44.1113027365394
XT,Upper middle income,2021,wb_trade_pct_gdp,49.1579063788983
XT,Upper middle income,2022,wb_trade_pct_gdp,52.272195392288
XT,Upper middle income,2023,wb_trade_pct_gdp,48.6021119364551
XT,Upper middle income,2024,wb_trade_pct_gdp,49.2616599675973
XT,Upper middle income,2025,wb_trade_pct_gdp,48.8968233184097
ARM,Armenia,1991,wb_unemployment_pct,1.774
ARM,Armenia,1992,wb_unemployment_pct,1.8
ARM,Armenia,1993,wb_unemployment_pct,5.3
ARM,Armenia,1994,wb_unemployment_pct,6.6
ARM,Armenia,1995,wb_unemployment_pct,6.7
ARM,Armenia,1996,wb_unemployment_pct,9.3
ARM,Armenia,1997,wb_unemployment_pct,10.8
ARM,Armenia,1998,wb_unemployment_pct,9.4
ARM,Armenia,1999,wb_unemployment_pct,11.2
ARM,Armenia,2000,wb_unemployment_pct,11.107
ARM,Armenia,2001,wb_unemployment_pct,11.012
ARM,Armenia,2002,wb_unemployment_pct,10.888
ARM,Armenia,2003,wb_unemployment_pct,10.769
ARM,Armenia,2004,wb_unemployment_pct,10.676
ARM,Armenia,2005,wb_unemployment_pct,10.584
ARM,Armenia,2006,wb_unemployment_pct,10.497
ARM,Armenia,2007,wb_unemployment_pct,10.394
ARM,Armenia,2008,wb_unemployment_pct,17.1
ARM,Armenia,2009,wb_unemployment_pct,19.295
ARM,Armenia,2010,wb_unemployment_pct,19.523
ARM,Armenia,2011,wb_unemployment_pct,18.884
ARM,Armenia,2012,wb_unemployment_pct,17.511
ARM,Armenia,2013,wb_unemployment_pct,16.576
ARM,Armenia,2014,wb_unemployment_pct,17.498
ARM,Armenia,2015,wb_unemployment_pct,18.261
ARM,Armenia,2016,wb_unemployment_pct,17.617
ARM,Armenia,2017,wb_unemployment_pct,17.704
ARM,Armenia,2018,wb_unemployment_pct,18.966
ARM,Armenia,2019,wb_unemployment_pct,18.304
ARM,Armenia,2020,wb_unemployment_pct,18.175
ARM,Armenia,2021,wb_unemployment_pct,15.469
ARM,Armenia,2022,wb_unemployment_pct,13.451
ARM,Armenia,2023,wb_unemployment_pct,12.405
ARM,Armenia,2024,wb_unemployment_pct,12.405
ARM,Armenia,2025,wb_unemployment_pct,12.871
AZE,Azerbaijan,1991,wb_unemployment_pct,0.9
AZE,Azerbaijan,1992,wb_unemployment_pct,1.8
AZE,Azerbaijan,1993,wb_unemployment_pct,4.5
AZE,Azerbaijan,1994,wb_unemployment_pct,6.3
AZE,Azerbaijan,1995,wb_unemployment_pct,7.2
AZE,Azerbaijan,1996,wb_unemployment_pct,8.1
AZE,Azerbaijan,1997,wb_unemployment_pct,9.1
AZE,Azerbaijan,1998,wb_unemployment_pct,10.0
AZE,Azerbaijan,1999,wb_unemployment_pct,10.9
AZE,Azerbaijan,2000,wb_unemployment_pct,11.78
AZE,Azerbaijan,2001,wb_unemployment_pct,10.91
AZE,Azerbaijan,2002,wb_unemployment_pct,10.04
AZE,Azerbaijan,2003,wb_unemployment_pct,9.17
AZE,Azerbaijan,2004,wb_unemployment_pct,7.99
AZE,Azerbaijan,2005,wb_unemployment_pct,7.26
AZE,Azerbaijan,2006,wb_unemployment_pct,6.62
AZE,Azerbaijan,2007,wb_unemployment_pct,6.33
AZE,Azerbaijan,2008,wb_unemployment_pct,5.86
AZE,Azerbaijan,2009,wb_unemployment_pct,5.74
AZE,Azerbaijan,2010,wb_unemployment_pct,5.63
AZE,Azerbaijan,2011,wb_unemployment_pct,5.42
AZE,Azerbaijan,2012,wb_unemployment_pct,5.19
AZE,Azerbaijan,2013,wb_unemployment_pct,4.97
AZE,Azerbaijan,2014,wb_unemployment_pct,4.91
AZE,Azerbaijan,2015,wb_unemployment_pct,4.96
AZE,Azerbaijan,2016,wb_unemployment_pct,5.0
AZE,Azerbaijan,2017,wb_unemployment_pct,5.0
AZE,Azerbaijan,2018,wb_unemployment_pct,4.9
AZE,Azerbaijan,2019,wb_unemployment_pct,5.0
AZE,Azerbaijan,2020,wb_unemployment_pct,7.24
AZE,Azerbaijan,2021,wb_unemployment_pct,6.04
AZE,Azerbaijan,2022,wb_unemployment_pct,5.65
AZE,Azerbaijan,2023,wb_unemployment_pct,5.64
AZE,Azerbaijan,2024,wb_unemployment_pct,5.648
AZE,Azerbaijan,2025,wb_unemployment_pct,5.457
ECS,Europe & Central Asia,1991,wb_unemployment_pct,6.89908680494163
ECS,Europe & Central Asia,1992,wb_unemployment_pct,7.50363987800311
ECS,Europe & Central Asia,1993,wb_unemployment_pct,8.65755617021955
ECS,Europe & Central Asia,1994,wb_unemployment_pct,9.65148359317699
ECS,Europe & Central Asia,1995,wb_unemployment_pct,9.9311190228704
ECS,Europe & Central Asia,1996,wb_unemployment_pct,10.2686228030506
ECS,Europe & Central Asia,1997,wb_unemployment_pct,10.5181612217563
ECS,Europe & Central Asia,1998,wb_unemployment_pct,10.6928774380072
ECS,Europe & Central Asia,1999,wb_unemployment_pct,10.5851773676979
ECS,Europe & Central Asia,2000,wb_unemployment_pct,9.68483091902418
ECS,Europe & Central Asia,2001,wb_unemployment_pct,9.0564200675213
ECS,Europe & Central Asia,2002,wb_unemployment_pct,9.07870920871455
ECS,Europe & Central Asia,2003,wb_unemployment_pct,9.11346744115473
ECS,Europe & Central Asia,2004,wb_unemployment_pct,9.05651425282142
ECS,Europe & Central Asia,2005,wb_unemployment_pct,8.7318165816003
ECS,Europe & Central Asia,2006,wb_unemployment_pct,8.17297527475334
ECS,Europe & Central Asia,2007,wb_unemployment_pct,7.24696438985174
ECS,Europe & Central Asia,2008,wb_unemployment_pct,7.16897078667497
ECS,Europe & Central Asia,2009,wb_unemployment_pct,9.05895187341576
ECS,Europe & Central Asia,2010,wb_unemployment_pct,9.11732766770857
ECS,Europe & Central Asia,2011,wb_unemployment_pct,8.8511592613399
ECS,Europe & Central Asia,2012,wb_unemployment_pct,9.07096034933149
ECS,Europe & Central Asia,2013,wb_unemployment_pct,9.26791651199215
ECS,Europe & Central Asia,2014,wb_unemployment_pct,8.94532051297809
ECS,Europe & Central Asia,2015,wb_unemployment_pct,8.55823248897774
ECS,Europe & Central Asia,2016,wb_unemployment_pct,8.07810956714781
ECS,Europe & Central Asia,2017,wb_unemployment_pct,7.48554226672131
ECS,Europe & Central Asia,2018,wb_unemployment_pct,6.87656497801786
ECS,Europe & Central Asia,2019,wb_unemployment_pct,6.62369460842729
ECS,Europe & Central Asia,2020,wb_unemployment_pct,7.09507940679226
ECS,Europe & Central Asia,2021,wb_unemployment_pct,6.90011121093882
ECS,Europe & Central Asia,2022,wb_unemployment_pct,5.8460641099346
ECS,Europe & Central Asia,2023,wb_unemployment_pct,5.55238526456095
ECS,Europe & Central Asia,2024,wb_unemployment_pct,5.37221817940181
ECS,Europe & Central Asia,2025,wb_unemployment_pct,5.35931988514529
GEO,Georgia,1991,wb_unemployment_pct,2.7
GEO,Georgia,1992,wb_unemployment_pct,5.4
GEO,Georgia,1993,wb_unemployment_pct,5.4
GEO,Georgia,1994,wb_unemployment_pct,8.4
GEO,Georgia,1995,wb_unemployment_pct,7.6
GEO,Georgia,1996,wb_unemployment_pct,11.5
GEO,Georgia,1997,wb_unemployment_pct,11.5
GEO,Georgia,1998,wb_unemployment_pct,14.53
GEO,Georgia,1999,wb_unemployment_pct,13.8
GEO,Georgia,2000,wb_unemployment_pct,10.82
GEO,Georgia,2001,wb_unemployment_pct,11.16
GEO,Georgia,2002,wb_unemployment_pct,12.59
GEO,Georgia,2003,wb_unemployment_pct,11.51
GEO,Georgia,2004,wb_unemployment_pct,12.62
GEO,Georgia,2005,wb_unemployment_pct,13.81
GEO,Georgia,2006,wb_unemployment_pct,13.57
GEO,Georgia,2007,wb_unemployment_pct,13.28
GEO,Georgia,2008,wb_unemployment_pct,17.87
GEO,Georgia,2009,wb_unemployment_pct,20.71
GEO,Georgia,2010,wb_unemployment_pct,20.203
GEO,Georgia,2011,wb_unemployment_pct,19.632
GEO,Georgia,2012,wb_unemployment_pct,19.653
GEO,Georgia,2013,wb_unemployment_pct,19.416
GEO,Georgia,2014,wb_unemployment_pct,17.439
GEO,Georgia,2015,wb_unemployment_pct,16.506
GEO,Georgia,2016,wb_unemployment_pct,16.604
GEO,Georgia,2017,wb_unemployment_pct,13.939
GEO,Georgia,2018,wb_unemployment_pct,12.667
GEO,Georgia,2019,wb_unemployment_pct,11.565
GEO,Georgia,2020,wb_unemployment_pct,11.734
GEO,Georgia,2021,wb_unemployment_pct,11.785
GEO,Georgia,2022,wb_unemployment_pct,11.621
GEO,Georgia,2023,wb_unemployment_pct,11.549
GEO,Georgia,2024,wb_unemployment_pct,11.557
GEO,Georgia,2025,wb_unemployment_pct,12.097
KAZ,Kazakhstan,1991,wb_unemployment_pct,0.9
KAZ,Kazakhstan,1992,wb_unemployment_pct,1.0
KAZ,Kazakhstan,1993,wb_unemployment_pct,1.11
KAZ,Kazakhstan,1994,wb_unemployment_pct,7.54
KAZ,Kazakhstan,1995,wb_unemployment_pct,10.98
KAZ,Kazakhstan,1996,wb_unemployment_pct,12.96
KAZ,Kazakhstan,1997,wb_unemployment_pct,13.01
KAZ,Kazakhstan,1998,wb_unemployment_pct,13.13
KAZ,Kazakhstan,1999,wb_unemployment_pct,13.46
KAZ,Kazakhstan,2000,wb_unemployment_pct,12.75
KAZ,Kazakhstan,2001,wb_unemployment_pct,10.43
KAZ,Kazakhstan,2002,wb_unemployment_pct,9.33
KAZ,Kazakhstan,2003,wb_unemployment_pct,8.78
KAZ,Kazakhstan,2004,wb_unemployment_pct,8.4
KAZ,Kazakhstan,2005,wb_unemployment_pct,8.13
KAZ,Kazakhstan,2006,wb_unemployment_pct,7.79
KAZ,Kazakhstan,2007,wb_unemployment_pct,7.26
KAZ,Kazakhstan,2008,wb_unemployment_pct,6.63
KAZ,Kazakhstan,2009,wb_unemployment_pct,6.55
KAZ,Kazakhstan,2010,wb_unemployment_pct,5.77
KAZ,Kazakhstan,2011,wb_unemployment_pct,5.39
KAZ,Kazakhstan,2012,wb_unemployment_pct,5.29
KAZ,Kazakhstan,2013,wb_unemployment_pct,5.2
KAZ,Kazakhstan,2014,wb_unemployment_pct,5.06
KAZ,Kazakhstan,2015,wb_unemployment_pct,4.93
KAZ,Kazakhstan,2016,wb_unemployment_pct,4.96
KAZ,Kazakhstan,2017,wb_unemployment_pct,4.9
KAZ,Kazakhstan,2018,wb_unemployment_pct,4.85
KAZ,Kazakhstan,2019,wb_unemployment_pct,4.8
KAZ,Kazakhstan,2020,wb_unemployment_pct,4.89
KAZ,Kazakhstan,2021,wb_unemployment_pct,5.568
KAZ,Kazakhstan,2022,wb_unemployment_pct,4.86
KAZ,Kazakhstan,2023,wb_unemployment_pct,4.835
KAZ,Kazakhstan,2024,wb_unemployment_pct,4.833
KAZ,Kazakhstan,2025,wb_unemployment_pct,4.771
KGZ,Kyrgyz Republic,1991,wb_unemployment_pct,1.0
KGZ,Kyrgyz Republic,1992,wb_unemployment_pct,1.1
KGZ,Kyrgyz Republic,1993,wb_unemployment_pct,1.258
KGZ,Kyrgyz Republic,1994,wb_unemployment_pct,1.41
KGZ,Kyrgyz Republic,1995,wb_unemployment_pct,1.539
KGZ,Kyrgyz Republic,1996,wb_unemployment_pct,1.647
KGZ,Kyrgyz Republic,1997,wb_unemployment_pct,1.739
KGZ,Kyrgyz Republic,1998,wb_unemployment_pct,1.861
KGZ,Kyrgyz Republic,1999,wb_unemployment_pct,2.001
KGZ,Kyrgyz Republic,2000,wb_unemployment_pct,2.143
KGZ,Kyrgyz Republic,2001,wb_unemployment_pct,2.273
KGZ,Kyrgyz Republic,2002,wb_unemployment_pct,2.416
KGZ,Kyrgyz Republic,2003,wb_unemployment_pct,2.548
KGZ,Kyrgyz Republic,2004,wb_unemployment_pct,2.68
KGZ,Kyrgyz Republic,2005,wb_unemployment_pct,2.816
KGZ,Kyrgyz Republic,2006,wb_unemployment_pct,2.962
KGZ,Kyrgyz Republic,2007,wb_unemployment_pct,3.094
KGZ,Kyrgyz Republic,2008,wb_unemployment_pct,3.207
KGZ,Kyrgyz Republic,2009,wb_unemployment_pct,3.343
KGZ,Kyrgyz Republic,2010,wb_unemployment_pct,3.503
KGZ,Kyrgyz Republic,2011,wb_unemployment_pct,3.644
KGZ,Kyrgyz Republic,2012,wb_unemployment_pct,3.786
KGZ,Kyrgyz Republic,2013,wb_unemployment_pct,3.881
KGZ,Kyrgyz Republic,2014,wb_unemployment_pct,4.02
KGZ,Kyrgyz Republic,2015,wb_unemployment_pct,4.138
KGZ,Kyrgyz Republic,2016,wb_unemployment_pct,4.294
KGZ,Kyrgyz Republic,2017,wb_unemployment_pct,4.425
KGZ,Kyrgyz Republic,2018,wb_unemployment_pct,4.559
KGZ,Kyrgyz Republic,2019,wb_unemployment_pct,5.45
KGZ,Kyrgyz Republic,2020,wb_unemployment_pct,5.945
KGZ,Kyrgyz Republic,2021,wb_unemployment_pct,5.149
KGZ,Kyrgyz Republic,2022,wb_unemployment_pct,4.767
KGZ,Kyrgyz Republic,2023,wb_unemployment_pct,3.498
KGZ,Kyrgyz Republic,2024,wb_unemployment_pct,3.491
KGZ,Kyrgyz Republic,2025,wb_unemployment_pct,3.526
MNG,Mongolia,1991,wb_unemployment_pct,5.665
MNG,Mongolia,1992,wb_unemployment_pct,5.857
MNG,Mongolia,1993,wb_unemployment_pct,5.859
MNG,Mongolia,1994,wb_unemployment_pct,5.709
MNG,Mongolia,1995,wb_unemployment_pct,5.5
MNG,Mongolia,1996,wb_unemployment_pct,5.53
MNG,Mongolia,1997,wb_unemployment_pct,5.608
MNG,Mongolia,1998,wb_unemployment_pct,5.752
MNG,Mongolia,1999,wb_unemployment_pct,5.844
MNG,Mongolia,2000,wb_unemployment_pct,5.992
MNG,Mongolia,2001,wb_unemployment_pct,6.111
MNG,Mongolia,2002,wb_unemployment_pct,6.2
MNG,Mongolia,2003,wb_unemployment_pct,6.768
MNG,Mongolia,2004,wb_unemployment_pct,6.851
MNG,Mongolia,2005,wb_unemployment_pct,7.015
MNG,Mongolia,2006,wb_unemployment_pct,7.193
MNG,Mongolia,2007,wb_unemployment_pct,7.2
MNG,Mongolia,2008,wb_unemployment_pct,5.565
MNG,Mongolia,2009,wb_unemployment_pct,5.86
MNG,Mongolia,2010,wb_unemployment_pct,6.549
MNG,Mongolia,2011,wb_unemployment_pct,4.769
MNG,Mongolia,2012,wb_unemployment_pct,3.905
MNG,Mongolia,2013,wb_unemployment_pct,4.231
MNG,Mongolia,2014,wb_unemployment_pct,4.798
MNG,Mongolia,2015,wb_unemployment_pct,4.861
MNG,Mongolia,2016,wb_unemployment_pct,7.235
MNG,Mongolia,2017,wb_unemployment_pct,6.359
MNG,Mongolia,2018,wb_unemployment_pct,5.377
MNG,Mongolia,2019,wb_unemployment_pct,9.024
MNG,Mongolia,2020,wb_unemployment_pct,6.413
MNG,Mongolia,2021,wb_unemployment_pct,7.871
MNG,Mongolia,2022,wb_unemployment_pct,5.954
MNG,Mongolia,2023,wb_unemployment_pct,5.178
MNG,Mongolia,2024,wb_unemployment_pct,5.158
MNG,Mongolia,2025,wb_unemployment_pct,5.233
TJK,Tajikistan,1991,wb_unemployment_pct,1.823
TJK,Tajikistan,1992,wb_unemployment_pct,1.85
TJK,Tajikistan,1993,wb_unemployment_pct,2.65
TJK,Tajikistan,1994,wb_unemployment_pct,3.15
TJK,Tajikistan,1995,wb_unemployment_pct,3.45
TJK,Tajikistan,1996,wb_unemployment_pct,4.05
TJK,Tajikistan,1997,wb_unemployment_pct,4.15
TJK,Tajikistan,1998,wb_unemployment_pct,4.65
TJK,Tajikistan,1999,wb_unemployment_pct,4.45
TJK,Tajikistan,2000,wb_unemployment_pct,4.15
TJK,Tajikistan,2001,wb_unemployment_pct,3.75
TJK,Tajikistan,2002,wb_unemployment_pct,3.95
TJK,Tajikistan,2003,wb_unemployment_pct,3.85
TJK,Tajikistan,2004,wb_unemployment_pct,3.45
TJK,Tajikistan,2005,wb_unemployment_pct,3.45
TJK,Tajikistan,2006,wb_unemployment_pct,3.65
TJK,Tajikistan,2007,wb_unemployment_pct,2.874
TJK,Tajikistan,2008,wb_unemployment_pct,4.942
TJK,Tajikistan,2009,wb_unemployment_pct,7.028
TJK,Tajikistan,2010,wb_unemployment_pct,7.037
TJK,Tajikistan,2011,wb_unemployment_pct,7.04
TJK,Tajikistan,2012,wb_unemployment_pct,7.022
TJK,Tajikistan,2013,wb_unemployment_pct,7.019
TJK,Tajikistan,2014,wb_unemployment_pct,7.024
TJK,Tajikistan,2015,wb_unemployment_pct,7.033
TJK,Tajikistan,2016,wb_unemployment_pct,7.036
TJK,Tajikistan,2017,wb_unemployment_pct,7.035
TJK,Tajikistan,2018,wb_unemployment_pct,7.028
TJK,Tajikistan,2019,wb_unemployment_pct,7.026
TJK,Tajikistan,2020,wb_unemployment_pct,7.576
TJK,Tajikistan,2021,wb_unemployment_pct,7.687
TJK,Tajikistan,2022,wb_unemployment_pct,7.051
TJK,Tajikistan,2023,wb_unemployment_pct,7.037
TJK,Tajikistan,2024,wb_unemployment_pct,7.041
TJK,Tajikistan,2025,wb_unemployment_pct,6.931
TKM,Turkmenistan,1991,wb_unemployment_pct,1.4
TKM,Turkmenistan,1992,wb_unemployment_pct,1.5
TKM,Turkmenistan,1993,wb_unemployment_pct,1.5
TKM,Turkmenistan,1994,wb_unemployment_pct,4.7
TKM,Turkmenistan,1995,wb_unemployment_pct,8.3
TKM,Turkmenistan,1996,wb_unemployment_pct,10.3
TKM,Turkmenistan,1997,wb_unemployment_pct,11.0
TKM,Turkmenistan,1998,wb_unemployment_pct,12.2
TKM,Turkmenistan,1999,wb_unemployment_pct,12.7
TKM,Turkmenistan,2000,wb_unemployment_pct,11.73
TKM,Turkmenistan,2001,wb_unemployment_pct,10.898
TKM,Turkmenistan,2002,wb_unemployment_pct,10.141
TKM,Turkmenistan,2003,wb_unemployment_pct,9.289
TKM,Turkmenistan,2004,wb_unemployment_pct,8.419
TKM,Turkmenistan,2005,wb_unemployment_pct,7.495
TKM,Turkmenistan,2006,wb_unemployment_pct,6.601
TKM,Turkmenistan,2007,wb_unemployment_pct,5.719
TKM,Turkmenistan,2008,wb_unemployment_pct,4.852
TKM,Turkmenistan,2009,wb_unemployment_pct,4.0
TKM,Turkmenistan,2010,wb_unemployment_pct,4.0
TKM,Turkmenistan,2011,wb_unemployment_pct,4.003
TKM,Turkmenistan,2012,wb_unemployment_pct,3.994
TKM,Turkmenistan,2013,wb_unemployment_pct,3.993
TKM,Turkmenistan,2014,wb_unemployment_pct,4.005
TKM,Turkmenistan,2015,wb_unemployment_pct,4.016
TKM,Turkmenistan,2016,wb_unemployment_pct,4.026
TKM,Turkmenistan,2017,wb_unemployment_pct,4.035
TKM,Turkmenistan,2018,wb_unemployment_pct,4.036
TKM,Turkmenistan,2019,wb_unemployment_pct,4.035
TKM,Turkmenistan,2020,wb_unemployment_pct,4.489
TKM,Turkmenistan,2021,wb_unemployment_pct,4.458
TKM,Turkmenistan,2022,wb_unemployment_pct,4.017
TKM,Turkmenistan,2023,wb_unemployment_pct,4.007
TKM,Turkmenistan,2024,wb_unemployment_pct,4.02
TKM,Turkmenistan,2025,wb_unemployment_pct,4.267
UZB,Uzbekistan,1991,wb_unemployment_pct,1.9
UZB,Uzbekistan,1992,wb_unemployment_pct,2.9
UZB,Uzbekistan,1993,wb_unemployment_pct,4.9
UZB,Uzbekistan,1994,wb_unemployment_pct,7.3
UZB,Uzbekistan,1995,wb_unemployment_pct,7.8
UZB,Uzbekistan,1996,wb_unemployment_pct,10.7
UZB,Uzbekistan,1997,wb_unemployment_pct,10.9
UZB,Uzbekistan,1998,wb_unemployment_pct,13.3
UZB,Uzbekistan,1999,wb_unemployment_pct,13.3
UZB,Uzbekistan,2000,wb_unemployment_pct,12.301
UZB,Uzbekistan,2001,wb_unemployment_pct,11.279
UZB,Uzbekistan,2002,wb_unemployment_pct,10.256
UZB,Uzbekistan,2003,wb_unemployment_pct,9.22
UZB,Uzbekistan,2004,wb_unemployment_pct,8.152
UZB,Uzbekistan,2005,wb_unemployment_pct,7.092
UZB,Uzbekistan,2006,wb_unemployment_pct,6.035
UZB,Uzbekistan,2007,wb_unemployment_pct,4.99
UZB,Uzbekistan,2008,wb_unemployment_pct,4.89
UZB,Uzbekistan,2009,wb_unemployment_pct,5.04
UZB,Uzbekistan,2010,wb_unemployment_pct,5.36
UZB,Uzbekistan,2011,wb_unemployment_pct,4.96
UZB,Uzbekistan,2012,wb_unemployment_pct,4.87
UZB,Uzbekistan,2013,wb_unemployment_pct,4.86
UZB,Uzbekistan,2014,wb_unemployment_pct,5.09
UZB,Uzbekistan,2015,wb_unemployment_pct,5.15
UZB,Uzbekistan,2016,wb_unemployment_pct,5.16
UZB,Uzbekistan,2017,wb_unemployment_pct,5.83
UZB,Uzbekistan,2018,wb_unemployment_pct,5.392
UZB,Uzbekistan,2019,wb_unemployment_pct,4.936
UZB,Uzbekistan,2020,wb_unemployment_pct,5.293
UZB,Uzbekistan,2021,wb_unemployment_pct,5.364
UZB,Uzbekistan,2022,wb_unemployment_pct,4.456
UZB,Uzbekistan,2023,wb_unemployment_pct,4.434
UZB,Uzbekistan,2024,wb_unemployment_pct,4.439
UZB,Uzbekistan,2025,wb_unemployment_pct,4.622
VNM,Viet Nam,1991,wb_unemployment_pct,2.14
VNM,Viet Nam,1992,wb_unemployment_pct,2.109
VNM,Viet Nam,1993,wb_unemployment_pct,2.037
VNM,Viet Nam,1994,wb_unemployment_pct,1.972
VNM,Viet Nam,1995,wb_unemployment_pct,1.955
VNM,Viet Nam,1996,wb_unemployment_pct,1.93
VNM,Viet Nam,1997,wb_unemployment_pct,2.87
VNM,Viet Nam,1998,wb_unemployment_pct,2.29
VNM,Viet Nam,1999,wb_unemployment_pct,2.33
VNM,Viet Nam,2000,wb_unemployment_pct,2.26
VNM,Viet Nam,2001,wb_unemployment_pct,2.76
VNM,Viet Nam,2002,wb_unemployment_pct,2.12
VNM,Viet Nam,2003,wb_unemployment_pct,2.25
VNM,Viet Nam,2004,wb_unemployment_pct,2.14
VNM,Viet Nam,2005,wb_unemployment_pct,2.078
VNM,Viet Nam,2006,wb_unemployment_pct,2.046
VNM,Viet Nam,2007,wb_unemployment_pct,2.026
VNM,Viet Nam,2008,wb_unemployment_pct,1.889
VNM,Viet Nam,2009,wb_unemployment_pct,1.737
VNM,Viet Nam,2010,wb_unemployment_pct,1.114
VNM,Viet Nam,2011,wb_unemployment_pct,0.999
VNM,Viet Nam,2012,wb_unemployment_pct,1.027
VNM,Viet Nam,2013,wb_unemployment_pct,1.316
VNM,Viet Nam,2014,wb_unemployment_pct,1.256
VNM,Viet Nam,2015,wb_unemployment_pct,1.848
VNM,Viet Nam,2016,wb_unemployment_pct,1.848
VNM,Viet Nam,2017,wb_unemployment_pct,1.874
VNM,Viet Nam,2018,wb_unemployment_pct,1.161
VNM,Viet Nam,2019,wb_unemployment_pct,1.681
VNM,Viet Nam,2020,wb_unemployment_pct,2.103
VNM,Viet Nam,2021,wb_unemployment_pct,2.383
VNM,Viet Nam,2022,wb_unemployment_pct,1.57
VNM,Viet Nam,2023,wb_unemployment_pct,1.645
VNM,Viet Nam,2024,wb_unemployment_pct,1.602
VNM,Viet Nam,2025,wb_unemployment_pct,1.523
XN,Lower middle income,1991,wb_unemployment_pct,6.27763808108202
XN,Lower middle income,1992,wb_unemployment_pct,6.27342538151348
XN,Lower middle income,1993,wb_unemployment_pct,6.39480966561725
XN,Lower middle income,1994,wb_unemployment_pct,6.41400336594453
XN,Lower middle income,1995,wb_unemployment_pct,6.4322803351256
XN,Lower middle income,1996,wb_unemployment_pct,6.37600769762175
XN,Lower middle income,1997,wb_unemployment_pct,6.36894933628588
XN,Lower middle income,1998,wb_unemployment_pct,6.40244796685833
XN,Lower middle income,1999,wb_unemployment_pct,6.48785481144387
XN,Lower middle income,2000,wb_unemployment_pct,6.51091230520836
XN,Lower middle income,2001,wb_unemployment_pct,6.50399927324373
XN,Lower middle income,2002,wb_unemployment_pct,6.57940223280792
XN,Lower middle income,2003,wb_unemployment_pct,6.58965998612598
XN,Lower middle income,2004,wb_unemployment_pct,6.48629456582569
XN,Lower middle income,2005,wb_unemployment_pct,6.39814038693
XN,Lower middle income,2006,wb_unemployment_pct,6.25064125113883
XN,Lower middle income,2007,wb_unemployment_pct,6.1604873702491
XN,Lower middle income,2008,wb_unemployment_pct,6.18448761271065
XN,Lower middle income,2009,wb_unemployment_pct,6.24199736272978
XN,Lower middle income,2010,wb_unemployment_pct,6.16608125522985
XN,Lower middle income,2011,wb_unemployment_pct,6.27731511483382
XN,Lower middle income,2012,wb_unemployment_pct,6.4803901072349
XN,Lower middle income,2013,wb_unemployment_pct,6.45704652862978
XN,Lower middle income,2014,wb_unemployment_pct,6.37232192580877
XN,Lower middle income,2015,wb_unemployment_pct,6.50959624268599
XN,Lower middle income,2016,wb_unemployment_pct,6.39025580143606
XN,Lower middle income,2017,wb_unemployment_pct,6.47118842422572
XN,Lower middle income,2018,wb_unemployment_pct,6.50468294481071
XN,Lower middle income,2019,wb_unemployment_pct,5.93973395532034
XN,Lower middle income,2020,wb_unemployment_pct,7.01028456505462
XN,Lower middle income,2021,wb_unemployment_pct,6.2565962013459
XN,Lower middle income,2022,wb_unemployment_pct,4.99827575124402
XN,Lower middle income,2023,wb_unemployment_pct,4.44638060849243
XN,Lower middle income,2024,wb_unemployment_pct,4.47150579245463
XN,Lower middle income,2025,wb_unemployment_pct,4.50434385605843
XT,Upper middle income,1991,wb_unemployment_pct,3.77649413780259
XT,Upper middle income,1992,wb_unemployment_pct,3.85487912986685
XT,Upper middle income,1993,wb_unemployment_pct,4.07605395620867
XT,Upper middle income,1994,wb_unemployment_pct,4.47359398210564
XT,Upper middle income,1995,wb_unemployment_pct,4.85948587608005
XT,Upper middle income,1996,wb_unemployment_pct,5.02054476197626
XT,Upper middle income,1997,wb_unemployment_pct,5.08286012255765
XT,Upper middle income,1998,wb_unemployment_pct,5.34643900852976
XT,Upper middle income,1999,wb_unemployment_pct,5.59898722126335
XT,Upper middle income,2000,wb_unemployment_pct,5.5440284421365
XT,Upper middle income,2001,wb_unemployment_pct,5.80136022985993
XT,Upper middle income,2002,wb_unemployment_pct,6.09771736070604
XT,Upper middle income,2003,wb_unemployment_pct,6.20263523475666
XT,Upper middle income,2004,wb_unemployment_pct,6.05455318877558
XT,Upper middle income,2005,wb_unemployment_pct,6.04628742550639
XT,Upper middle income,2006,wb_unemployment_pct,5.81135995546678
XT,Upper middle income,2007,wb_unemployment_pct,5.70858976228737
XT,Upper middle income,2008,wb_unemployment_pct,5.67683744867821
XT,Upper middle income,2009,wb_unemployment_pct,5.97493735808703
XT,Upper middle income,2010,wb_unemployment_pct,5.65648139349247
XT,Upper middle income,2011,wb_unemployment_pct,5.46548968228103
XT,Upper middle income,2012,wb_unemployment_pct,5.37033176143252
XT,Upper middle income,2013,wb_unemployment_pct,5.33490578969923
XT,Upper middle income,2014,wb_unemployment_pct,5.34707785695012
XT,Upper middle income,2015,wb_unemployment_pct,5.55781700600781
XT,Upper middle income,2016,wb_unemployment_pct,5.7624084064723
XT,Upper middle income,2017,wb_unemployment_pct,5.77337201527055
XT,Upper middle income,2018,wb_unemployment_pct,5.67121545409166
XT,Upper middle income,2019,wb_unemployment_pct,5.80585688987594
XT,Upper middle income,2020,wb_unemployment_pct,6.47637385311808
XT,Upper middle income,2021,wb_unemployment_pct,6.15372931005527
XT,Upper middle income,2022,wb_unemployment_pct,5.75041485644261
XT,Upper middle income,2023,wb_unemployment_pct,5.36297560426889
XT,Upper middle income,2024,wb_unemployment_pct,5.26143156011161
XT,Upper middle income,2025,wb_unemployment_pct,5.18391394822957
